{
  "name": "Timesheet",
  "attributes": [
    {
      "name": "_code",
      "type": "Text",
      "isSystem": true,
      "isReadOnly": true,
      "description": null,
      "multiplicity": {
        "lower": 1,
        "upper": 1
      },
      "aggregationKind": "None",
      "isSensitiveData": null,
      "dependsOnAttribute": null
    },
    {
      "name": "_serie",
      "type": "TimesheetSerie",
      "isSystem": true,
      "isReadOnly": true,
      "description": null,
      "multiplicity": {
        "lower": 1,
        "upper": 1
      },
      "aggregationKind": "Shared",
      "isSensitiveData": null,
      "dependsOnAttribute": null
    },
    {
      "name": "_number",
      "type": "Integer",
      "isSystem": true,
      "isReadOnly": true,
      "description": null,
      "multiplicity": {
        "lower": 0,
        "upper": 1
      },
      "aggregationKind": "None",
      "isSensitiveData": null,
      "dependsOnAttribute": null
    },
    {
      "name": "_date",
      "type": "Date",
      "isSystem": true,
      "isReadOnly": true,
      "description": null,
      "multiplicity": {
        "lower": 1,
        "upper": 1
      },
      "aggregationKind": "None",
      "isSensitiveData": null,
      "dependsOnAttribute": null
    },
    {
      "name": "Author",
      "type": "TeamPlayer",
      "isSystem": false,
      "isReadOnly": true,
      "description": "",
      "multiplicity": {
        "lower": 1,
        "upper": 1
      },
      "aggregationKind": "Shared",
      "isSensitiveData": false,
      "dependsOnAttribute": ""
    },
    {
      "name": "WorkDate",
      "type": "Date",
      "isSystem": false,
      "isReadOnly": false,
      "description": "",
      "multiplicity": {
        "lower": 1,
        "upper": 1
      },
      "aggregationKind": "None",
      "isSensitiveData": false,
      "dependsOnAttribute": ""
    },
    {
      "name": "Project",
      "type": "Project",
      "isSystem": false,
      "isReadOnly": false,
      "description": "",
      "multiplicity": {
        "lower": 1,
        "upper": 1
      },
      "aggregationKind": "Shared",
      "isSensitiveData": false,
      "dependsOnAttribute": ""
    },
    {
      "name": "Customer",
      "type": "Customer",
      "isSystem": false,
      "isReadOnly": true,
      "description": "",
      "multiplicity": {
        "lower": 1,
        "upper": 1
      },
      "aggregationKind": "Shared",
      "isSensitiveData": false,
      "dependsOnAttribute": ""
    },
    {
      "name": "LaborRecords",
      "type": "ExecutedLabor",
      "isSystem": false,
      "isReadOnly": false,
      "description": "",
      "multiplicity": {
        "lower": 0,
        "upper": 100
      },
      "aggregationKind": "Composite",
      "isSensitiveData": false,
      "dependsOnAttribute": ""
    },
    {
      "name": "TotalLabor",
      "type": "Decimal",
      "isSystem": false,
      "isReadOnly": true,
      "description": "",
      "multiplicity": {
        "lower": 1,
        "upper": 1
      },
      "aggregationKind": "None",
      "isSensitiveData": false,
      "dependsOnAttribute": ""
    }
  ],
  "dataSource": "System",
  "description": "",
  "dataBehaviours": [],
  "entityBehaviours": [
    {
      "name": "Defaults",
      "type": "Initialize",
      "attribute": null,
      "expression": "if(!_Context.Operation.IsNew) return; \r\nthis._code = Guid.NewGuid().ToString(\"N\"); \r\nthis._date = DateTime.Today;\r\nthis.WorkDate = DateTime.Today;\r\n\r\nvar httpClient = _Context.CreateApplicationHttpClient();\r\nvar serieRequest = httpClient.PostAsJsonAsync($\"Queries/{this.GetType().Name}SerieQuery/Default?PageSize=1\",\r\n        new { Filter = new { Property = \"_inactive\", Value = false } })\r\n    .GetAwaiter().GetResult();\r\n\r\nif (serieRequest.IsSuccessStatusCode)\r\n{\r\n    var serieRequestData = serieRequest.Content.ReadAsAsync<List<Dictionary<string, object>>>()\r\n                            .GetAwaiter().GetResult();\r\n\r\n    if(serieRequestData.Any())\r\n        this._serie = serieRequestData.First()[\"_code\"].ToString();\r\n}\r\n\r\nvar requestResult = httpClient.PostAsJsonAsync(\"queries/TeamPlayerQuery/Default\", new\r\n{\r\n    Filter = new\r\n        {\r\n            Property = \"Username\",\r\n            Value = this._Context.Authentication.Username\r\n        }\r\n}).Result;\r\n\r\n\r\nvar result = requestResult.Content.ReadAsAsync<List<Dictionary<string, object>>>().Result?.FirstOrDefault();\r\n\r\nif (result == null)\r\n    throw new Exception($\"No employee associated to current user ({this._Context.Authentication.Username})\");\r\nthis.Author = result[\"_code\"].ToString();",
      "description": null
    },
    {
      "name": "OnChange_Project",
      "type": "Action",
      "attribute": "Project",
      "expression": "if (string.IsNullOrEmpty(newValue)) {\r\n    Customer = \"\";\r\n    return;    \r\n}\r\n\r\n// Code generated by an accelerator (you can change it if you need)\r\n// The following code invokes the API to retrieve the data of an entity and set the values in the current entity\r\nif(string.IsNullOrEmpty(this.Project?.ToString()))\r\n    return;\r\n\r\n// In order to prevent to invoke the API if the values were sent by the user\r\nif(\r\n    this._Dto.HasPropertyChanged(nameof(this.Customer))  \r\n)\r\n    return;\r\n\r\nvar httpClient = this._Context.CreateApplicationHttpClient();\r\nvar requestResult = httpClient.GetAsync($\"Project/Default/{this.Project}\").GetAwaiter().GetResult();\r\n\r\nif (!requestResult.IsSuccessStatusCode)\r\n    throw new Exception($\"Can't retrieve the entity '{this.Project}'\");\r\n\r\nvar entity = requestResult.Content.ReadAsAsync<ProjectDto>().GetAwaiter().GetResult();\r\n\r\nthis.Customer = entity.Customer; \r\n",
      "description": ""
    },
    {
      "name": "Formula_TotalLabor",
      "type": "Formula",
      "attribute": "TotalLabor",
      "expression": "return LaborRecords.Sum(l => l._quantity);",
      "description": ""
    },
    {
      "name": "AfterChange",
      "type": "AfterChange",
      "attribute": null,
      "expression": "LaborRecords.ForEach(a => {\r\n    a._receiver = Customer;\r\n    a._provider = Author;\r\n});",
      "description": ""
    }
  ],
  "behaviourNamespaces": []
}