{
  "name": "Application",
  "policies": [],
  "description": "Application authorization policy.",
  "permissions": [
    {
      "name": "EmployeeDashboard_read",
      "roles": [
        "Administration"
      ],
      "description": "Read permission for EmployeeDashboard."
    },
    {
      "name": "EmployeeQuery_read",
      "roles": [
        "Administration",
        "Employee",
        "Validator"
      ],
      "description": "Read permission for EmployeeQuery."
    },
    {
      "name": "EmployeeForm_read",
      "roles": [
        "Administration"
      ],
      "description": "Read permission for EmployeeForm."
    },
    {
      "name": "Employee_read",
      "roles": [
        "Administration",
        "Employee",
        "Validator"
      ],
      "description": "Read permission for Employee."
    },
    {
      "name": "Employee_write",
      "roles": [
        "Administration"
      ],
      "description": "Write permission for Employee."
    },
    {
      "name": "Employee_delete",
      "roles": [
        "Administration"
      ],
      "description": "Delete permission for Employee."
    },
    {
      "name": "Employee_destroy",
      "roles": [
        "Administration"
      ],
      "description": "Destroy Sensitive Data permission for Employee."
    },
    {
      "name": "EmployeeVote_read",
      "roles": [
        "Administration"
      ],
      "description": "Read permission for EmployeeVote."
    },
    {
      "name": "EmployeeVote_write",
      "roles": [
        "Administration"
      ],
      "description": "Write permission for EmployeeVote."
    },
    {
      "name": "EmployeeVote_delete",
      "roles": [
        "Administration"
      ],
      "description": "Delete permission for EmployeeVote."
    },
    {
      "name": "EmployeeVote_destroy",
      "roles": [
        "Administration"
      ],
      "description": "Destroy Sensitive Data permission for EmployeeVote."
    },
    {
      "name": "IdeaDashboard_read",
      "roles": [
        "Administration",
        "Employee",
        "Validator"
      ],
      "description": "Read permission for IdeaDashboard."
    },
    {
      "name": "IdeaQuery_read",
      "roles": [
        "Administration",
        "Employee",
        "Validator"
      ],
      "description": "Read permission for IdeaQuery."
    },
    {
      "name": "IdeaForm_read",
      "roles": [
        "Administration"
      ],
      "description": "Read permission for IdeaForm."
    },
    {
      "name": "Idea_read",
      "roles": [
        "Administration",
        "Employee",
        "Validator"
      ],
      "description": "Read permission for Idea."
    },
    {
      "name": "Idea_write",
      "roles": [
        "Administration",
        "Employee",
        "Validator"
      ],
      "description": "Write permission for Idea."
    },
    {
      "name": "Idea_delete",
      "roles": [
        "Administration"
      ],
      "description": "Delete permission for Idea."
    },
    {
      "name": "Idea_destroy",
      "roles": [
        "Administration"
      ],
      "description": "Destroy Sensitive Data permission for Idea."
    },
    {
      "name": "IdeaSerieDashboard_read",
      "roles": [
        "Administration"
      ],
      "description": "Read permission for IdeaSerieDashboard."
    },
    {
      "name": "IdeaSerieQuery_read",
      "roles": [
        "Administration",
        "Employee",
        "Validator"
      ],
      "description": "Read permission for IdeaSerieQuery."
    },
    {
      "name": "IdeaSerieForm_read",
      "roles": [
        "Administration"
      ],
      "description": "Read permission for IdeaSerieForm."
    },
    {
      "name": "IdeaSerie_read",
      "roles": [
        "Administration",
        "Employee",
        "Validator"
      ],
      "description": "Read permission for IdeaSerie."
    },
    {
      "name": "IdeaSerie_write",
      "roles": [
        "Administration"
      ],
      "description": "Write permission for IdeaSerie."
    },
    {
      "name": "IdeaSerie_delete",
      "roles": [
        "Administration"
      ],
      "description": "Delete permission for IdeaSerie."
    },
    {
      "name": "IdeaSerie_destroy",
      "roles": [
        "Administration"
      ],
      "description": "Destroy Sensitive Data permission for IdeaSerie."
    },
    {
      "name": "System_read",
      "roles": [
        "Administration"
      ],
      "description": "Read permission for System."
    },
    {
      "name": "System_write",
      "roles": [
        "Administration"
      ],
      "description": "Write permission for System."
    },
    {
      "name": "System_delete",
      "roles": [
        "Administration"
      ],
      "description": "Delete permission for System."
    },
    {
      "name": "System_destroy",
      "roles": [
        "Administration"
      ],
      "description": "Destroy Sensitive Data permission for System."
    },
    {
      "name": "Home_read",
      "roles": [
        "Administration"
      ],
      "description": "Read permission for Home."
    },
    {
      "name": "CompanyDashboard_read",
      "roles": [
        "Administration"
      ],
      "description": "Read permission for CompanyDashboard."
    },
    {
      "name": "CompanyQuery_read",
      "roles": [
        "Administration",
        "Employee",
        "Validator"
      ],
      "description": "Read permission for CompanyQuery."
    },
    {
      "name": "CompanyForm_read",
      "roles": [
        "Administration"
      ],
      "description": "Read permission for CompanyForm."
    },
    {
      "name": "Company_read",
      "roles": [
        "Administration",
        "Employee",
        "Validator"
      ],
      "description": "Read permission for Company."
    },
    {
      "name": "Company_write",
      "roles": [
        "Administration"
      ],
      "description": "Write permission for Company."
    },
    {
      "name": "Company_delete",
      "roles": [
        "Administration"
      ],
      "description": "Delete permission for Company."
    },
    {
      "name": "Company_destroy",
      "roles": [
        "Administration"
      ],
      "description": "Destroy Sensitive Data permission for Company."
    },
    {
      "name": "EmployeeIdeaVote_read",
      "roles": [
        "Administration"
      ],
      "description": "Read permission for EmployeeIdeaVote."
    },
    {
      "name": "EmployeeIdeaVote_write",
      "roles": [
        "Administration"
      ],
      "description": "Write permission for EmployeeIdeaVote."
    },
    {
      "name": "EmployeeIdeaVote_delete",
      "roles": [
        "Administration"
      ],
      "description": "Delete permission for EmployeeIdeaVote."
    },
    {
      "name": "EmployeeIdeaVote_destroy",
      "roles": [
        "Administration"
      ],
      "description": "Destroy Sensitive Data permission for EmployeeIdeaVote."
    },
    {
      "name": "VoteDashboard_read",
      "roles": [
        "Administration"
      ],
      "description": "Read permission for VoteDashboard."
    },
    {
      "name": "VoteQuery_read",
      "roles": [
        "Administration",
        "Employee",
        "Validator"
      ],
      "description": "Read permission for VoteQuery."
    },
    {
      "name": "VoteForm_read",
      "roles": [
        "Administration"
      ],
      "description": "Read permission for VoteForm."
    },
    {
      "name": "Vote_read",
      "roles": [
        "Administration",
        "Employee",
        "Validator"
      ],
      "description": "Read permission for Vote."
    },
    {
      "name": "Vote_write",
      "roles": [
        "Administration"
      ],
      "description": "Write permission for Vote."
    },
    {
      "name": "Vote_delete",
      "roles": [
        "Administration"
      ],
      "description": "Delete permission for Vote."
    },
    {
      "name": "Vote_destroy",
      "roles": [
        "Administration"
      ],
      "description": "Destroy Sensitive Data permission for Vote."
    },
    {
      "name": "IdeaFormGuidelineDashboard_read",
      "roles": [
        "Administration",
        "Employee"
      ],
      "description": "Read permission for IdeaFormGuidelineDashboard."
    },
    {
      "name": "IdeaFormGuidelineQuery_read",
      "roles": [
        "Administration",
        "Employee"
      ],
      "description": "Read permission for IdeaFormGuidelineQuery."
    },
    {
      "name": "IdeaFormGuidelineForm_read",
      "roles": [
        "Administration",
        "Employee"
      ],
      "description": "Read permission for IdeaFormGuidelineForm."
    },
    {
      "name": "IdeaFormGuideline_read",
      "roles": [
        "Administration",
        "Employee"
      ],
      "description": "Read permission for IdeaFormGuideline."
    },
    {
      "name": "IdeaFormGuideline_write",
      "roles": [
        "Administration",
        "Employee"
      ],
      "description": "Write permission for IdeaFormGuideline."
    },
    {
      "name": "IdeaFormGuideline_delete",
      "roles": [
        "Administration",
        "Employee"
      ],
      "description": "Delete permission for IdeaFormGuideline."
    },
    {
      "name": "IdeaFormGuideline_destroy",
      "roles": [
        "Administration",
        "Employee"
      ],
      "description": "Destroy Sensitive Data permission for IdeaFormGuideline."
    },
    {
      "name": "IdeaGuidelineDashboard_read",
      "roles": [
        "Administration",
        "Employee"
      ],
      "description": "Read permission for IdeaGuidelineDashboard."
    },
    {
      "name": "IdeaGuidelineQuery_read",
      "roles": [
        "Administration",
        "Employee"
      ],
      "description": "Read permission for IdeaGuidelineQuery."
    },
    {
      "name": "IdeaGuidelineForm_read",
      "roles": [
        "Administration",
        "Employee"
      ],
      "description": "Read permission for IdeaGuidelineForm."
    },
    {
      "name": "IdeaGuideline_read",
      "roles": [
        "Administration",
        "Employee"
      ],
      "description": "Read permission for IdeaGuideline."
    },
    {
      "name": "IdeaGuideline_write",
      "roles": [
        "Administration",
        "Employee"
      ],
      "description": "Write permission for IdeaGuideline."
    },
    {
      "name": "IdeaGuideline_delete",
      "roles": [
        "Administration",
        "Employee"
      ],
      "description": "Delete permission for IdeaGuideline."
    },
    {
      "name": "IdeaGuideline_destroy",
      "roles": [
        "Administration",
        "Employee"
      ],
      "description": "Destroy Sensitive Data permission for IdeaGuideline."
    },
    {
      "name": "IdeasPendingEmployeeVote_read",
      "roles": [
        "Administration",
        "Employee"
      ],
      "description": "Read permission for IdeasPendingEmployeeVote."
    },
    {
      "name": "IdeasByMonth_read",
      "roles": [
        "Administration",
        "Employee"
      ],
      "description": "Read permission for IdeasByMonth."
    },
    {
      "name": "IdeasPerMonth_read",
      "roles": [
        "Administration",
        "Employee"
      ],
      "description": "Read permission for IdeasPerMonth."
    },
    {
      "name": "IdeaVoteRatio_read",
      "roles": [
        "Administration",
        "Employee"
      ],
      "description": "Read permission for IdeaVoteRatio."
    },
    {
      "name": "AbstentionRate_read",
      "roles": [
        "Administration",
        "Employee"
      ],
      "description": "Read permission for AbstentionRate."
    },
    {
      "name": "TopApprovedIdeas_read",
      "roles": [
        "Administration",
        "Employee"
      ],
      "description": "Read permission for TopApprovedIdeas."
    },
    {
      "name": "EmployeeIdeasOnReviewQuery_read",
      "roles": [
        "Administration",
        "Employee"
      ],
      "description": "Read permission for EmployeeIdeasOnReviewQuery."
    },
    {
      "name": "AbstentionRateByIdea_read",
      "roles": [
        "Administration",
        "Employee"
      ],
      "description": "Read permission for AbstentionRateByIdea."
    },
    {
      "name": "VoteRatioByIdea_read",
      "roles": [
        "Administration",
        "Employee",
        "Validator"
      ],
      "description": "Read permission for VoteRatioByIdea."
    },
    {
      "name": "CompanyValidatorsData_read",
      "roles": [
        "Administration",
        "Employee",
        "Validator"
      ],
      "description": "Read permission for CompanyValidatorsData."
    }
  ]
}