{
  "name": "BulletinsLibraryQuery",
  "joins": [],
  "table": {
    "alias": null,
    "filter": null,
    "definition": "DocumentVariables",
    "properties": [],
    "orderedProperties": []
  },
  "dataSource": "System",
  "expression": "SELECT DV._code AS libraryCode, BL._code, BL._description, BL.lastupdate, BL.file, 'DocumentVariables' AS doctype FROM vw_documentVariables DV\nINNER JOIN vw_documentVariables_bulletinsLibrary BL ON BL.identifier = DV.identifier\nWHERE BL._inactive = false",
  "description": ""
}