{
  "name": "DocumentsLibraryQuery",
  "joins": [],
  "table": {
    "alias": null,
    "filter": null,
    "definition": "DocumentVariables",
    "properties": [],
    "orderedProperties": []
  },
  "dataSource": "System",
  "expression": "SELECT DV._code AS libraryCode, DL._code, DL._description, DL.lastupdate, DL.file, 'DocumentVariables' AS doctype FROM vw_documentVariables DV\nINNER JOIN vw_documentVariables_documentsLibrary DL ON DL.identifier = DV.identifier\nWHERE DL._inactive = false",
  "description": ""
}