{
  "name": "DefaultApplicationMenu",
  "type": "Menu",
  "label": "Default menu",
  "elements": [
    {
      "row": 1,
      "name": "Homepage",
      "size": 12,
      "type": "MenuEntry",
      "label": "Homepage",
      "column": 1,
      "elements": [],
      "helpText": null,
      "isHidden": false,
      "attributes": [
        {
          "key": "Color",
          "value": "DarkGray"
        },
        {
          "key": "Icon",
          "value": "home"
        },
        {
          "key": "ActionType",
          "value": "Home"
        }
      ],
      "behaviours": [],
      "description": null,
      "visibleFrom": null
    },
    {
      "row": 2,
      "name": "Pages",
      "size": 12,
      "type": "MenuEntry",
      "label": "Pages",
      "column": 1,
      "elements": [
        {
          "row": 1,
          "name": "ProductPage",
          "size": 12,
          "type": "MenuEntry",
          "label": "Product Page",
          "column": 1,
          "elements": [],
          "helpText": null,
          "isHidden": false,
          "attributes": [
            {
              "key": "Color",
              "value": "CornflowerBlue"
            },
            {
              "key": "Icon",
              "value": "file-o"
            },
            {
              "key": "ActionLocation",
              "value": "ProductPage"
            },
            {
              "key": "ActionType",
              "value": "Page"
            }
          ],
          "behaviours": [],
          "description": null,
          "visibleFrom": null
        }
      ],
      "helpText": null,
      "isHidden": false,
      "attributes": [
        {
          "key": "Color",
          "value": "CornflowerBlue"
        },
        {
          "key": "Icon",
          "value": "file-o"
        },
        {
          "key": "IsFolder",
          "value": "true"
        }
      ],
      "behaviours": [],
      "description": null,
      "visibleFrom": null
    },
    {
      "row": 4,
      "name": "Documents",
      "size": 12,
      "type": "MenuEntry",
      "label": "Documents",
      "column": 1,
      "elements": [
        {
          "row": 1,
          "name": "Orders",
          "size": 12,
          "type": "MenuEntry",
          "label": "Orders",
          "column": 1,
          "elements": [],
          "helpText": null,
          "isHidden": false,
          "attributes": [
            {
              "key": "Color",
              "value": "SeaGreen"
            },
            {
              "key": "Icon",
              "value": "file-text-o"
            },
            {
              "key": "ActionType",
              "value": "Document"
            },
            {
              "key": "ActionLocation",
              "value": "Orders"
            }
          ],
          "behaviours": [],
          "description": null,
          "visibleFrom": null
        }
      ],
      "helpText": null,
      "isHidden": false,
      "attributes": [
        {
          "key": "Color",
          "value": "SeaGreen"
        },
        {
          "key": "Icon",
          "value": "file-text-o"
        },
        {
          "key": "IsFolder",
          "value": "true"
        }
      ],
      "behaviours": [],
      "description": null,
      "visibleFrom": null
    },
    {
      "row": 5,
      "name": "Configurations",
      "size": 12,
      "type": "MenuEntry",
      "label": "Configurations",
      "column": 1,
      "elements": [
        {
          "row": 1,
          "name": "Gender",
          "size": 12,
          "type": "MenuEntry",
          "label": "Gender",
          "column": 1,
          "elements": [],
          "helpText": null,
          "isHidden": false,
          "attributes": [
            {
              "key": "Color",
              "value": "DarkGray"
            },
            {
              "key": "Icon",
              "value": "cog"
            },
            {
              "key": "ActionLocation",
              "value": "Gender"
            },
            {
              "key": "ActionType",
              "value": "GenericEntity"
            }
          ],
          "behaviours": [],
          "description": null,
          "visibleFrom": null
        },
        {
          "row": 2,
          "name": "Category",
          "size": 12,
          "type": "MenuEntry",
          "label": "Category",
          "column": 1,
          "elements": [],
          "helpText": null,
          "isHidden": false,
          "attributes": [
            {
              "key": "Color",
              "value": "DarkGray"
            },
            {
              "key": "Icon",
              "value": "cog"
            },
            {
              "key": "ActionLocation",
              "value": "Category"
            },
            {
              "key": "ActionType",
              "value": "GenericEntity"
            }
          ],
          "behaviours": [],
          "description": null,
          "visibleFrom": null
        },
        {
          "row": 3,
          "name": "SubCategory",
          "size": 12,
          "type": "MenuEntry",
          "label": "Sub Category",
          "column": 1,
          "elements": [],
          "helpText": null,
          "isHidden": false,
          "attributes": [
            {
              "key": "Color",
              "value": "DarkGray"
            },
            {
              "key": "Icon",
              "value": "cog"
            },
            {
              "key": "ActionLocation",
              "value": "SubCategory"
            },
            {
              "key": "ActionType",
              "value": "GenericEntity"
            }
          ],
          "behaviours": [],
          "description": null,
          "visibleFrom": null
        },
        {
          "row": 4,
          "name": "ProductType",
          "size": 12,
          "type": "MenuEntry",
          "label": "Product Type",
          "column": 1,
          "elements": [],
          "helpText": null,
          "isHidden": false,
          "attributes": [
            {
              "key": "Color",
              "value": "DarkGray"
            },
            {
              "key": "Icon",
              "value": "cog"
            },
            {
              "key": "ActionLocation",
              "value": "ProductType"
            },
            {
              "key": "ActionType",
              "value": "GenericEntity"
            }
          ],
          "behaviours": [],
          "description": null,
          "visibleFrom": null
        },
        {
          "row": 5,
          "name": "Colour",
          "size": 12,
          "type": "MenuEntry",
          "label": "Colour",
          "column": 1,
          "elements": [],
          "helpText": null,
          "isHidden": false,
          "attributes": [
            {
              "key": "Color",
              "value": "DarkGray"
            },
            {
              "key": "Icon",
              "value": "cog"
            },
            {
              "key": "ActionLocation",
              "value": "Colour"
            },
            {
              "key": "ActionType",
              "value": "GenericEntity"
            }
          ],
          "behaviours": [],
          "description": null,
          "visibleFrom": null
        },
        {
          "row": 6,
          "name": "Usage",
          "size": 12,
          "type": "MenuEntry",
          "label": "Usage",
          "column": 1,
          "elements": [],
          "helpText": null,
          "isHidden": false,
          "attributes": [
            {
              "key": "Color",
              "value": "DarkGray"
            },
            {
              "key": "Icon",
              "value": "cog"
            },
            {
              "key": "ActionLocation",
              "value": "Usage"
            },
            {
              "key": "ActionType",
              "value": "GenericEntity"
            }
          ],
          "behaviours": [],
          "description": null,
          "visibleFrom": null
        },
        {
          "row": 7,
          "name": "Product",
          "size": 12,
          "type": "MenuEntry",
          "label": "Product",
          "column": 1,
          "elements": [],
          "helpText": null,
          "isHidden": false,
          "attributes": [
            {
              "key": "Color",
              "value": "DarkGray"
            },
            {
              "key": "Icon",
              "value": "cog"
            },
            {
              "key": "ActionLocation",
              "value": "Product"
            },
            {
              "key": "ActionType",
              "value": "GenericEntity"
            }
          ],
          "behaviours": [],
          "description": null,
          "visibleFrom": null
        },
        {
          "row": 8,
          "name": "Country",
          "size": 12,
          "type": "MenuEntry",
          "label": "Country",
          "column": 1,
          "elements": [],
          "helpText": null,
          "isHidden": false,
          "attributes": [
            {
              "key": "Color",
              "value": "DarkGray"
            },
            {
              "key": "Icon",
              "value": "cog"
            },
            {
              "key": "ActionLocation",
              "value": "Country"
            },
            {
              "key": "ActionType",
              "value": "GenericEntity"
            }
          ],
          "behaviours": [],
          "description": null,
          "visibleFrom": null
        },
        {
          "row": 9,
          "name": "MeetingRoom",
          "size": 12,
          "type": "MenuEntry",
          "label": "Meeting Room",
          "column": 1,
          "elements": [],
          "helpText": null,
          "isHidden": false,
          "attributes": [
            {
              "key": "Color",
              "value": "DarkGray"
            },
            {
              "key": "Icon",
              "value": "cog"
            },
            {
              "key": "ActionLocation",
              "value": "MeetingRoom"
            },
            {
              "key": "ActionType",
              "value": "GenericEntity"
            }
          ],
          "behaviours": [],
          "description": null,
          "visibleFrom": null
        },
        {
          "row": 10,
          "name": "Task",
          "size": 12,
          "type": "MenuEntry",
          "label": "Task",
          "column": 1,
          "elements": [],
          "helpText": null,
          "isHidden": false,
          "attributes": [
            {
              "key": "Color",
              "value": "DarkGray"
            },
            {
              "key": "Icon",
              "value": "cog"
            },
            {
              "key": "ActionLocation",
              "value": "Task"
            },
            {
              "key": "ActionType",
              "value": "GenericEntity"
            }
          ],
          "behaviours": [],
          "description": null,
          "visibleFrom": null
        },
        {
          "row": 11,
          "name": "Vehicle",
          "size": 12,
          "type": "MenuEntry",
          "label": "Vehicle",
          "column": 1,
          "elements": [],
          "helpText": null,
          "isHidden": false,
          "attributes": [
            {
              "key": "Color",
              "value": "DarkGray"
            },
            {
              "key": "Icon",
              "value": "cog"
            },
            {
              "key": "ActionLocation",
              "value": "Vehicle"
            },
            {
              "key": "ActionType",
              "value": "GenericEntity"
            }
          ],
          "behaviours": [],
          "description": null,
          "visibleFrom": null
        },
        {
          "row": 12,
          "name": "BankMovement",
          "size": 12,
          "type": "MenuEntry",
          "label": "Bank Movement",
          "column": 1,
          "elements": [],
          "helpText": null,
          "isHidden": false,
          "attributes": [
            {
              "key": "Color",
              "value": "DarkGray"
            },
            {
              "key": "Icon",
              "value": "cog"
            },
            {
              "key": "ActionLocation",
              "value": "BankMovement"
            },
            {
              "key": "ActionType",
              "value": "GenericEntity"
            }
          ],
          "behaviours": [],
          "description": null,
          "visibleFrom": null
        },
        {
          "row": 13,
          "name": "Employee",
          "size": 12,
          "type": "MenuEntry",
          "label": "Employee",
          "column": 1,
          "elements": [],
          "helpText": null,
          "isHidden": false,
          "attributes": [
            {
              "key": "color",
              "value": "DarkGray"
            },
            {
              "key": "icon",
              "value": "cog"
            },
            {
              "key": "actionType",
              "value": "Agent"
            },
            {
              "key": "isFolder",
              "value": "false"
            },
            {
              "key": "actionLocation",
              "value": "Employee"
            }
          ],
          "behaviours": [],
          "description": null,
          "visibleFrom": "Mobile"
        }
      ],
      "helpText": null,
      "isHidden": false,
      "attributes": [
        {
          "key": "Color",
          "value": "DarkGray"
        },
        {
          "key": "Icon",
          "value": "cog"
        },
        {
          "key": "IsFolder",
          "value": "true"
        }
      ],
      "behaviours": [],
      "description": null,
      "visibleFrom": null
    },
    {
      "row": 6,
      "name": "Dashboards",
      "size": 12,
      "type": "MenuEntry",
      "label": "Dashboards",
      "column": 1,
      "elements": [],
      "helpText": null,
      "isHidden": false,
      "attributes": [
        {
          "key": "Color",
          "value": "LightPink"
        },
        {
          "key": "Icon",
          "value": "tachometer"
        },
        {
          "key": "IsFolder",
          "value": "true"
        }
      ],
      "behaviours": [],
      "description": null,
      "visibleFrom": null
    },
    {
      "row": 7,
      "name": "Series",
      "size": 12,
      "type": "MenuEntry",
      "label": "Series",
      "column": 1,
      "elements": [
        {
          "row": 1,
          "name": "OrdersSerie",
          "size": 12,
          "type": "MenuEntry",
          "label": "Orders Serie",
          "column": 1,
          "elements": [],
          "helpText": null,
          "isHidden": false,
          "attributes": [
            {
              "key": "Color",
              "value": "MediumSlateBlue"
            },
            {
              "key": "Icon",
              "value": "sort-numeric-asc"
            },
            {
              "key": "ActionType",
              "value": "Serie"
            },
            {
              "key": "ActionLocation",
              "value": "OrdersSerie"
            }
          ],
          "behaviours": [],
          "description": null,
          "visibleFrom": null
        }
      ],
      "helpText": null,
      "isHidden": false,
      "attributes": [
        {
          "key": "Color",
          "value": "MediumSlateBlue"
        },
        {
          "key": "Icon",
          "value": "sort-numeric-asc"
        },
        {
          "key": "IsFolder",
          "value": "true"
        }
      ],
      "behaviours": [],
      "description": null,
      "visibleFrom": null
    },
    {
      "row": 3,
      "name": "MenuEntry",
      "size": 12,
      "type": "MenuEntry",
      "label": "Samples",
      "column": 1,
      "elements": [
        {
          "row": 2,
          "name": "BankMovementsPage",
          "size": 12,
          "type": "MenuEntry",
          "label": "Bank Movements",
          "column": 1,
          "elements": [],
          "helpText": null,
          "isHidden": false,
          "attributes": [
            {
              "key": "Color",
              "value": "CornflowerBlue"
            },
            {
              "key": "Icon",
              "value": "file-o"
            },
            {
              "key": "ActionLocation",
              "value": "BankMovementsPage"
            },
            {
              "key": "ActionType",
              "value": "Page"
            }
          ],
          "behaviours": [],
          "description": null,
          "visibleFrom": null
        },
        {
          "row": 3,
          "name": "MultiQuery",
          "size": 12,
          "type": "MenuEntry",
          "label": "Multi Query",
          "column": 1,
          "elements": [],
          "helpText": null,
          "isHidden": false,
          "attributes": [
            {
              "key": "Color",
              "value": "CornflowerBlue"
            },
            {
              "key": "Icon",
              "value": "file-o"
            },
            {
              "key": "ActionLocation",
              "value": "MultiQuery"
            },
            {
              "key": "ActionType",
              "value": "Page"
            }
          ],
          "behaviours": [],
          "description": null,
          "visibleFrom": null
        },
        {
          "row": 4,
          "name": "CarouselPage",
          "size": 12,
          "type": "MenuEntry",
          "label": "Landing Page",
          "column": 1,
          "elements": [],
          "helpText": null,
          "isHidden": false,
          "attributes": [
            {
              "key": "Color",
              "value": "CornflowerBlue"
            },
            {
              "key": "Icon",
              "value": "file-o"
            },
            {
              "key": "ActionLocation",
              "value": "CarouselPage"
            },
            {
              "key": "ActionType",
              "value": "Page"
            }
          ],
          "behaviours": [],
          "description": null,
          "visibleFrom": null
        },
        {
          "row": 6,
          "name": "RoomReservationPage",
          "size": 12,
          "type": "MenuEntry",
          "label": "Room Reservation",
          "column": 1,
          "elements": [],
          "helpText": null,
          "isHidden": false,
          "attributes": [
            {
              "key": "Color",
              "value": "CornflowerBlue"
            },
            {
              "key": "Icon",
              "value": "file-o"
            },
            {
              "key": "ActionLocation",
              "value": "RoomReservationPage"
            },
            {
              "key": "ActionType",
              "value": "Page"
            }
          ],
          "behaviours": [],
          "description": null,
          "visibleFrom": null
        },
        {
          "row": 5,
          "name": "TasksPage",
          "size": 12,
          "type": "MenuEntry",
          "label": "Tasks",
          "column": 1,
          "elements": [],
          "helpText": null,
          "isHidden": false,
          "attributes": [
            {
              "key": "Color",
              "value": "CornflowerBlue"
            },
            {
              "key": "Icon",
              "value": "file-o"
            },
            {
              "key": "ActionLocation",
              "value": "TasksPage"
            },
            {
              "key": "ActionType",
              "value": "Page"
            }
          ],
          "behaviours": [],
          "description": null,
          "visibleFrom": null
        },
        {
          "row": 8,
          "name": "OrderListPage",
          "size": 12,
          "type": "MenuEntry",
          "label": "Orders",
          "column": 1,
          "elements": [],
          "helpText": null,
          "isHidden": false,
          "attributes": [
            {
              "key": "Color",
              "value": "CornflowerBlue"
            },
            {
              "key": "Icon",
              "value": "file-o"
            },
            {
              "key": "ActionType",
              "value": "Page"
            },
            {
              "key": "ActionLocation",
              "value": "OrderListPage"
            }
          ],
          "behaviours": [],
          "description": null,
          "visibleFrom": null
        },
        {
          "row": 7,
          "name": "ProductListPage",
          "size": 12,
          "type": "MenuEntry",
          "label": "Products",
          "column": 1,
          "elements": [],
          "helpText": null,
          "isHidden": false,
          "attributes": [
            {
              "key": "Color",
              "value": "CornflowerBlue"
            },
            {
              "key": "Icon",
              "value": "file-o"
            },
            {
              "key": "ActionType",
              "value": "Page"
            },
            {
              "key": "ActionLocation",
              "value": "ProductListPage"
            }
          ],
          "behaviours": [],
          "description": null,
          "visibleFrom": null
        }
      ],
      "helpText": null,
      "isHidden": false,
      "attributes": [
        {
          "key": "color",
          "value": "Cornsilk"
        },
        {
          "key": "icon",
          "value": "home"
        },
        {
          "key": "isFolder",
          "value": "true"
        }
      ],
      "behaviours": [],
      "description": null,
      "visibleFrom": "Mobile"
    },
    {
      "row": 8,
      "name": "DemoPage",
      "size": 12,
      "type": "MenuEntry",
      "label": "Demo Page",
      "column": 1,
      "elements": [],
      "helpText": null,
      "isHidden": false,
      "attributes": [
        {
          "key": "Color",
          "value": "CornflowerBlue"
        },
        {
          "key": "Icon",
          "value": "file-o"
        },
        {
          "key": "ActionType",
          "value": "Page"
        },
        {
          "key": "ActionLocation",
          "value": "DemoPage"
        }
      ],
      "behaviours": [],
      "description": null,
      "visibleFrom": null
    }
  ],
  "helpText": null,
  "attributes": [
    {
      "key": "Generated",
      "value": "false"
    }
  ],
  "behaviours": [],
  "description": "Generated default menu"
}