{
  "name": "Application",
  "policies": [],
  "description": "Application authorization policy.",
  "permissions": [
    {
      "name": "FileLibraryDashboard_read",
      "roles": [
        "Administration"
      ],
      "description": "Read permission for FileLibraryDashboard."
    },
    {
      "name": "FileLibraryQuery_read",
      "roles": [
        "Administration"
      ],
      "description": "Read permission for FileLibraryQuery."
    },
    {
      "name": "FileLibraryForm_read",
      "roles": [
        "Administration"
      ],
      "description": "Read permission for FileLibraryForm."
    },
    {
      "name": "FileLibrary_read",
      "roles": [
        "Administration"
      ],
      "description": "Read permission for FileLibrary."
    },
    {
      "name": "FileLibrary_write",
      "roles": [
        "Administration"
      ],
      "description": "Write permission for FileLibrary."
    },
    {
      "name": "FileLibrary_delete",
      "roles": [
        "Administration"
      ],
      "description": "Delete permission for FileLibrary."
    },
    {
      "name": "FileLibrary_destroy",
      "roles": [
        "Administration"
      ],
      "description": "Destroy Sensitive Data permission for FileLibrary."
    },
    {
      "name": "FileServerDashboard_read",
      "roles": [
        "Administration"
      ],
      "description": "Read permission for FileServerDashboard."
    },
    {
      "name": "FileServerQuery_read",
      "roles": [
        "Administration"
      ],
      "description": "Read permission for FileServerQuery."
    },
    {
      "name": "FileServerForm_read",
      "roles": [
        "Administration"
      ],
      "description": "Read permission for FileServerForm."
    },
    {
      "name": "FileServer_read",
      "roles": [
        "Administration"
      ],
      "description": "Read permission for FileServer."
    },
    {
      "name": "FileServer_write",
      "roles": [
        "Administration"
      ],
      "description": "Write permission for FileServer."
    },
    {
      "name": "FileServer_delete",
      "roles": [
        "Administration"
      ],
      "description": "Delete permission for FileServer."
    },
    {
      "name": "FileServer_destroy",
      "roles": [
        "Administration"
      ],
      "description": "Destroy Sensitive Data permission for FileServer."
    },
    {
      "name": "System_read",
      "roles": [
        "Administration"
      ],
      "description": "Read permission for System."
    },
    {
      "name": "System_write",
      "roles": [
        "Administration"
      ],
      "description": "Write permission for System."
    },
    {
      "name": "System_delete",
      "roles": [
        "Administration"
      ],
      "description": "Delete permission for System."
    },
    {
      "name": "System_destroy",
      "roles": [
        "Administration"
      ],
      "description": "Destroy Sensitive Data permission for System."
    }
  ]
}