{
  "name": "ExecutedLabor",
  "attributes": [
    {
      "name": "_resource",
      "type": "Labor",
      "isSystem": true,
      "isReadOnly": false,
      "description": null,
      "multiplicity": {
        "lower": 1,
        "upper": 1
      },
      "aggregationKind": "Shared",
      "isSensitiveData": null,
      "dependsOnAttribute": null
    },
    {
      "name": "_provider",
      "type": "TeamPlayer",
      "isSystem": true,
      "isReadOnly": false,
      "description": null,
      "multiplicity": {
        "lower": 1,
        "upper": 1
      },
      "aggregationKind": "Shared",
      "isSensitiveData": null,
      "dependsOnAttribute": null
    },
    {
      "name": "_receiver",
      "type": "Customer",
      "isSystem": true,
      "isReadOnly": false,
      "description": null,
      "multiplicity": {
        "lower": 1,
        "upper": 1
      },
      "aggregationKind": "Shared",
      "isSensitiveData": null,
      "dependsOnAttribute": null
    },
    {
      "name": "_code",
      "type": "Text",
      "isSystem": true,
      "isReadOnly": false,
      "description": null,
      "multiplicity": {
        "lower": 1,
        "upper": 1
      },
      "aggregationKind": "None",
      "isSensitiveData": null,
      "dependsOnAttribute": null
    },
    {
      "name": "_quantity",
      "type": "Decimal",
      "isSystem": true,
      "isReadOnly": true,
      "description": null,
      "multiplicity": {
        "lower": 1,
        "upper": 1
      },
      "aggregationKind": "None",
      "isSensitiveData": null,
      "dependsOnAttribute": null
    },
    {
      "name": "_amount",
      "type": "Decimal",
      "isSystem": true,
      "isReadOnly": false,
      "description": null,
      "multiplicity": {
        "lower": 1,
        "upper": 1
      },
      "aggregationKind": "None",
      "isSensitiveData": null,
      "dependsOnAttribute": null
    },
    {
      "name": "Category",
      "type": "Category",
      "isSystem": false,
      "isReadOnly": false,
      "description": "",
      "multiplicity": {
        "lower": 1,
        "upper": 1
      },
      "aggregationKind": "Shared",
      "isSensitiveData": false,
      "dependsOnAttribute": ""
    },
    {
      "name": "BeginTime",
      "type": "Text",
      "isSystem": false,
      "isReadOnly": false,
      "description": "",
      "multiplicity": {
        "lower": 1,
        "upper": 1
      },
      "aggregationKind": "None",
      "isSensitiveData": false,
      "dependsOnAttribute": ""
    },
    {
      "name": "EndTime",
      "type": "Text",
      "isSystem": false,
      "isReadOnly": false,
      "description": "",
      "multiplicity": {
        "lower": 0,
        "upper": 1
      },
      "aggregationKind": "None",
      "isSensitiveData": false,
      "dependsOnAttribute": ""
    },
    {
      "name": "Notes",
      "type": "Text",
      "isSystem": false,
      "isReadOnly": false,
      "description": "",
      "multiplicity": {
        "lower": 0,
        "upper": 1
      },
      "aggregationKind": "None",
      "isSensitiveData": false,
      "dependsOnAttribute": ""
    }
  ],
  "dataSource": "System",
  "description": "",
  "dataBehaviours": [],
  "entityBehaviours": [
    {
      "name": "Defaults",
      "type": "Initialize",
      "attribute": null,
      "expression": "if(this._code != null && this._code != String.Empty) return; \r\nthis._code = Guid.NewGuid().ToString(\"N\");\r\nthis._resource = \"Hour\";",
      "description": null
    },
    {
      "name": "Formula_Amount",
      "type": "Formula",
      "attribute": "_amount",
      "expression": "return _quantity;",
      "description": ""
    },
    {
      "name": "Formula_Quantity",
      "type": "Formula",
      "attribute": "_quantity",
      "expression": "if(!string.IsNullOrEmpty(this.BeginTime) && !string.IsNullOrEmpty(this.EndTime)){\n    var beginTime = Convert.ToDateTime(this.BeginTime);\n    var endTime = Convert.ToDateTime(this.EndTime);\n    return Convert.ToDecimal((endTime - beginTime).TotalHours);\n}\n\nreturn 0;",
      "description": ""
    }
  ],
  "behaviourNamespaces": []
}