{
  "name": "IdeaStateMachineStates",
  "values": [
    {
      "name": "Draft",
      "order": 1,
      "description": null
    },
    {
      "name": "InValidation",
      "order": 2,
      "description": null
    },
    {
      "name": "Adjustments",
      "order": 3,
      "description": null
    },
    {
      "name": "Approved",
      "order": 4,
      "description": null
    },
    {
      "name": "Rejected",
      "order": 5,
      "description": null
    },
    {
      "name": "Voting",
      "order": 6,
      "description": null
    },
    {
      "name": "Discarded",
      "order": 7,
      "description": null
    }
  ],
  "description": null
}