{
  "name": "OrdersList",
  "type": "List",
  "label": "Orders",
  "query": "OrdersQuery",
  "elements": [
    {
      "row": 0,
      "name": "_code",
      "size": 3,
      "type": "ListColumn",
      "label": "Code",
      "column": 1,
      "elements": [],
      "helpText": null,
      "isHidden": false,
      "attributes": [
        {
          "key": "formattingType",
          "value": "Text"
        }
      ],
      "behaviours": [],
      "description": null,
      "visibleFrom": null
    },
    {
      "row": 0,
      "name": "_date",
      "size": 3,
      "type": "ListColumn",
      "label": "Date",
      "column": 10,
      "elements": [],
      "helpText": null,
      "isHidden": false,
      "attributes": [
        {
          "key": "formattingType",
          "value": "Date"
        }
      ],
      "behaviours": [],
      "description": null,
      "visibleFrom": null
    },
    {
      "row": 0,
      "name": "_state",
      "size": 2,
      "type": "ListColumn",
      "label": "State",
      "column": 11,
      "elements": [],
      "helpText": null,
      "isHidden": false,
      "attributes": [
        {
          "key": "formattingType",
          "value": "Enumeration"
        },
        {
          "key": "enumeration",
          "value": "OrdersStateMachineStates"
        },
        {
          "key": "isDetails",
          "value": "false"
        }
      ],
      "behaviours": [],
      "description": null,
      "visibleFrom": "Mobile"
    },
    {
      "row": 0,
      "name": "paymentmethod",
      "size": 2,
      "type": "ListColumn",
      "label": "Payment Method",
      "column": 12,
      "elements": [],
      "helpText": null,
      "isHidden": false,
      "attributes": [
        {
          "key": "formattingType",
          "value": "Text"
        },
        {
          "key": "isDetails",
          "value": "false"
        }
      ],
      "behaviours": [],
      "description": null,
      "visibleFrom": "Mobile"
    }
  ],
  "helpText": null,
  "attributes": [
    {
      "key": "queryTableDefinition",
      "value": "Orders"
    }
  ],
  "behaviours": [],
  "dataSource": "System",
  "description": null
}