{
  "name": "AbstentionRateList",
  "type": "List",
  "label": "Abstention Rate",
  "query": "AbstentionRate",
  "elements": [
    {
      "row": 0,
      "name": "abstention",
      "size": 1,
      "type": "ListColumn",
      "label": "Abstention",
      "column": 1,
      "elements": [],
      "helpText": "",
      "isHidden": false,
      "attributes": [
        {
          "key": "formattingType",
          "value": "Decimal"
        }
      ],
      "behaviours": [],
      "description": null,
      "visibleFrom": "Mobile"
    }
  ],
  "helpText": "",
  "attributes": [
    {
      "key": "queryTableDefinition",
      "value": "Idea"
    }
  ],
  "behaviours": [],
  "dataSource": "System",
  "description": ""
}