{
  "name": "IdeasByMonthList",
  "type": "List",
  "label": "Ideas By Month",
  "query": "IdeasByMonth",
  "elements": [
    {
      "row": 0,
      "name": "serieValue",
      "size": 1,
      "type": "ListColumn",
      "label": "Serie",
      "column": 1,
      "elements": [],
      "helpText": "",
      "isHidden": false,
      "attributes": [
        {
          "key": "formattingType",
          "value": "Text"
        }
      ],
      "behaviours": [],
      "description": null,
      "visibleFrom": "Mobile"
    },
    {
      "row": 0,
      "name": "dataValue",
      "size": 1,
      "type": "ListColumn",
      "label": "Data",
      "column": 2,
      "elements": [],
      "helpText": "",
      "isHidden": false,
      "attributes": [
        {
          "key": "formattingType",
          "value": "Integer"
        }
      ],
      "behaviours": [],
      "description": null,
      "visibleFrom": "Mobile"
    }
  ],
  "helpText": "Number of ideas by month for last year",
  "attributes": [
    {
      "key": "queryTableDefinition",
      "value": "Idea"
    }
  ],
  "behaviours": [],
  "dataSource": "System",
  "description": ""
}