{
  "name": "IdeaVoteRatioList",
  "type": "List",
  "label": "Vote ratio",
  "query": "IdeaVoteRatio",
  "elements": [
    {
      "row": 0,
      "name": "serievalue",
      "size": 1,
      "type": "ListColumn",
      "label": "Vote Type",
      "column": 1,
      "elements": [],
      "helpText": "",
      "isHidden": false,
      "attributes": [
        {
          "key": "formattingType",
          "value": "Text"
        }
      ],
      "behaviours": [],
      "description": null,
      "visibleFrom": "Mobile"
    },
    {
      "row": 0,
      "name": "datavalue",
      "size": 1,
      "type": "ListColumn",
      "label": "Percentage",
      "column": 2,
      "elements": [],
      "helpText": "",
      "isHidden": false,
      "attributes": [
        {
          "key": "formattingType",
          "value": "Decimal"
        }
      ],
      "behaviours": [],
      "description": null,
      "visibleFrom": "Mobile"
    }
  ],
  "helpText": "Vote ratio average",
  "attributes": [
    {
      "key": "queryTableDefinition",
      "value": "Idea"
    }
  ],
  "behaviours": [],
  "dataSource": "System",
  "description": ""
}