{
  "name": "Idea",
  "attributes": [
    {
      "name": "_code",
      "type": "Text",
      "isSystem": true,
      "isReadOnly": false,
      "description": null,
      "multiplicity": {
        "lower": 1,
        "upper": 1
      },
      "aggregationKind": "None",
      "isSensitiveData": null,
      "dependsOnAttribute": null
    },
    {
      "name": "_serie",
      "type": "IdeaSerie",
      "isSystem": true,
      "isReadOnly": false,
      "description": null,
      "multiplicity": {
        "lower": 1,
        "upper": 1
      },
      "aggregationKind": "Shared",
      "isSensitiveData": null,
      "dependsOnAttribute": null
    },
    {
      "name": "_number",
      "type": "Integer",
      "isSystem": true,
      "isReadOnly": true,
      "description": null,
      "multiplicity": {
        "lower": 0,
        "upper": 1
      },
      "aggregationKind": "None",
      "isSensitiveData": null,
      "dependsOnAttribute": null
    },
    {
      "name": "_date",
      "type": "Date",
      "isSystem": true,
      "isReadOnly": true,
      "description": null,
      "multiplicity": {
        "lower": 1,
        "upper": 1
      },
      "aggregationKind": "None",
      "isSensitiveData": null,
      "dependsOnAttribute": null
    },
    {
      "name": "IdeaOverview",
      "type": "Text",
      "isSystem": false,
      "isReadOnly": false,
      "description": "A detailed description of the submitted idea, as an overview explanation.",
      "multiplicity": {
        "lower": 1,
        "upper": 1
      },
      "aggregationKind": "None",
      "isSensitiveData": false,
      "dependsOnAttribute": ""
    },
    {
      "name": "IdeaSolves",
      "type": "Text",
      "isSystem": false,
      "isReadOnly": false,
      "description": "Description of the problem that the idea is supposed to fix.",
      "multiplicity": {
        "lower": 1,
        "upper": 1
      },
      "aggregationKind": "None",
      "isSensitiveData": false,
      "dependsOnAttribute": ""
    },
    {
      "name": "IdeaValue",
      "type": "Text",
      "isSystem": false,
      "isReadOnly": false,
      "description": "A description of the value that your idea will add to the organization.",
      "multiplicity": {
        "lower": 1,
        "upper": 1
      },
      "aggregationKind": "None",
      "isSensitiveData": false,
      "dependsOnAttribute": ""
    },
    {
      "name": "IdeaRelevance",
      "type": "Text",
      "isSystem": false,
      "isReadOnly": false,
      "description": "The description of relevance of the idea, to a department, group of people or individual.",
      "multiplicity": {
        "lower": 1,
        "upper": 1
      },
      "aggregationKind": "None",
      "isSensitiveData": false,
      "dependsOnAttribute": ""
    },
    {
      "name": "_state",
      "type": "IdeaStateMachineStates",
      "isSystem": true,
      "isReadOnly": false,
      "description": null,
      "multiplicity": {
        "lower": 1,
        "upper": 1
      },
      "aggregationKind": "None",
      "isSensitiveData": null,
      "dependsOnAttribute": null
    },
    {
      "name": "_assigned",
      "type": "Text",
      "isSystem": true,
      "isReadOnly": false,
      "description": null,
      "multiplicity": {
        "lower": 0,
        "upper": 1
      },
      "aggregationKind": "None",
      "isSensitiveData": null,
      "dependsOnAttribute": null
    },
    {
      "name": "IdeaTitle",
      "type": "Text",
      "isSystem": false,
      "isReadOnly": false,
      "description": "Title of the idea, written in a format that informs the reader about its core.",
      "multiplicity": {
        "lower": 1,
        "upper": 1
      },
      "aggregationKind": "None",
      "isSensitiveData": false,
      "dependsOnAttribute": ""
    },
    {
      "name": "EmployeeVote",
      "type": "EmployeeIdeaVote",
      "isSystem": false,
      "isReadOnly": false,
      "description": "",
      "multiplicity": {
        "lower": 0,
        "upper": 100
      },
      "aggregationKind": "Composite",
      "isSensitiveData": false,
      "dependsOnAttribute": ""
    },
    {
      "name": "Company",
      "type": "Company",
      "isSystem": false,
      "isReadOnly": true,
      "description": "",
      "multiplicity": {
        "lower": 1,
        "upper": 1
      },
      "aggregationKind": "Shared",
      "isSensitiveData": false,
      "dependsOnAttribute": ""
    },
    {
      "name": "Employee",
      "type": "Employee",
      "isSystem": false,
      "isReadOnly": true,
      "description": "",
      "multiplicity": {
        "lower": 1,
        "upper": 1
      },
      "aggregationKind": "Shared",
      "isSensitiveData": false,
      "dependsOnAttribute": ""
    }
  ],
  "dataSource": "System",
  "description": "The entity that represents a submitted idea.",
  "dataBehaviours": [],
  "entityBehaviours": [
    {
      "name": "Defaults",
      "type": "Initialize",
      "attribute": null,
      "expression": "            if (!_Context.Operation.IsNew) return;\r\n            this._code = Guid.NewGuid().ToString(\"N\");\r\n            this._date = DateTime.Today;\r\n\r\n            var httpClient = _Context.CreateApplicationHttpClient();\r\n            var serieRequest = httpClient.PostAsJsonAsync($\"Queries/{this.GetType().Name}SerieQuery/Default?PageSize=1\",\r\n                    new { Filter = new { Property = \"_inactive\", Value = false } })\r\n                .GetAwaiter().GetResult();\r\n\r\n            if (serieRequest.IsSuccessStatusCode)\r\n            {\r\n                var serieRequestData = serieRequest.Content.ReadAsAsync<List<Dictionary<string, object>>>()\r\n                                        .GetAwaiter().GetResult();\r\n\r\n                if (serieRequestData.Any())\r\n                    this._serie = serieRequestData.First()[\"_code\"].ToString();\r\n            }\r\n\r\n            GetEmployeeData();\r\n\r\n            void GetEmployeeData() {\r\n                var employeeRequest = httpClient.PostAsJsonAsync($\"Queries/EmployeeQuery/Default?PageSize=1\",\r\n                        new { Filter = new { Property = \"username\", Value = this._Context.Authentication.Username } })\r\n                    .GetAwaiter().GetResult();\r\n\r\n                if (employeeRequest.IsSuccessStatusCode)\r\n                {\r\n                    var employeeRequestData = employeeRequest.Content.ReadAsAsync<List<Dictionary<string, object>>>()\r\n                                            .GetAwaiter().GetResult();\r\n\r\n                    if (employeeRequestData.Any()) {\r\n                        this.Employee = employeeRequestData.First()[\"_code\"].ToString();\r\n                        this.Company = employeeRequestData.First()[\"company\"].ToString();\r\n                    }else{\r\n                        throw new Exception(\"User is not associated to an Employee. Users must be associated to an Employee to insert new ideas.\");\r\n                    }\r\n                }\r\n            }",
      "description": null
    },
    {
      "name": "AfterSave",
      "type": "AfterSave",
      "attribute": null,
      "expression": "            if (string.IsNullOrEmpty(this._Context.Operation.Decision) || !this._Context.Operation.Decision.Equals(\"Submit\"))\r\n                return await Task.FromResult(AfterSaveMessage.Empty);\r\n            var httpClient = _Context.CreateApplicationHttpClient();\r\n\r\n            Dictionary<string, object> emailData = new Dictionary<string, object>();\r\n\r\n            switch (this._state)\r\n            {\r\n                case IdeaStateMachineStates.Adjustments:\r\n                case IdeaStateMachineStates.Approved:\r\n                case IdeaStateMachineStates.Rejected:\r\n                    string authorEmail = GetAuthorEmail();\r\n                    if (!string.IsNullOrEmpty(authorEmail))\r\n                    {\r\n                        string subject = this._state.Equals(IdeaStateMachineStates.Adjustments) ? \"IdeaOnAdjustmentsSubject\" : this._state.Equals(IdeaStateMachineStates.Approved) ? \"ApprovedIdeaSubject\" : \"RejectedIdeaSubject\";\r\n                        string body = this._state.Equals(IdeaStateMachineStates.Adjustments) ? \"IdeaOnAdjustmentsBody\" : this._state.Equals(IdeaStateMachineStates.Approved) ? \"ApprovedIdeaBody\" : \"RejectedIdeaBody\";\r\n                        var dto = this.ToDto();\r\n                        emailData.Add(\"To\", new[] { new { Address = authorEmail } });\r\n                        emailData.Add(\"Subject\", new { Template = subject, TemplateData = dto });\r\n                        emailData.Add(\"Body\", new { Template = body, TemplateData = dto });\r\n\r\n                        SendEmails(emailData);\r\n                        return await Task.FromResult(new AfterSaveMessage(\"Email Notifications sent successfully\", AfterSaveMessageType.Success));\r\n                    }\r\n                    break;\r\n                case IdeaStateMachineStates.Voting:\r\n                case IdeaStateMachineStates.InValidation:\r\n                    var validatorEmails = GetValidatorEmails();\r\n                    if (validatorEmails.Count > 0)\r\n                    {\r\n                        string subject = this._state.Equals(IdeaStateMachineStates.Voting) ? \"IdeaOnVotingSubject\" : \"IdeaOnValidationSubject\";\r\n                        string body = this._state.Equals(IdeaStateMachineStates.Voting) ? \"IdeaOnVotingBody\" : \"IdeaOnValidationBody\";\r\n                        var dto = this.ToDto();\r\n                        emailData.Add(\"To\", validatorEmails.Select(a => new { Address = a }).ToList());\r\n                        emailData.Add(\"Subject\", new { Template = subject, TemplateData = dto });\r\n                        emailData.Add(\"Body\", new { Template = body, TemplateData = dto });\r\n\r\n                        SendEmails(emailData);\r\n                        return await Task.FromResult(new AfterSaveMessage(\"Email Notifications sent successfully\", AfterSaveMessageType.Success));\r\n                    }\r\n                    break;\r\n                default:\r\n                    break;\r\n\r\n            }\r\n\r\n            return await Task.FromResult(AfterSaveMessage.Empty);\r\n\r\n            string GetAuthorEmail()\r\n            {\r\n                var requestResult = httpClient.PostAsJsonAsync($\"queries/EmployeeQuery/Default?page=1&pageSize=1\", new\r\n                { Filter = new { Property = \"_code\", Value = this.Employee } }).GetAwaiter().GetResult();\r\n\r\n                var result = requestResult.Content.ReadAsAsync<List<Dictionary<string, object>>>()\r\n                                        .GetAwaiter().GetResult();\r\n\r\n                if (result.Any() && result.First().ContainsKey(\"username\"))\r\n                    return result.First()[\"username\"].ToString();\r\n                return string.Empty;\r\n            }\r\n\r\n            List<string> GetValidatorEmails()\r\n            {\r\n                List<string> validatorEmails = new List<string>();\r\n                var requestResult = httpClient.PostAsJsonAsync($\"queries/CompanyValidatorsData/Default?page=1&pageSize=100\", new\r\n                { Filter = new { Property = \"Company\", Value = this.Company } }).GetAwaiter().GetResult();\r\n                \r\n                var result = requestResult.Content.ReadAsAsync<List<Dictionary<string, object>>>()\r\n                                        .GetAwaiter().GetResult();\r\n                \r\n                if (result.Any())\r\n                {\r\n                    foreach (var validator in result)\r\n                    {\r\n                        if (validator.ContainsKey(\"username\") && validator[\"username\"] != null)\r\n                            validatorEmails.Add(validator[\"username\"].ToString());\r\n                    }\r\n                }\r\n                return validatorEmails;\r\n            }\r\n\r\n            void SendEmails(Dictionary<string, object> emailRequestData)\r\n            {\r\n                var requestResult = httpClient.PostAsync(\"Email\", emailRequestData).Result;\r\n\r\n                if (!requestResult.IsSuccessStatusCode)\r\n                    throw new Exception(\"It was not possible to send the email notification.\");\r\n            }",
      "description": ""
    }
  ],
  "behaviourNamespaces": []
}