{
  "name": "Library_DownloadFile",
  "dataSource": "FileServer",
  "expression": "string fileToDownload = args[\"filename\"].ToString();\r\n\r\nvar httpClient = context.CreateApplicationHttpClient();\r\nvar dataSourceResult = httpClient.GetAsync($\"{context.Operation.DataSourceType}/Default/{context.Operation.DataSource}\").Result;\r\nFileServerDto fileServer = dataSourceResult.Content.ReadAsAsync<FileServerDto>().Result;\r\nstring filePath = Path.Combine(fileServer.Folder, fileToDownload);\r\n\r\nusing (var content = new MultipartFormDataContent())\r\n{\r\n    content.Add(new StreamContent(File.OpenRead(filePath))\r\n    {\r\n        Headers =\r\n            {\r\n                ContentLength = new FileInfo(filePath).Length,\r\n                ContentType = new MediaTypeHeaderValue(\"application/octet-stream\")\r\n            }\r\n    }, \"File\", fileToDownload);\r\n\r\n    var result = httpClient.PostAsync($\"tempfiles\", content).GetAwaiter().GetResult();\r\n}\r\n\r\nreturn new Dictionary<string, object> { { \"filename\", fileToDownload } };",
  "description": "",
  "executionLocation": "External",
  "behaviourNamespaces": [
    {
      "name": "SystemNetHttp",
      "description": "",
      "executionLocation": "External",
      "fullyQualifiedName": "System.Net.Http"
    },
    {
      "name": "SystemIO",
      "description": "",
      "executionLocation": "External",
      "fullyQualifiedName": "System.IO"
    },
    {
      "name": "SystemNetHttpHeaders",
      "description": "",
      "executionLocation": "External",
      "fullyQualifiedName": "System.Net.Http.Headers"
    }
  ]
}