{
  "name": "SalesOrderForm",
  "type": "Form",
  "label": "Sales Order",
  "entity": "SalesOrder",
  "elements": [
    {
      "row": 1,
      "name": "_serie",
      "size": 4,
      "type": "ReferenceSelector",
      "label": "Serie",
      "column": 1,
      "elements": [],
      "helpText": null,
      "isHidden": false,
      "attributes": [
        {
          "key": "aggregationKind",
          "value": "Shared"
        },
        {
          "key": "isReadOnly",
          "value": "false"
        },
        {
          "key": "max",
          "value": "1"
        },
        {
          "key": "min",
          "value": "1"
        },
        {
          "key": "definition",
          "value": "SalesOrderSerie"
        }
      ],
      "behaviours": [],
      "description": null,
      "visibleFrom": null
    },
    {
      "row": 1,
      "name": "_number",
      "size": 4,
      "type": "Input",
      "label": "Number",
      "column": 5,
      "elements": [],
      "helpText": null,
      "isHidden": false,
      "attributes": [
        {
          "key": "aggregationKind",
          "value": "None"
        },
        {
          "key": "isReadOnly",
          "value": "true"
        },
        {
          "key": "max",
          "value": "1"
        },
        {
          "key": "min",
          "value": "0"
        },
        {
          "key": "isSensitiveData",
          "value": "false"
        },
        {
          "key": "formattingType",
          "value": "Integer"
        }
      ],
      "behaviours": [],
      "description": null,
      "visibleFrom": null
    },
    {
      "row": 1,
      "name": "_date",
      "size": 4,
      "type": "Input",
      "label": "Date",
      "column": 8,
      "elements": [],
      "helpText": null,
      "isHidden": false,
      "attributes": [
        {
          "key": "aggregationKind",
          "value": "None"
        },
        {
          "key": "isReadOnly",
          "value": "false"
        },
        {
          "key": "max",
          "value": "1"
        },
        {
          "key": "min",
          "value": "1"
        },
        {
          "key": "isSensitiveData",
          "value": "false"
        },
        {
          "key": "formattingType",
          "value": "Date"
        }
      ],
      "behaviours": [],
      "description": null,
      "visibleFrom": null
    },
    {
      "row": 2,
      "name": "Customer",
      "size": 4,
      "type": "ReferenceSelector",
      "label": "Customer",
      "column": 5,
      "elements": [],
      "helpText": null,
      "isHidden": false,
      "attributes": [
        {
          "key": "aggregationKind",
          "value": "Shared"
        },
        {
          "key": "isReadOnly",
          "value": "false"
        },
        {
          "key": "max",
          "value": "1"
        },
        {
          "key": "min",
          "value": "0"
        },
        {
          "key": "definition",
          "value": "Customer"
        }
      ],
      "behaviours": [],
      "description": null,
      "visibleFrom": null
    },
    {
      "row": 2,
      "name": "Company",
      "size": 4,
      "type": "ReferenceSelector",
      "label": "Company",
      "column": 1,
      "elements": [],
      "helpText": null,
      "isHidden": false,
      "attributes": [
        {
          "key": "aggregationKind",
          "value": "Shared"
        },
        {
          "key": "isReadOnly",
          "value": "false"
        },
        {
          "key": "max",
          "value": "1"
        },
        {
          "key": "min",
          "value": "0"
        },
        {
          "key": "definition",
          "value": "Company"
        }
      ],
      "behaviours": [],
      "description": null,
      "visibleFrom": null
    },
    {
      "row": 3,
      "name": "SalesPromise",
      "size": 12,
      "type": "List",
      "label": "Sales Promise",
      "column": 1,
      "elements": [
        {
          "row": 1,
          "name": "_resource",
          "size": 1,
          "type": "ReferenceSelector",
          "label": "Resource",
          "column": 1,
          "elements": [],
          "helpText": null,
          "isHidden": false,
          "attributes": [
            {
              "key": "aggregationKind",
              "value": "Shared"
            },
            {
              "key": "isReadOnly",
              "value": "false"
            },
            {
              "key": "max",
              "value": "1"
            },
            {
              "key": "min",
              "value": "1"
            },
            {
              "key": "definition",
              "value": "Product"
            }
          ],
          "behaviours": [],
          "description": null,
          "visibleFrom": null
        },
        {
          "row": 1,
          "name": "_quantity",
          "size": 1,
          "type": "Input",
          "label": "Quantity",
          "column": 3,
          "elements": [],
          "helpText": null,
          "isHidden": false,
          "attributes": [
            {
              "key": "aggregationKind",
              "value": "None"
            },
            {
              "key": "isReadOnly",
              "value": "false"
            },
            {
              "key": "max",
              "value": "1"
            },
            {
              "key": "min",
              "value": "1"
            },
            {
              "key": "isSensitiveData",
              "value": "false"
            },
            {
              "key": "formattingType",
              "value": "Decimal"
            }
          ],
          "behaviours": [],
          "description": null,
          "visibleFrom": null
        },
        {
          "row": 1,
          "name": "_amount",
          "size": 1,
          "type": "Input",
          "label": "Amount",
          "column": 6,
          "elements": [],
          "helpText": null,
          "isHidden": false,
          "attributes": [
            {
              "key": "aggregationKind",
              "value": "None"
            },
            {
              "key": "isReadOnly",
              "value": "true"
            },
            {
              "key": "max",
              "value": "1"
            },
            {
              "key": "min",
              "value": "1"
            },
            {
              "key": "isSensitiveData",
              "value": "false"
            },
            {
              "key": "formattingType",
              "value": "Decimal"
            }
          ],
          "behaviours": [],
          "description": null,
          "visibleFrom": null
        },
        {
          "row": 1,
          "name": "OrderDate",
          "size": 2,
          "type": "Input",
          "label": "OrderDate",
          "column": 2,
          "elements": [],
          "helpText": "",
          "isHidden": false,
          "attributes": [
            {
              "key": "aggregationKind",
              "value": "None"
            },
            {
              "key": "isReadOnly",
              "value": "false"
            },
            {
              "key": "max",
              "value": "1"
            },
            {
              "key": "min",
              "value": "0"
            },
            {
              "key": "isSensitiveData",
              "value": "false"
            },
            {
              "key": "formattingType",
              "value": "Date"
            }
          ],
          "behaviours": [],
          "description": null,
          "visibleFrom": "Mobile"
        }
      ],
      "helpText": null,
      "isHidden": false,
      "attributes": [
        {
          "key": "aggregationKind",
          "value": "Composite"
        },
        {
          "key": "isReadOnly",
          "value": "false"
        },
        {
          "key": "max",
          "value": "100"
        },
        {
          "key": "min",
          "value": "0"
        },
        {
          "key": "definition",
          "value": "SalesPromise"
        },
        {
          "key": "isEditable",
          "value": "true"
        }
      ],
      "behaviours": [],
      "description": null,
      "visibleFrom": null
    },
    {
      "row": 4,
      "name": "Total",
      "size": 3,
      "type": "Input",
      "label": "Total",
      "column": 10,
      "elements": [],
      "helpText": null,
      "isHidden": false,
      "attributes": [
        {
          "key": "aggregationKind",
          "value": "None"
        },
        {
          "key": "isReadOnly",
          "value": "true"
        },
        {
          "key": "max",
          "value": "1"
        },
        {
          "key": "min",
          "value": "0"
        },
        {
          "key": "isSensitiveData",
          "value": "false"
        },
        {
          "key": "formattingType",
          "value": "Decimal"
        }
      ],
      "behaviours": [],
      "description": null,
      "visibleFrom": null
    }
  ],
  "helpText": null,
  "attributes": [],
  "behaviours": [],
  "dataSource": "System",
  "description": null
}