{
  "name": "SalesDashboard",
  "type": "Dashboard",
  "label": "SalesDashboard",
  "elements": [
    {
      "row": 1,
      "name": "Customer",
      "size": 3,
      "type": "ReferenceSelector",
      "label": "Customer",
      "column": 1,
      "elements": [],
      "helpText": "",
      "isHidden": false,
      "attributes": [
        {
          "key": "aggregationKind",
          "value": "Shared"
        },
        {
          "key": "definition",
          "value": "Customer"
        },
        {
          "key": "min",
          "value": "0"
        },
        {
          "key": "max",
          "value": "1"
        }
      ],
      "behaviours": [
        {
          "name": "OnChange_Customer",
          "type": "Change",
          "expression": "\n\n// Code generated by an accelerator (you can change it if you need)\n// The following code invokes the API to retrieve the data of an entity and set the values in the current entity\n\nif(!newValue){\n    this.searchButton.isReadOnly = true;\n    \n    return;\n}\n\nif(this.customer && this.to)\n    this.searchButton.isReadOnly = false;\nconst apiClient = this._context.createApiHttpClient();\n\nconst dataSource = \"Default\";\n\nreturn apiClient.doGet(`/api/v1/${this._context.tenant.code}/${this._context.tenant.environmentCode}/Application/Customer/${dataSource}/${newValue}`)\n    .then(response => {\n    \n        const responseData = response.data;\n        \n        this.customerName = responseData._name; \n        this.address = responseData.address; \n        \n});\n",
          "description": ""
        }
      ],
      "description": null,
      "visibleFrom": "Mobile"
    },
    {
      "row": 2,
      "name": "BeginDate",
      "size": 3,
      "type": "Input",
      "label": "From",
      "column": 1,
      "elements": [],
      "helpText": "",
      "isHidden": false,
      "attributes": [
        {
          "key": "aggregationKind",
          "value": "None"
        },
        {
          "key": "formattingType",
          "value": "Date"
        },
        {
          "key": "min",
          "value": "0"
        },
        {
          "key": "max",
          "value": "1"
        }
      ],
      "behaviours": [
        {
          "name": "OnChange_BeginDate",
          "type": "Change",
          "expression": "if(!newValue)\n    this.searchButton.isReadOnly = true;\n    \nif(newValue && this.customer && this.to)\n    this.searchButton.isReadOnly = false;",
          "description": ""
        }
      ],
      "description": null,
      "visibleFrom": "Mobile"
    },
    {
      "row": 2,
      "name": "To",
      "size": 3,
      "type": "Input",
      "label": "To",
      "column": 2,
      "elements": [],
      "helpText": "",
      "isHidden": false,
      "attributes": [
        {
          "key": "aggregationKind",
          "value": "None"
        },
        {
          "key": "formattingType",
          "value": "Date"
        },
        {
          "key": "min",
          "value": "0"
        },
        {
          "key": "max",
          "value": "1"
        }
      ],
      "behaviours": [
        {
          "name": "OnChange_To",
          "type": "Change",
          "expression": "if(!newValue)\n    this.searchButton.isReadOnly = true;\n    \nif(newValue && this.customer && this.beginDate)\n    this.searchButton.isReadOnly = false;",
          "description": ""
        }
      ],
      "description": null,
      "visibleFrom": "Mobile"
    },
    {
      "row": 2,
      "name": "SearchButton",
      "size": 4,
      "type": "WebComponent",
      "label": "${Texts.Empty}",
      "column": 9,
      "elements": [],
      "helpText": "",
      "isHidden": false,
      "attributes": [
        {
          "key": "webComponentName",
          "value": "OmniaButton"
        },
        {
          "key": "customElementName",
          "value": "omnia-custom-button"
        }
      ],
      "behaviours": [],
      "description": null,
      "visibleFrom": "Mobile"
    },
    {
      "row": 3,
      "name": "SaleDetails",
      "size": 12,
      "type": "List",
      "label": "Last Sales",
      "column": 1,
      "elements": [],
      "helpText": "",
      "isHidden": false,
      "attributes": [
        {
          "key": "listCode",
          "value": "TopProductSalesList"
        },
        {
          "key": "pageSize",
          "value": "5"
        }
      ],
      "behaviours": [],
      "description": null,
      "visibleFrom": "Mobile"
    },
    {
      "row": 0,
      "name": "TopSalesByProductList",
      "size": 6,
      "type": "List",
      "label": "TopSalesByProductList",
      "column": 2,
      "elements": [],
      "helpText": "",
      "isHidden": true,
      "attributes": [
        {
          "key": "listCode",
          "value": "TopSalesByProductList"
        },
        {
          "key": "pageSize",
          "value": "25"
        }
      ],
      "behaviours": [],
      "description": null,
      "visibleFrom": "Mobile"
    },
    {
      "row": 0,
      "name": "SalesByCustomerList",
      "size": 6,
      "type": "List",
      "label": "SalesByCustomerList",
      "column": 1,
      "elements": [],
      "helpText": "",
      "isHidden": true,
      "attributes": [
        {
          "key": "listCode",
          "value": "SalesByCustomerList"
        },
        {
          "key": "pageSize",
          "value": "25"
        }
      ],
      "behaviours": [],
      "description": null,
      "visibleFrom": "Mobile"
    },
    {
      "row": 5,
      "name": "TopProductSales",
      "size": 6,
      "type": "WebComponent",
      "label": "Top Sales by Product",
      "column": 2,
      "elements": [],
      "helpText": "",
      "isHidden": false,
      "attributes": [
        {
          "key": "webComponentName",
          "value": "OmniaPieChart"
        },
        {
          "key": "customElementName",
          "value": "omnia-pie-chart"
        },
        {
          "key": "mapping",
          "value": "TopSalesByProductList"
        }
      ],
      "behaviours": [],
      "description": null,
      "visibleFrom": "Mobile"
    },
    {
      "row": 5,
      "name": "SalesByCustomer",
      "size": 6,
      "type": "WebComponent",
      "label": "Sales By Month",
      "column": 1,
      "elements": [],
      "helpText": "",
      "isHidden": false,
      "attributes": [
        {
          "key": "webComponentName",
          "value": "OmniaLineChart"
        },
        {
          "key": "customElementName",
          "value": "omnia-line-chart"
        },
        {
          "key": "mapping",
          "value": "SalesByCustomerList"
        }
      ],
      "behaviours": [],
      "description": null,
      "visibleFrom": "Mobile"
    },
    {
      "row": 1,
      "name": "CustomerName",
      "size": 3,
      "type": "Input",
      "label": "Name",
      "column": 2,
      "elements": [],
      "helpText": "",
      "isHidden": false,
      "attributes": [
        {
          "key": "aggregationKind",
          "value": "None"
        },
        {
          "key": "formattingType",
          "value": "Text"
        },
        {
          "key": "min",
          "value": "0"
        },
        {
          "key": "max",
          "value": "1"
        }
      ],
      "behaviours": [],
      "description": null,
      "visibleFrom": "Mobile"
    },
    {
      "row": 1,
      "name": "Address",
      "size": 6,
      "type": "Input",
      "label": "Address",
      "column": 3,
      "elements": [],
      "helpText": "",
      "isHidden": false,
      "attributes": [
        {
          "key": "aggregationKind",
          "value": "None"
        },
        {
          "key": "formattingType",
          "value": "Text"
        },
        {
          "key": "min",
          "value": "0"
        },
        {
          "key": "max",
          "value": "1"
        }
      ],
      "behaviours": [],
      "description": null,
      "visibleFrom": "Mobile"
    }
  ],
  "helpText": "",
  "attributes": [],
  "behaviours": [
    {
      "name": "Initialize",
      "type": "Initialize",
      "expression": "function applyFilters(main) {\r\n    if(main.customer){\r\n        main._metadata.elements.saleDetails.attributes[\"filters\"] = {\r\n                _receiver : { operator:\"EqualTo\", value:main.customer }\r\n        };\r\n        main._metadata.elements.salesByCustomerList.attributes[\"filters\"] = {\r\n                _receiver : { operator:\"EqualTo\", value:main.customer }\r\n        };\r\n        main._metadata.elements.topSalesByProductList.attributes[\"filters\"] = {\r\n                _receiver : { operator:\"EqualTo\", value:main.customer }\r\n        };\r\n    }\r\n        \r\n    else\r\n        main._metadata.elements.saleDetails.attributes[\"filters\"] = {};\r\n    \r\n        main._metadata.elements.saleDetails.attributes[\"queryParameters\"] = {\r\n            begindate : main.beginDate,\r\n            enddate : main.to\r\n        };\r\n        main._metadata.elements.salesByCustomerList.attributes[\"queryParameters\"] = {\r\n            begindate : main.beginDate,\r\n            enddate : main.to\r\n        };\r\n        main._metadata.elements.topSalesByProductList.attributes[\"queryParameters\"] = {\r\n            begindate : main.beginDate,\r\n            enddate : main.to\r\n        };\r\n    \r\n    main._metadata.elements.saleDetails.load();\r\n    main._metadata.elements.salesByCustomerList.load();\r\n    main._metadata.elements.topSalesByProductList.load();\r\n}\r\n\r\nthis.searchButton.text = \"Apply filters\";\r\nthis.searchButton.style = 'primary';\r\n\r\nthis.searchButton.onClick = applyFilters;\r\nthis.searchButton.isReadOnly = true;\r\n\r\nthis._metadata.elements.customer.attributes.min = \"1\";\r\nthis._metadata.elements.beginDate.attributes.min = \"1\";\r\nthis._metadata.elements.to.attributes.min = \"1\";\r\n\r\nthis._metadata.elements.customerName.attributes.isReadOnly = true;\r\nthis._metadata.elements.address.attributes.isReadOnly = true;\r\n\r\nthis._metadata.elements.saleDetails.attributes.disableLoad = true;\r\nthis._metadata.elements.saleDetails.attributes.disableFilters = true;\r\nthis._metadata.elements.saleDetails.attributes.disableSorting = true;\r\n\r\nthis._metadata.elements.salesByCustomerList.attributes.disableLoad = true;\r\nthis._metadata.elements.topSalesByProductList.attributes.disableLoad = true;",
      "description": ""
    }
  ],
  "description": ""
}