{
  "name": "Home",
  "type": "Dashboard",
  "label": "Home",
  "elements": [
    {
      "row": 1,
      "name": "CreateIdeaTile",
      "size": 3,
      "type": "WebComponent",
      "label": " ${Texts.Empty}",
      "column": 1,
      "elements": [],
      "helpText": "",
      "isHidden": false,
      "attributes": [
        {
          "key": "webComponentName",
          "value": "Tile"
        },
        {
          "key": "customElementName",
          "value": "omnia-tile"
        }
      ],
      "behaviours": [],
      "description": null,
      "visibleFrom": "Mobile"
    },
    {
      "row": 1,
      "name": "VoteOnIdeasTile",
      "size": 3,
      "type": "WebComponent",
      "label": " ${Texts.Empty}",
      "column": 2,
      "elements": [],
      "helpText": "",
      "isHidden": false,
      "attributes": [
        {
          "key": "webComponentName",
          "value": "Tile"
        },
        {
          "key": "customElementName",
          "value": "omnia-tile"
        }
      ],
      "behaviours": [],
      "description": null,
      "visibleFrom": "Mobile"
    },
    {
      "row": 1,
      "name": "IdeasOnReviewTile",
      "size": 3,
      "type": "WebComponent",
      "label": " ${Texts.Empty}",
      "column": 3,
      "elements": [],
      "helpText": "",
      "isHidden": false,
      "attributes": [
        {
          "key": "webComponentName",
          "value": "Tile"
        },
        {
          "key": "customElementName",
          "value": "omnia-tile"
        }
      ],
      "behaviours": [],
      "description": null,
      "visibleFrom": "Mobile"
    },
    {
      "row": 0,
      "name": "IdeasByMonthList",
      "size": 2,
      "type": "List",
      "label": "Ideas By Month",
      "column": 1,
      "elements": [],
      "helpText": "",
      "isHidden": true,
      "attributes": [
        {
          "key": "listCode",
          "value": "IdeasByMonthList"
        },
        {
          "key": "pageSize",
          "value": "12"
        }
      ],
      "behaviours": [],
      "description": null,
      "visibleFrom": "Mobile"
    },
    {
      "row": 2,
      "name": "IdeasByMonthChart",
      "size": 9,
      "type": "WebComponent",
      "label": "Ideas by month (last year)",
      "column": 1,
      "elements": [],
      "helpText": "",
      "isHidden": false,
      "attributes": [
        {
          "key": "webComponentName",
          "value": "LineChart"
        },
        {
          "key": "customElementName",
          "value": "omnia-line-chart"
        },
        {
          "key": "mapping",
          "value": "IdeasByMonthList"
        }
      ],
      "behaviours": [],
      "description": null,
      "visibleFrom": "Mobile"
    },
    {
      "row": 0,
      "name": "IdeaVoteRatioList",
      "size": 2,
      "type": "List",
      "label": "IdeaVoteRatioList",
      "column": 2,
      "elements": [],
      "helpText": "",
      "isHidden": true,
      "attributes": [
        {
          "key": "listCode",
          "value": "IdeaVoteRatioList"
        },
        {
          "key": "pageSize",
          "value": "2"
        }
      ],
      "behaviours": [],
      "description": null,
      "visibleFrom": "Mobile"
    },
    {
      "row": 2,
      "name": "IdeaVoteRatioChart",
      "size": 3,
      "type": "WebComponent",
      "label": "Vote Ratio",
      "column": 10,
      "elements": [],
      "helpText": "",
      "isHidden": false,
      "attributes": [
        {
          "key": "webComponentName",
          "value": "BarChart"
        },
        {
          "key": "customElementName",
          "value": "omnia-bar-chart"
        },
        {
          "key": "mapping",
          "value": "IdeaVoteRatioList"
        }
      ],
      "behaviours": [],
      "description": null,
      "visibleFrom": "Mobile"
    },
    {
      "row": 1,
      "name": "AbstentionRateTile",
      "size": 3,
      "type": "WebComponent",
      "label": "${Texts.Empty}",
      "column": 4,
      "elements": [],
      "helpText": "",
      "isHidden": false,
      "attributes": [
        {
          "key": "webComponentName",
          "value": "Tile"
        },
        {
          "key": "customElementName",
          "value": "omnia-tile"
        }
      ],
      "behaviours": [],
      "description": null,
      "visibleFrom": "Mobile"
    }
  ],
  "helpText": "Homepage dashboard with a list of all submitted ideas, followed by a list approved and rejected ones.",
  "attributes": [],
  "behaviours": [
    {
      "name": "Initialize",
      "type": "Initialize",
      "expression": "const apiClient = this._context.createApiHttpClient();\r\n\r\nfunction abstentionData(data){\r\n    data.abstentionTile.title = \"Abtention Rate\";\r\n    data.abstentionTile.icon = \"user-times\";\r\n    data.abstentionTile.iconColor = \"green\";\r\n    apiClient\r\n\t.doPost(`/api/v1/${data._context.tenant.code}/${data._context.tenant.environmentCode}/Application/Queries/AbstentionRate/Default?PageSize=1`, {})\r\n\t.then(\r\n\t\tresponse => {\r\n\t\t    if(response && response.numberOfRecords >0){\r\n    \t\t    const responseData = response.data;\r\n    \t\t    if(responseData.length>0)\r\n    \t\t\t    guidelinesComponent.content = [{value: responseData.abstention}];\r\n\t\t    }\r\n\t\t}\r\n\t);\r\n}\r\n\r\nfunction ideasPendingVote(data){\r\n    \tapiClient\r\n\t\t.doPost(`/api/v1/${data._context.tenant.code}/${data._context.tenant.environmentCode}/Application/Queries/IdeasPendingEmployeeVote/Default?PageSize=1`, {})\r\n\t\t.then(\r\n\t\t\tresponse => {\r\n\t\t\t    if(response && response.numberOfRecords >0){\r\n    \t\t\t    const responseData = response.data;\r\n    \t\t\t    if(responseData.length>0)\r\n    \t\t\t\t    data.voteOnIdeasTile.value = responseData[0].pendingvote;\t\t\t        \r\n\t\t\t    }\r\n\t\t\t}\r\n\t\t);\r\n}\r\n\r\nfunction myIdeasPendingReview(data){\r\n    \tapiClient\r\n\t\t.doPost(`/api/v1/${data._context.tenant.code}/${data._context.tenant.environmentCode}/Application/Queries/EmployeeIdeasOnReviewQuery/Default?PageSize=1`, {})\r\n\t\t.then(\r\n\t\t\tresponse => {\r\n\t\t\t    if(response && response.numberOfRecords >0){\r\n    \t\t\t    const responseData = response.data;\r\n    \t\t\t    if(responseData.length>0)\r\n    \t\t\t\t    data.ideasOnReviewTile.value = responseData[0].pendingreview;\t\t\t        \r\n\t\t\t    }\r\n\t\t\t}\r\n\t\t);\r\n}\r\n\r\nfunction setAbstentionRate(data){\r\n    \tapiClient\r\n\t\t.doPost(`/api/v1/${data._context.tenant.code}/${data._context.tenant.environmentCode}/Application/Queries/AbstentionRate/Default?PageSize=1`, {})\r\n\t\t.then(\r\n\t\t\tresponse => {\r\n\t\t\t    if(response && response.numberOfRecords >0){\r\n    \t\t\t    const responseData = response.data;\r\n    \t\t\t    if(responseData.length>0)\r\n    \t\t\t\t    data.abstentionRateTile.value = responseData[0].abstention+\"%\";\t\t\t        \r\n\t\t\t    }\r\n\t\t\t}\r\n\t\t);\r\n}\r\n\r\nconst initializeTile = (tile, title, icon, iconColor, textColor, backgroundColor, value, isLoading) => {\r\n\ttile.title = title;\r\n\ttile.icon = icon;\r\n\tif(iconColor) tile.iconColor = iconColor;\r\n\tif(textColor) tile.textColor = textColor;\r\n\tif(backgroundColor) tile.backgroundColor = backgroundColor;\r\n\ttile.value = value || '';\r\n\ttile.isLoading = isLoading === true;\r\n};\r\n\r\n\r\ninitializeTile(this.createIdeaTile, \"\", 'lightbulb-o', '#3eb6ed', '#3eb6ed', 'white', \"Add a new Idea\");\r\ninitializeTile(this.voteOnIdeasTile, \"Ideas pending vote\", 'thumbs-up', '#8fbc8f', '#8fbc8f', 'white', \"\");\r\ninitializeTile(this.ideasOnReviewTile, \"My ideas pending review\", 'edit', '#edc73e', '#edc73e', 'white', \"\");\r\ninitializeTile(this.abstentionRateTile, \"Absention rate\", 'user-times', '#f26d6d', '#f26d6d', 'white', \"\");\r\n\r\nthis.createIdeaTile.onClick = () => this._context.redirectToApplicationAddress(`Idea/Default/Create`);\r\nthis.voteOnIdeasTile.onClick = () => this._context.redirectToApplicationAddress(`Idea/Default`);\r\nthis.ideasOnReviewTile.onClick = () => this._context.redirectToApplicationAddress(`Idea/Default`);\r\n\r\nideasPendingVote(this);\r\nmyIdeasPendingReview(this);\r\nsetAbstentionRate(this);\r\n//abstentionData(this);",
      "description": ""
    }
  ],
  "description": "Homepage dashboard with a list of all submitted ideas, followed by a list approved and rejected ones."
}