{
  "name": "IdeaFormGuidelineDashboard",
  "type": "Dashboard",
  "label": "Idea Form Guideline",
  "elements": [
    {
      "row": 1,
      "name": "IdeaFormGuidelineList",
      "size": 12,
      "type": "List",
      "label": "Idea Form Guideline",
      "column": 1,
      "elements": [],
      "helpText": null,
      "isHidden": false,
      "attributes": [
        {
          "key": "listCode",
          "value": "IdeaFormGuidelineList"
        }
      ],
      "behaviours": [],
      "description": null,
      "visibleFrom": null
    }
  ],
  "helpText": null,
  "attributes": [],
  "behaviours": [],
  "description": null
}