{
  "name": "Primavera_OpenPlatform",
  "dataSource": "Primavera",
  "expression": "Dictionary<string, object> result = new Dictionary<string, object>();\r\n            try\r\n            {\r\n                string erpCompany = string.Empty;\r\n                EnumTipoPlataforma platformType = EnumTipoPlataforma.tpEmpresarial;\r\n\r\n                if (context.Operation.DataSourceType.Equals(\"Primavera\", StringComparison.InvariantCultureIgnoreCase))\r\n                {\r\n                    erpCompany = context.Operation.DataSource;\r\n                }\r\n                else\r\n                {\r\n                    if (!args.ContainsKey(\"Company\"))\r\n                        throw new Exception(\"Company was not sent \");\r\n                    else\r\n                        erpCompany = args[\"Company\"].ToString();\r\n                }\r\n\r\n                string abvtApl = \"\";\r\n                if (!args.ContainsKey(\"Module\"))\r\n                    throw new Exception(\"Module was not sent \");\r\n                else\r\n                    abvtApl = args[\"Module\"].ToString();\r\n\r\n                var httpClient = context.CreateApplicationHttpClient();\r\n                var requestResult = httpClient.GetAsync($\"Primavera/Default/{erpCompany}\").Result;\r\n\r\n                PrimaveraApplicationBehaviours.Primavera_EnsureSuccessApiResult(new Dictionary<string, object>\r\n                {\r\n                    {\"requestResult\", requestResult}\r\n                }, context);\r\n\r\n                PrimaveraDto primavera = requestResult.Content.ReadAsAsync<PrimaveraDto>().Result;\r\n                Enum.TryParse(primavera.PlatformType, out platformType);\r\n                var decryptArgs = new Dictionary<string, object> { { \"EncryptedText\", primavera.Password } };\r\n                var decrypted = PrimaveraApplicationBehaviours.Primavera_Decrypt(decryptArgs);\r\n                List<IDictionary<string, object>> entityList = new List<IDictionary<string, object>>();\r\n\r\n                StdPlatBS platform = new StdPlatBS();\r\n                var conf = new StdBSConfApl();\r\n                conf.AbvtApl = abvtApl;\r\n                conf.Instancia = \"default\";\r\n                conf.Utilizador = primavera.Username;\r\n                conf.PwdUtilizador = decrypted[\"DecryptedText\"].ToString();\r\n                conf.LicVersaoMinima = \"9.00\";\r\n\r\n                platform.AbrePlataformaEmpresa(erpCompany, null, conf, platformType, string.Empty);\r\n\r\n                result.Add(\"StdPlatBS\", platform);\r\n            }\r\n            catch (Exception ex)\r\n            {\r\n                throw new Exception(\"Error opening ERP Platform\");\r\n            }\r\n\r\n            return result;",
  "description": "",
  "executionLocation": "External",
  "behaviourNamespaces": [
    {
      "name": "StdPlatBS900",
      "description": "",
      "executionLocation": "External",
      "fullyQualifiedName": "Interop.StdPlatBS900"
    },
    {
      "name": "SystemNetHttp",
      "description": "",
      "executionLocation": "External",
      "fullyQualifiedName": "System.Net.Http"
    },
    {
      "name": "StdBE900",
      "description": "",
      "executionLocation": "External",
      "fullyQualifiedName": "Interop.StdBE900"
    }
  ]
}