{
  "name": "Application",
  "policies": [],
  "description": "Application authorization policy.",
  "permissions": [
    {
      "name": "TimeRecordsPendingClosure_read",
      "roles": [
        "Administration",
        "TeamPlayer"
      ],
      "description": "Read permission for TimeRecordsPendingClosure."
    },
    {
      "name": "TimesheetDashboard_read",
      "roles": [
        "Administration",
        "TeamPlayer"
      ],
      "description": "Read permission for TimesheetDashboard."
    },
    {
      "name": "TimesheetQuery_read",
      "roles": [
        "Administration",
        "TeamPlayer"
      ],
      "description": "Read permission for TimesheetQuery."
    },
    {
      "name": "TimesheetForm_read",
      "roles": [
        "Administration"
      ],
      "description": "Read permission for TimesheetForm."
    },
    {
      "name": "Timesheet_read",
      "roles": [
        "Administration",
        "TeamPlayer"
      ],
      "description": "Read permission for Timesheet."
    },
    {
      "name": "Timesheet_write",
      "roles": [
        "Administration",
        "TeamPlayer"
      ],
      "description": "Write permission for Timesheet."
    },
    {
      "name": "Timesheet_delete",
      "roles": [
        "Administration",
        "TeamPlayer"
      ],
      "description": "Delete permission for Timesheet."
    },
    {
      "name": "Timesheet_destroy",
      "roles": [
        "Administration"
      ],
      "description": "Destroy Sensitive Data permission for Timesheet."
    },
    {
      "name": "TimesheetSerieDashboard_read",
      "roles": [
        "Administration"
      ],
      "description": "Read permission for TimesheetSerieDashboard."
    },
    {
      "name": "TimesheetSerieQuery_read",
      "roles": [
        "Administration",
        "TeamPlayer"
      ],
      "description": "Read permission for TimesheetSerieQuery."
    },
    {
      "name": "TimesheetSerieForm_read",
      "roles": [
        "Administration"
      ],
      "description": "Read permission for TimesheetSerieForm."
    },
    {
      "name": "TimesheetSerie_read",
      "roles": [
        "Administration",
        "TeamPlayer"
      ],
      "description": "Read permission for TimesheetSerie."
    },
    {
      "name": "TimesheetSerie_write",
      "roles": [
        "Administration"
      ],
      "description": "Write permission for TimesheetSerie."
    },
    {
      "name": "TimesheetSerie_delete",
      "roles": [
        "Administration"
      ],
      "description": "Delete permission for TimesheetSerie."
    },
    {
      "name": "TimesheetSerie_destroy",
      "roles": [
        "Administration"
      ],
      "description": "Destroy Sensitive Data permission for TimesheetSerie."
    },
    {
      "name": "ExecutedLabor_read",
      "roles": [
        "Administration"
      ],
      "description": "Read permission for ExecutedLabor."
    },
    {
      "name": "ExecutedLabor_write",
      "roles": [
        "Administration"
      ],
      "description": "Write permission for ExecutedLabor."
    },
    {
      "name": "ExecutedLabor_delete",
      "roles": [
        "Administration"
      ],
      "description": "Delete permission for ExecutedLabor."
    },
    {
      "name": "ExecutedLabor_destroy",
      "roles": [
        "Administration"
      ],
      "description": "Destroy Sensitive Data permission for ExecutedLabor."
    },
    {
      "name": "ProjectDashboard_read",
      "roles": [
        "Administration",
        "TeamPlayer"
      ],
      "description": "Read permission for ProjectDashboard."
    },
    {
      "name": "ProjectQuery_read",
      "roles": [
        "Administration",
        "TeamPlayer"
      ],
      "description": "Read permission for ProjectQuery."
    },
    {
      "name": "ProjectForm_read",
      "roles": [
        "Administration"
      ],
      "description": "Read permission for ProjectForm."
    },
    {
      "name": "Project_read",
      "roles": [
        "Administration",
        "TeamPlayer"
      ],
      "description": "Read permission for Project."
    },
    {
      "name": "Project_write",
      "roles": [
        "Administration",
        "TeamPlayer"
      ],
      "description": "Write permission for Project."
    },
    {
      "name": "Project_delete",
      "roles": [
        "Administration"
      ],
      "description": "Delete permission for Project."
    },
    {
      "name": "Project_destroy",
      "roles": [
        "Administration"
      ],
      "description": "Destroy Sensitive Data permission for Project."
    },
    {
      "name": "CategoryDashboard_read",
      "roles": [
        "Administration"
      ],
      "description": "Read permission for CategoryDashboard."
    },
    {
      "name": "CategoryQuery_read",
      "roles": [
        "Administration",
        "TeamPlayer"
      ],
      "description": "Read permission for CategoryQuery."
    },
    {
      "name": "CategoryForm_read",
      "roles": [
        "Administration"
      ],
      "description": "Read permission for CategoryForm."
    },
    {
      "name": "Category_read",
      "roles": [
        "Administration",
        "TeamPlayer"
      ],
      "description": "Read permission for Category."
    },
    {
      "name": "Category_write",
      "roles": [
        "Administration"
      ],
      "description": "Write permission for Category."
    },
    {
      "name": "Category_delete",
      "roles": [
        "Administration"
      ],
      "description": "Delete permission for Category."
    },
    {
      "name": "Category_destroy",
      "roles": [
        "Administration"
      ],
      "description": "Destroy Sensitive Data permission for Category."
    },
    {
      "name": "LaborDashboard_read",
      "roles": [
        "Administration"
      ],
      "description": "Read permission for LaborDashboard."
    },
    {
      "name": "LaborQuery_read",
      "roles": [
        "Administration",
        "TeamPlayer"
      ],
      "description": "Read permission for LaborQuery."
    },
    {
      "name": "LaborForm_read",
      "roles": [
        "Administration"
      ],
      "description": "Read permission for LaborForm."
    },
    {
      "name": "Labor_read",
      "roles": [
        "Administration",
        "TeamPlayer"
      ],
      "description": "Read permission for Labor."
    },
    {
      "name": "Labor_write",
      "roles": [
        "Administration"
      ],
      "description": "Write permission for Labor."
    },
    {
      "name": "Labor_delete",
      "roles": [
        "Administration"
      ],
      "description": "Delete permission for Labor."
    },
    {
      "name": "Labor_destroy",
      "roles": [
        "Administration"
      ],
      "description": "Destroy Sensitive Data permission for Labor."
    },
    {
      "name": "TeamPlayerDashboard_read",
      "roles": [
        "Administration"
      ],
      "description": "Read permission for TeamPlayerDashboard."
    },
    {
      "name": "TeamPlayerQuery_read",
      "roles": [
        "Administration",
        "TeamPlayer"
      ],
      "description": "Read permission for TeamPlayerQuery."
    },
    {
      "name": "TeamPlayerForm_read",
      "roles": [
        "Administration"
      ],
      "description": "Read permission for TeamPlayerForm."
    },
    {
      "name": "TeamPlayer_read",
      "roles": [
        "Administration",
        "TeamPlayer"
      ],
      "description": "Read permission for TeamPlayer."
    },
    {
      "name": "TeamPlayer_write",
      "roles": [
        "Administration"
      ],
      "description": "Write permission for TeamPlayer."
    },
    {
      "name": "TeamPlayer_delete",
      "roles": [
        "Administration"
      ],
      "description": "Delete permission for TeamPlayer."
    },
    {
      "name": "TeamPlayer_destroy",
      "roles": [
        "Administration"
      ],
      "description": "Destroy Sensitive Data permission for TeamPlayer."
    },
    {
      "name": "CustomerDashboard_read",
      "roles": [
        "Administration"
      ],
      "description": "Read permission for CustomerDashboard."
    },
    {
      "name": "CustomerQuery_read",
      "roles": [
        "Administration",
        "TeamPlayer"
      ],
      "description": "Read permission for CustomerQuery."
    },
    {
      "name": "CustomerForm_read",
      "roles": [
        "Administration"
      ],
      "description": "Read permission for CustomerForm."
    },
    {
      "name": "Customer_read",
      "roles": [
        "Administration",
        "TeamPlayer"
      ],
      "description": "Read permission for Customer."
    },
    {
      "name": "Customer_write",
      "roles": [
        "Administration"
      ],
      "description": "Write permission for Customer."
    },
    {
      "name": "Customer_delete",
      "roles": [
        "Administration"
      ],
      "description": "Delete permission for Customer."
    },
    {
      "name": "Customer_destroy",
      "roles": [
        "Administration"
      ],
      "description": "Destroy Sensitive Data permission for Customer."
    },
    {
      "name": "System_read",
      "roles": [
        "Administration"
      ],
      "description": "Read permission for System."
    },
    {
      "name": "System_write",
      "roles": [
        "Administration"
      ],
      "description": "Write permission for System."
    },
    {
      "name": "System_delete",
      "roles": [
        "Administration"
      ],
      "description": "Delete permission for System."
    },
    {
      "name": "System_destroy",
      "roles": [
        "Administration"
      ],
      "description": "Destroy Sensitive Data permission for System."
    },
    {
      "name": "Home_read",
      "roles": [
        "Administration"
      ],
      "description": "Read permission for Home."
    },
    {
      "name": "ProjectEstimationVsConsumption_read",
      "roles": [
        "Administration",
        "TeamPlayer"
      ],
      "description": "Read permission for ProjectEstimationVsConsumption."
    },
    {
      "name": "CategoryPercentage_read",
      "roles": [
        "Administration",
        "TeamPlayer"
      ],
      "description": "Read permission for CategoryPercentage."
    },
    {
      "name": "ProjectCategoryPercentage_read",
      "roles": [
        "Administration",
        "TeamPlayer"
      ],
      "description": "Read permission for ProjectCategoryPercentage."
    },
    {
      "name": "MyTimesheetsQuery_read",
      "roles": [
        "Administration",
        "TeamPlayer"
      ],
      "description": "Read permission for MyTimesheetsQuery."
    }
  ]
}