{
  "name": "DefaultApplicationMenu",
  "type": "Menu",
  "label": "Default menu",
  "elements": [
    {
      "row": 1,
      "name": "Homepage",
      "size": 12,
      "type": "MenuEntry",
      "label": "Homepage",
      "column": 1,
      "elements": [],
      "helpText": null,
      "isHidden": false,
      "attributes": [
        {
          "key": "Color",
          "value": "DarkGray"
        },
        {
          "key": "Icon",
          "value": "home"
        },
        {
          "key": "ActionType",
          "value": "Home"
        }
      ],
      "behaviours": [],
      "description": null,
      "visibleFrom": null
    },
    {
      "row": 2,
      "name": "Documents",
      "size": 12,
      "type": "MenuEntry",
      "label": "Documents",
      "column": 1,
      "elements": [
        {
          "row": 1,
          "name": "SalesOrder",
          "size": 12,
          "type": "MenuEntry",
          "label": "Sales Order",
          "column": 1,
          "elements": [],
          "helpText": null,
          "isHidden": false,
          "attributes": [
            {
              "key": "Color",
              "value": "SeaGreen"
            },
            {
              "key": "Icon",
              "value": "file-text-o"
            },
            {
              "key": "ActionLocation",
              "value": "SalesOrder"
            },
            {
              "key": "ActionType",
              "value": "Document"
            }
          ],
          "behaviours": [],
          "description": null,
          "visibleFrom": null
        }
      ],
      "helpText": null,
      "isHidden": false,
      "attributes": [
        {
          "key": "Color",
          "value": "SeaGreen"
        },
        {
          "key": "Icon",
          "value": "file-text-o"
        },
        {
          "key": "IsFolder",
          "value": "true"
        }
      ],
      "behaviours": [],
      "description": null,
      "visibleFrom": null
    },
    {
      "row": 3,
      "name": "Configurations",
      "size": 12,
      "type": "MenuEntry",
      "label": "Configurations",
      "column": 1,
      "elements": [
        {
          "row": 2,
          "name": "Product",
          "size": 12,
          "type": "MenuEntry",
          "label": "Product",
          "column": 1,
          "elements": [],
          "helpText": null,
          "isHidden": false,
          "attributes": [
            {
              "key": "Color",
              "value": "DarkGray"
            },
            {
              "key": "Icon",
              "value": "cog"
            },
            {
              "key": "ActionLocation",
              "value": "Product"
            },
            {
              "key": "ActionType",
              "value": "Resource"
            }
          ],
          "behaviours": [],
          "description": null,
          "visibleFrom": null
        },
        {
          "row": 3,
          "name": "Company",
          "size": 12,
          "type": "MenuEntry",
          "label": "Company",
          "column": 1,
          "elements": [],
          "helpText": null,
          "isHidden": false,
          "attributes": [
            {
              "key": "Color",
              "value": "DarkGray"
            },
            {
              "key": "Icon",
              "value": "cog"
            },
            {
              "key": "ActionLocation",
              "value": "Company"
            },
            {
              "key": "ActionType",
              "value": "Agent"
            }
          ],
          "behaviours": [],
          "description": null,
          "visibleFrom": null
        },
        {
          "row": 6,
          "name": "Customer",
          "size": 12,
          "type": "MenuEntry",
          "label": "Customer",
          "column": 1,
          "elements": [],
          "helpText": null,
          "isHidden": false,
          "attributes": [
            {
              "key": "Color",
              "value": "DarkGray"
            },
            {
              "key": "Icon",
              "value": "cog"
            },
            {
              "key": "ActionLocation",
              "value": "Customer"
            },
            {
              "key": "ActionType",
              "value": "Agent"
            }
          ],
          "behaviours": [],
          "description": null,
          "visibleFrom": null
        }
      ],
      "helpText": null,
      "isHidden": false,
      "attributes": [
        {
          "key": "Color",
          "value": "DarkGray"
        },
        {
          "key": "Icon",
          "value": "cog"
        },
        {
          "key": "IsFolder",
          "value": "true"
        }
      ],
      "behaviours": [],
      "description": null,
      "visibleFrom": null
    },
    {
      "row": 4,
      "name": "Dashboards",
      "size": 12,
      "type": "MenuEntry",
      "label": "Dashboards",
      "column": 1,
      "elements": [
        {
          "row": 4,
          "name": "SalesDashboard",
          "size": 12,
          "type": "MenuEntry",
          "label": "Sales Dashboard",
          "column": 1,
          "elements": [],
          "helpText": null,
          "isHidden": false,
          "attributes": [
            {
              "key": "Color",
              "value": "LightPink"
            },
            {
              "key": "Icon",
              "value": "tachometer"
            },
            {
              "key": "ActionLocation",
              "value": "SalesDashboard"
            },
            {
              "key": "ActionType",
              "value": "Dashboard"
            },
            {
              "key": "isFolder",
              "value": "false"
            }
          ],
          "behaviours": [],
          "description": null,
          "visibleFrom": null
        }
      ],
      "helpText": null,
      "isHidden": false,
      "attributes": [
        {
          "key": "Color",
          "value": "LightPink"
        },
        {
          "key": "Icon",
          "value": "tachometer"
        },
        {
          "key": "IsFolder",
          "value": "true"
        }
      ],
      "behaviours": [],
      "description": null,
      "visibleFrom": null
    },
    {
      "row": 5,
      "name": "Series",
      "size": 12,
      "type": "MenuEntry",
      "label": "Series",
      "column": 1,
      "elements": [
        {
          "row": 1,
          "name": "SalesOrderSerie",
          "size": 12,
          "type": "MenuEntry",
          "label": "Sales Order Serie",
          "column": 1,
          "elements": [],
          "helpText": null,
          "isHidden": false,
          "attributes": [
            {
              "key": "Color",
              "value": "MediumSlateBlue"
            },
            {
              "key": "Icon",
              "value": "sort-numeric-asc"
            },
            {
              "key": "ActionLocation",
              "value": "SalesOrderSerie"
            },
            {
              "key": "ActionType",
              "value": "Serie"
            }
          ],
          "behaviours": [],
          "description": null,
          "visibleFrom": null
        }
      ],
      "helpText": null,
      "isHidden": false,
      "attributes": [
        {
          "key": "Color",
          "value": "MediumSlateBlue"
        },
        {
          "key": "Icon",
          "value": "sort-numeric-asc"
        },
        {
          "key": "IsFolder",
          "value": "true"
        }
      ],
      "behaviours": [],
      "description": null,
      "visibleFrom": null
    }
  ],
  "helpText": null,
  "attributes": [
    {
      "key": "Generated",
      "value": "false"
    }
  ],
  "behaviours": [],
  "description": "Generated default menu"
}