{
  "name": "IdeaForm",
  "type": "Form",
  "label": "Idea",
  "entity": "Idea",
  "elements": [
    {
      "row": 0,
      "name": "_code",
      "size": 6,
      "type": "Input",
      "label": "Code",
      "column": 1,
      "elements": [],
      "helpText": null,
      "isHidden": true,
      "attributes": [
        {
          "key": "aggregationKind",
          "value": "None"
        },
        {
          "key": "isReadOnly",
          "value": "false"
        },
        {
          "key": "max",
          "value": "1"
        },
        {
          "key": "min",
          "value": "1"
        },
        {
          "key": "isSensitiveData",
          "value": "false"
        },
        {
          "key": "formattingType",
          "value": "Text"
        }
      ],
      "behaviours": [],
      "description": null,
      "visibleFrom": null
    },
    {
      "row": 1,
      "name": "_serie",
      "size": 6,
      "type": "ReferenceSelector",
      "label": "Serie",
      "column": 7,
      "elements": [],
      "helpText": null,
      "isHidden": true,
      "attributes": [
        {
          "key": "aggregationKind",
          "value": "Shared"
        },
        {
          "key": "isReadOnly",
          "value": "false"
        },
        {
          "key": "max",
          "value": "1"
        },
        {
          "key": "min",
          "value": "1"
        },
        {
          "key": "definition",
          "value": "IdeaSerie"
        }
      ],
      "behaviours": [],
      "description": null,
      "visibleFrom": null
    },
    {
      "row": 0,
      "name": "_number",
      "size": 6,
      "type": "Input",
      "label": "Number",
      "column": 1,
      "elements": [],
      "helpText": null,
      "isHidden": true,
      "attributes": [
        {
          "key": "aggregationKind",
          "value": "None"
        },
        {
          "key": "isReadOnly",
          "value": "true"
        },
        {
          "key": "max",
          "value": "1"
        },
        {
          "key": "min",
          "value": "0"
        },
        {
          "key": "isSensitiveData",
          "value": "false"
        },
        {
          "key": "formattingType",
          "value": "Integer"
        }
      ],
      "behaviours": [],
      "description": null,
      "visibleFrom": null
    },
    {
      "row": 6,
      "name": "VoteComponent",
      "size": 7,
      "type": "WebComponent",
      "label": " ",
      "column": 6,
      "elements": [],
      "helpText": "",
      "isHidden": true,
      "attributes": [
        {
          "key": "webComponentName",
          "value": "OmniaVote"
        },
        {
          "key": "customElementName",
          "value": "omnia-vote"
        }
      ],
      "behaviours": [],
      "description": null,
      "visibleFrom": "Mobile"
    },
    {
      "row": 7,
      "name": "EmployeeVote",
      "size": 12,
      "type": "List",
      "label": "Employee Vote",
      "column": 1,
      "elements": [
        {
          "row": 1,
          "name": "_resource",
          "size": 2,
          "type": "ReferenceSelector",
          "label": "Resource",
          "column": 1,
          "elements": [],
          "helpText": null,
          "isHidden": true,
          "attributes": [
            {
              "key": "aggregationKind",
              "value": "Shared"
            },
            {
              "key": "isReadOnly",
              "value": "false"
            },
            {
              "key": "max",
              "value": "1"
            },
            {
              "key": "min",
              "value": "1"
            },
            {
              "key": "definition",
              "value": "Vote"
            }
          ],
          "behaviours": [],
          "description": null,
          "visibleFrom": null
        },
        {
          "row": 1,
          "name": "_provider",
          "size": 3,
          "type": "ReferenceSelector",
          "label": "Employee",
          "column": 3,
          "elements": [],
          "helpText": null,
          "isHidden": false,
          "attributes": [
            {
              "key": "aggregationKind",
              "value": "Shared"
            },
            {
              "key": "isReadOnly",
              "value": "false"
            },
            {
              "key": "max",
              "value": "1"
            },
            {
              "key": "min",
              "value": "1"
            },
            {
              "key": "definition",
              "value": "Employee"
            }
          ],
          "behaviours": [],
          "description": null,
          "visibleFrom": null
        },
        {
          "row": 1,
          "name": "_receiver",
          "size": 2,
          "type": "ReferenceSelector",
          "label": "Receiver",
          "column": 5,
          "elements": [],
          "helpText": null,
          "isHidden": true,
          "attributes": [
            {
              "key": "aggregationKind",
              "value": "Shared"
            },
            {
              "key": "isReadOnly",
              "value": "false"
            },
            {
              "key": "max",
              "value": "1"
            },
            {
              "key": "min",
              "value": "1"
            },
            {
              "key": "definition",
              "value": "Company"
            }
          ],
          "behaviours": [],
          "description": null,
          "visibleFrom": null
        },
        {
          "row": 1,
          "name": "_quantity",
          "size": 2,
          "type": "Input",
          "label": "Quantity",
          "column": 9,
          "elements": [],
          "helpText": null,
          "isHidden": true,
          "attributes": [
            {
              "key": "aggregationKind",
              "value": "None"
            },
            {
              "key": "isReadOnly",
              "value": "false"
            },
            {
              "key": "max",
              "value": "1"
            },
            {
              "key": "min",
              "value": "1"
            },
            {
              "key": "isSensitiveData",
              "value": "false"
            },
            {
              "key": "formattingType",
              "value": "Decimal"
            }
          ],
          "behaviours": [],
          "description": null,
          "visibleFrom": null
        },
        {
          "row": 1,
          "name": "_amount",
          "size": 2,
          "type": "Input",
          "label": "Amount",
          "column": 11,
          "elements": [],
          "helpText": null,
          "isHidden": true,
          "attributes": [
            {
              "key": "aggregationKind",
              "value": "None"
            },
            {
              "key": "isReadOnly",
              "value": "false"
            },
            {
              "key": "max",
              "value": "1"
            },
            {
              "key": "min",
              "value": "1"
            },
            {
              "key": "isSensitiveData",
              "value": "false"
            },
            {
              "key": "formattingType",
              "value": "Decimal"
            }
          ],
          "behaviours": [],
          "description": null,
          "visibleFrom": null
        },
        {
          "row": 1,
          "name": "IsUpvote",
          "size": 1,
          "type": "Input",
          "label": "Upvoted",
          "column": 11,
          "elements": [],
          "helpText": "",
          "isHidden": false,
          "attributes": [
            {
              "key": "aggregationKind",
              "value": "None"
            },
            {
              "key": "isReadOnly",
              "value": "true"
            },
            {
              "key": "max",
              "value": "1"
            },
            {
              "key": "min",
              "value": "0"
            },
            {
              "key": "isSensitiveData",
              "value": "false"
            },
            {
              "key": "formattingType",
              "value": "Boolean"
            }
          ],
          "behaviours": [],
          "description": null,
          "visibleFrom": "Mobile"
        },
        {
          "row": 1,
          "name": "ProviderName",
          "size": 7,
          "type": "Input",
          "label": "Name",
          "column": 3,
          "elements": [],
          "helpText": "",
          "isHidden": false,
          "attributes": [
            {
              "key": "aggregationKind",
              "value": "None"
            },
            {
              "key": "isReadOnly",
              "value": "true"
            },
            {
              "key": "max",
              "value": "1"
            },
            {
              "key": "min",
              "value": "0"
            },
            {
              "key": "isSensitiveData",
              "value": "false"
            },
            {
              "key": "formattingType",
              "value": "Text"
            }
          ],
          "behaviours": [],
          "description": null,
          "visibleFrom": "Mobile"
        }
      ],
      "helpText": null,
      "isHidden": true,
      "attributes": [
        {
          "key": "aggregationKind",
          "value": "Composite"
        },
        {
          "key": "isReadOnly",
          "value": "false"
        },
        {
          "key": "max",
          "value": "100"
        },
        {
          "key": "min",
          "value": "0"
        },
        {
          "key": "definition",
          "value": "EmployeeIdeaVote"
        },
        {
          "key": "isEditable",
          "value": "true"
        }
      ],
      "behaviours": [],
      "description": null,
      "visibleFrom": null
    },
    {
      "row": 0,
      "name": "Company",
      "size": 6,
      "type": "ReferenceSelector",
      "label": "Company",
      "column": 1,
      "elements": [],
      "helpText": null,
      "isHidden": true,
      "attributes": [
        {
          "key": "aggregationKind",
          "value": "Shared"
        },
        {
          "key": "isReadOnly",
          "value": "true"
        },
        {
          "key": "max",
          "value": "1"
        },
        {
          "key": "min",
          "value": "1"
        },
        {
          "key": "definition",
          "value": "Company"
        }
      ],
      "behaviours": [],
      "description": null,
      "visibleFrom": null
    },
    {
      "row": 1,
      "name": "Employee",
      "size": 4,
      "type": "ReferenceSelector",
      "label": "Employee",
      "column": 7,
      "elements": [],
      "helpText": null,
      "isHidden": true,
      "attributes": [
        {
          "key": "aggregationKind",
          "value": "Shared"
        },
        {
          "key": "isReadOnly",
          "value": "true"
        },
        {
          "key": "max",
          "value": "1"
        },
        {
          "key": "min",
          "value": "1"
        },
        {
          "key": "definition",
          "value": "Employee"
        }
      ],
      "behaviours": [],
      "description": null,
      "visibleFrom": null
    },
    {
      "row": 1,
      "name": "QuestionsContainer",
      "size": 8,
      "type": "Container",
      "label": "${Texts.Empty}",
      "column": 1,
      "elements": [
        {
          "row": 0,
          "name": "_date",
          "size": 2,
          "type": "Input",
          "label": "Date",
          "column": 1,
          "elements": [],
          "helpText": null,
          "isHidden": true,
          "attributes": [
            {
              "key": "aggregationKind",
              "value": "None"
            },
            {
              "key": "isReadOnly",
              "value": "true"
            },
            {
              "key": "max",
              "value": "1"
            },
            {
              "key": "min",
              "value": "1"
            },
            {
              "key": "isSensitiveData",
              "value": "false"
            },
            {
              "key": "formattingType",
              "value": "Date"
            }
          ],
          "behaviours": [],
          "description": null,
          "visibleFrom": null
        },
        {
          "row": 1,
          "name": "IdeaTitle",
          "size": 12,
          "type": "Input",
          "label": "1️⃣ Title",
          "column": 1,
          "elements": [],
          "helpText": "A small title that includes some information regarding the submitted idea.",
          "isHidden": false,
          "attributes": [
            {
              "key": "aggregationKind",
              "value": "None"
            },
            {
              "key": "isReadOnly",
              "value": "false"
            },
            {
              "key": "max",
              "value": "1"
            },
            {
              "key": "min",
              "value": "1"
            },
            {
              "key": "isSensitiveData",
              "value": "false"
            },
            {
              "key": "formattingType",
              "value": "Text"
            }
          ],
          "behaviours": [],
          "description": null,
          "visibleFrom": null
        },
        {
          "row": 2,
          "name": "IdeaOverviewWC",
          "size": 12,
          "type": "WebComponent",
          "label": "2️⃣ What's your idea?",
          "column": 1,
          "elements": [],
          "helpText": "Give an overview of your idea.",
          "isHidden": false,
          "attributes": [
            {
              "key": "webComponentName",
              "value": "TextArea"
            },
            {
              "key": "customElementName",
              "value": "omnia-textarea"
            },
            {
              "key": "mapping",
              "value": "IdeaOverview"
            }
          ],
          "behaviours": [],
          "description": null,
          "visibleFrom": "Mobile"
        },
        {
          "row": 4,
          "name": "IdeaSolvesWC",
          "size": 12,
          "type": "WebComponent",
          "label": "3️⃣ What problem(s) does your idea solve?",
          "column": 1,
          "elements": [],
          "helpText": "Describe the specific problem(s) that the idea is trying to address.",
          "isHidden": false,
          "attributes": [
            {
              "key": "webComponentName",
              "value": "TextArea"
            },
            {
              "key": "customElementName",
              "value": "omnia-textarea"
            },
            {
              "key": "mapping",
              "value": "IdeaSolves"
            }
          ],
          "behaviours": [],
          "description": null,
          "visibleFrom": "Mobile"
        },
        {
          "row": 5,
          "name": "IdeaValueWC",
          "size": 12,
          "type": "WebComponent",
          "label": "4️⃣ How does your idea allign itself with the company's goals?",
          "column": 1,
          "elements": [],
          "helpText": "Explain how your idea will contribute to specific company goals",
          "isHidden": false,
          "attributes": [
            {
              "key": "webComponentName",
              "value": "TextArea"
            },
            {
              "key": "customElementName",
              "value": "omnia-textarea"
            },
            {
              "key": "mapping",
              "value": "IdeaValue"
            }
          ],
          "behaviours": [],
          "description": null,
          "visibleFrom": "Mobile"
        },
        {
          "row": 6,
          "name": "IdeaRelevanceWC",
          "size": 12,
          "type": "WebComponent",
          "label": "5️⃣ What department, group or individual will your idea be most relevant to?",
          "column": 1,
          "elements": [],
          "helpText": "Let us know which department, group or individual will be most impacted by your idea",
          "isHidden": false,
          "attributes": [
            {
              "key": "webComponentName",
              "value": "TextArea"
            },
            {
              "key": "customElementName",
              "value": "omnia-textarea"
            },
            {
              "key": "mapping",
              "value": "IdeaRelevance"
            }
          ],
          "behaviours": [],
          "description": null,
          "visibleFrom": "Mobile"
        }
      ],
      "helpText": "",
      "isHidden": false,
      "attributes": [],
      "behaviours": [],
      "description": null,
      "visibleFrom": "Mobile"
    },
    {
      "row": 1,
      "name": "ChartsContainer",
      "size": 4,
      "type": "Container",
      "label": "${Texts.Empty}",
      "column": 9,
      "elements": [
        {
          "row": 1,
          "name": "ProgressBarComponent",
          "size": 12,
          "type": "WebComponent",
          "label": "Progress",
          "column": 1,
          "elements": [],
          "helpText": "",
          "isHidden": true,
          "attributes": [
            {
              "key": "webComponentName",
              "value": "ProgressBar"
            },
            {
              "key": "customElementName",
              "value": "omnia-progress-bar"
            }
          ],
          "behaviours": [],
          "description": null,
          "visibleFrom": "Mobile"
        },
        {
          "row": 5,
          "name": "GuidelinesComponent",
          "size": 12,
          "type": "WebComponent",
          "label": "${Texts.Empty}",
          "column": 1,
          "elements": [],
          "helpText": "",
          "isHidden": true,
          "attributes": [
            {
              "key": "webComponentName",
              "value": "GuidelinesTile"
            },
            {
              "key": "customElementName",
              "value": "omnia-guidelines-tile"
            }
          ],
          "behaviours": [],
          "description": null,
          "visibleFrom": "Mobile"
        },
        {
          "row": 2,
          "name": "TopIdeasComponent",
          "size": 12,
          "type": "WebComponent",
          "label": "${Texts.Empty}",
          "column": 1,
          "elements": [],
          "helpText": "",
          "isHidden": true,
          "attributes": [
            {
              "key": "webComponentName",
              "value": "GuidelinesTile"
            },
            {
              "key": "customElementName",
              "value": "omnia-guidelines-tile"
            }
          ],
          "behaviours": [],
          "description": null,
          "visibleFrom": "Mobile"
        },
        {
          "row": 1,
          "name": "VotesChartComponent",
          "size": 12,
          "type": "WebComponent",
          "label": "Votes",
          "column": 1,
          "elements": [],
          "helpText": "",
          "isHidden": true,
          "attributes": [
            {
              "key": "webComponentName",
              "value": "PieChart"
            },
            {
              "key": "customElementName",
              "value": "omnia-pie-chart"
            }
          ],
          "behaviours": [],
          "description": null,
          "visibleFrom": "Mobile"
        }
      ],
      "helpText": "",
      "isHidden": false,
      "attributes": [],
      "behaviours": [],
      "description": null,
      "visibleFrom": "Mobile"
    }
  ],
  "helpText": null,
  "attributes": [],
  "behaviours": [
    {
      "name": "Initialize",
      "type": "Initialize",
      "expression": "const apiClient = this._context.createApiHttpClient();\r\n    \r\nfunction setVisibleCharts(chartsContainer, showProgressBar){\r\n    if(showProgressBar)\r\n        chartsContainer.elements.progressBarComponent.isHidden = false;\r\n    chartsContainer.elements.topIdeasComponent.isHidden = false;\r\n    chartsContainer.elements.guidelinesComponent.isHidden = false;\r\n    \r\n}\r\n\r\nfunction getTopIdeas(context, topIdeasComponent){\r\n    let topIdeas = [];\r\n    \r\n    apiClient.doPost(`/api/v1/${context.tenant.code}/${context.tenant.environmentCode}/Application/Queries/TopApprovedIdeas/Default?page=1&pageSize=3`, {}).then(response => {\r\n        if(response.data && response.data.length >0){\r\n            for(let topIdea of response.data){\r\n                topIdeas.push({link: `/${context.tenant.code}/${context.tenant.environmentCode}/Idea/Default/Edit/${topIdea.identifier}`, value: topIdea.ideatitle});\r\n            }            \r\n        }else{\r\n            topIdeas.push({value: \"Your company does not have approved ideas yet. Use the guidelines to be the first one.\"});\r\n        }\r\n\r\n\t\ttopIdeasComponent.content = topIdeas;\r\n    });\r\n}\r\n\r\nfunction getGuidelines(context, guidelinesComponent){\r\n    let guidelines = [];\r\n\r\n    apiClient.doPost(`/api/v1/${context.tenant.code}/${context.tenant.environmentCode}/Application/Queries/IdeaGuidelineQuery/Default?page=1&pageSize=25`, {filter:{property:\"_inactive\",operator:\"EqualTo\",value:false}}).then(response => {\r\n        if(response.data && response.data.length >0){\r\n            for(let guideline of response.data){\r\n                guidelines.push({link: `/${context.tenant.code}/${context.tenant.environmentCode}/IdeaGuideline/Default/Edit/${guideline._code}`, value: guideline._name});\r\n            }            \r\n        }else{\r\n            guidelines.push({value: \"Validate previous ideas to check if your idea has already been proposed\"});\r\n            guidelines.push({value: \"Add an attractive and short title\"});\r\n            guidelines.push({value: \"Make sure the description contains all relevant details of your idea\"});\r\n            guidelines.push({value: \"Remember that your idea might benefit not only your company or colleagues, but also your community\"});\r\n            guidelines.push({value: \"If you're looking for inspiration, check top ideas above\"});            \r\n        }\r\n\r\n\t\tguidelinesComponent.content = guidelines;\r\n    });\r\n}\r\n\r\nfunction initializeVotesChart(data, context){\r\n    let votesData = [];\r\n\r\n    apiClient.doPost(`/api/v1/${context.tenant.code}/${context.tenant.environmentCode}/Application/Queries/VoteRatioByIdea/Default?page=1&pageSize=3`, {filter:{property:\"identifier\",operator:\"EqualTo\",value:data._code}}).then(response => {\r\n        if(response.data && response.data.length >0){\r\n            for(let voteData of response.data){\r\n                votesData.push(voteData);\r\n            }            \r\n        }\r\n\r\n\t\tdata.votesChartComponent.value = votesData;\r\n    });\r\n}\r\n\r\nfunction initializeTopIdeas(data){\r\n    data.topIdeasComponent.title = \"Top 3 ideas\";\r\n    data.topIdeasComponent.icon = \"trophy\";\r\n    data.topIdeasComponent.iconColor = \"#CFB53B\";\r\n    getTopIdeas(data._context, data.topIdeasComponent);\r\n}\r\n\r\nfunction initializeGuidelines(data){\r\n    data.guidelinesComponent.title = \"Guidelines\";\r\n    data.guidelinesComponent.icon = \"check-circle\";\r\n    data.guidelinesComponent.iconColor = \"green\";\r\n    getGuidelines(data._context, data.guidelinesComponent);\r\n}\r\n\r\nfunction getLoggedEmployee(data){\r\n    const apiClient = data._context.createApiHttpClient();\r\n    return apiClient.doPost(`/api/v1/${data._context.tenant.code}/${data._context.tenant.environmentCode}/application/queries/EmployeeQuery/Default?PageSize=1`, {\r\n                filter: {\r\n                    Property: \"Username\",\r\n                    Value: data._context.authentication.username\r\n                }\r\n            }).then(response => {\r\n                var responseData = response.data;\r\n                data._context.currentEmployee = responseData[0]._code;\r\n                data._context.currentEmployeeName = responseData[0]._name;\r\n                data._context.currentEmployeeVoteType = responseData[0].votetype;\r\n                \r\n                let currentEmployeeVote = data.employeeVote.filter(vote => vote._provider === data._context.currentEmployee);\r\n                \r\n                if(currentEmployeeVote && currentEmployeeVote.length>0){\r\n                    if(currentEmployeeVote[0].isUpvote)\r\n                        data.voteComponent.value = 1;\r\n                    else\r\n                        data.voteComponent.value = -1;\r\n                    \r\n                }\r\n                \r\n                setOperationsAvailability(data);\r\n            });\r\n}\r\n\r\nfunction setAttributesAvailability(data){\r\n    data.ideaOverviewWC.isReadOnly = true;\r\n    data.ideaValueWC.isReadOnly = true;\r\n    data.ideaRelevanceWC.isReadOnly = true;\r\n    data.ideaSolvesWC.isReadOnly = true;\r\n    \r\n    for(let line of data.employeeVote)\r\n        line._metadata.elements.isUpvote.attributes.isReadOnly = true;\r\n    data._metadata.elements.employeeVote.attributes.addEntry = \"hidden\";\r\n    data._metadata.elements.employeeVote.attributes.removeEntry = \"hidden\";\r\n    \r\n    if(data._state !== \"Draft\" && data._state !== \"Adjustments\" && \r\n        data._context.authentication.userIsInRole(\"Validator\"))\r\n        data._metadata.elements.employeeVote.isHidden = false;\r\n}\r\n\r\nfunction setOperationsAvailability(data){\r\n    if(!((data._state === \"Voting\" || data._state === \"InValidation\") && data._context.authentication.userIsInRole(\"Validator\")) &&\r\n        !((data._state === \"Draft\" || data._state === \"Adjustments\") && data._context.currentEmployee === data.employee)){\r\n        if(data._state !== \"Voting\")\r\n            data._metadata.attributes.saveOption = \"hidden\";\r\n        if(data._metadata.attributes.decisionSelector)\r\n                return Object.keys(data._metadata.attributes.decisionSelector.elements)\r\n                        .forEach(el => data._metadata.attributes.decisionSelector.elements[el].isHidden = true);        \r\n    }\r\n}\r\n\r\nfunction validateVote(data, vote){\r\n    let linesToRemove = data.employeeVote.filter(vote => vote._provider === data._context.currentEmployee);\r\n    for(let line of linesToRemove){\r\n        data.removeFrom_employeeVote(data.employeeVote.indexOf(line));\r\n    }\r\n\r\n    if(vote !== 0){\r\n        var newRecord = data.addTo_employeeVote(data._metadata.elements.employeeVote);\r\n        newRecord._receiver = data.company;\r\n        newRecord._provider = data._context.currentEmployee;\r\n        newRecord.providerName = data._context.currentEmployeeName;\r\n        newRecord._resource = data._context.currentEmployeeVoteType;\r\n        newRecord._quantity = 1;\r\n        newRecord._amount = 1;\r\n        if(vote === 1)\r\n            newRecord.isUpvote = true;\r\n        else\r\n            newRecord.isUpvote = false;   \r\n    } \r\n\r\n    return;\r\n}\r\n\r\nthis._metadata.elements.questionsContainer.attributes.isOpen = true;\r\nthis._metadata.elements.questionsContainer.label = \"\";\r\nthis._metadata.elements.chartsContainer.attributes.isOpen = true;\r\nthis._metadata.elements.chartsContainer.label = \"\";\r\n\r\nswitch(this._state) {\r\n  case \"Draft\":\r\n  case \"Adjustments\":\r\n        initializeTopIdeas(this);\r\n        initializeGuidelines(this);    \r\n        setVisibleCharts(this._metadata.elements.chartsContainer, true);\r\n        this.progressBarComponent.progress = 0;\r\n        break;\r\n  case \"Voting\":\r\n      \r\n        initializeTopIdeas(this);\r\n        initializeGuidelines(this);    \r\n        setAttributesAvailability(this);\r\n        \r\n        setVisibleCharts(this._metadata.elements.chartsContainer);\r\n        \r\n        this._metadata.elements.voteComponent.isHidden = false;\r\n        \r\n        this.voteComponent.onClick = validateVote;\r\n        \r\n        break;\r\n    case \"InValidation\":\r\n        setAttributesAvailability(this);\r\n        initializeVotesChart(this, this._context);\r\n        this._metadata.elements.chartsContainer.elements.votesChartComponent.isHidden = false;\r\n        \r\n        break;\r\n  default:\r\n    setAttributesAvailability(this);\r\n  break;\r\n}\r\n\r\nreturn getLoggedEmployee(this);\r\n",
      "description": ""
    },
    {
      "name": "AfterChange",
      "type": "AfterChange",
      "expression": "let ideaData = [this.ideaTitle, this.ideaOverview, this.ideaSolves, this.ideaValue, this.ideaRelevance];\n\nlet filledAttributes = ideaData.filter(st=>st && st.length>0).length;\n\nthis.progressBarComponent.progress = (filledAttributes/5)*100;",
      "description": ""
    }
  ],
  "dataSource": "System",
  "description": null
}