{
  "name": "IdeaGuidelineForm",
  "type": "Form",
  "label": "Idea Guideline",
  "entity": "IdeaGuideline",
  "elements": [
    {
      "row": 1,
      "name": "_code",
      "size": 6,
      "type": "Input",
      "label": "Code",
      "column": 1,
      "elements": [],
      "helpText": null,
      "isHidden": false,
      "attributes": [
        {
          "key": "aggregationKind",
          "value": "None"
        },
        {
          "key": "isReadOnly",
          "value": "false"
        },
        {
          "key": "max",
          "value": "1"
        },
        {
          "key": "min",
          "value": "1"
        },
        {
          "key": "isSensitiveData",
          "value": "false"
        },
        {
          "key": "formattingType",
          "value": "Text"
        }
      ],
      "behaviours": [],
      "description": null,
      "visibleFrom": null
    },
    {
      "row": 1,
      "name": "_name",
      "size": 6,
      "type": "Input",
      "label": "Name",
      "column": 7,
      "elements": [],
      "helpText": null,
      "isHidden": false,
      "attributes": [
        {
          "key": "aggregationKind",
          "value": "None"
        },
        {
          "key": "isReadOnly",
          "value": "false"
        },
        {
          "key": "max",
          "value": "1"
        },
        {
          "key": "min",
          "value": "1"
        },
        {
          "key": "isSensitiveData",
          "value": "false"
        },
        {
          "key": "formattingType",
          "value": "Text"
        }
      ],
      "behaviours": [],
      "description": null,
      "visibleFrom": null
    },
    {
      "row": 3,
      "name": "_inactive",
      "size": 6,
      "type": "Input",
      "label": "Inactive",
      "column": 1,
      "elements": [],
      "helpText": null,
      "isHidden": false,
      "attributes": [
        {
          "key": "aggregationKind",
          "value": "None"
        },
        {
          "key": "isReadOnly",
          "value": "false"
        },
        {
          "key": "max",
          "value": "1"
        },
        {
          "key": "min",
          "value": "1"
        },
        {
          "key": "isSensitiveData",
          "value": "false"
        },
        {
          "key": "formattingType",
          "value": "Boolean"
        }
      ],
      "behaviours": [],
      "description": null,
      "visibleFrom": null
    },
    {
      "row": 2,
      "name": "DescriptionTextArea",
      "size": 12,
      "type": "WebComponent",
      "label": "Description",
      "column": 1,
      "elements": [],
      "helpText": "",
      "isHidden": false,
      "attributes": [
        {
          "key": "webComponentName",
          "value": "TextArea"
        },
        {
          "key": "customElementName",
          "value": "omnia-textarea"
        },
        {
          "key": "mapping",
          "value": "_description"
        }
      ],
      "behaviours": [],
      "description": null,
      "visibleFrom": "Mobile"
    }
  ],
  "helpText": null,
  "attributes": [],
  "behaviours": [
    {
      "name": "Initialize",
      "type": "Initialize",
      "expression": "if(!this._context.authentication.userIsInRole('Administration')){\n    for(const el of Object.values(this._metadata.elements)){\n        el.attributes.isReadOnly = true;\n    }\n    \n    this.descriptionTextArea.isReadOnly = true;\n    \n    this._metadata.elements._inactive.isHidden = true;\n    \n    this._metadata.attributes.showHistoryOption = \"hidden\";\n    \n    this._metadata.attributes.deleteOption = \"hidden\";\n    \n    this._metadata.attributes.saveOption = \"hidden\";\n}\n\n",
      "description": ""
    }
  ],
  "dataSource": "System",
  "description": null
}