{
  "name": "IdeaStateMachine",
  "states": [
    {
      "name": "Draft",
      "decisions": [
        {
          "name": "Submit",
          "order": 1,
          "commentType": "None",
          "description": ""
        }
      ],
      "isInitial": true,
      "behaviours": [],
      "description": "The initial state of the \"Idea\" document, before the first submission.",
      "transitions": [
        {
          "to": "Voting",
          "name": "DraftToValidation",
          "type": "Decision",
          "order": 1,
          "decision": "Submit",
          "expression": "",
          "description": "The transition between the state Draft to the state \"Voting\". This transition represents the first submission of an idea into the system."
        }
      ],
      "disableAttributes": false,
      "disableOperations": true,
      "enabledAttributes": [],
      "enabledOperations": [],
      "assignToExpression": ""
    },
    {
      "name": "InValidation",
      "decisions": [
        {
          "name": "Approve",
          "order": 1,
          "commentType": "Optional",
          "description": ""
        },
        {
          "name": "Reject",
          "order": 2,
          "commentType": "Required",
          "description": ""
        }
      ],
      "isInitial": false,
      "behaviours": [],
      "description": "The state in which the voting by other users takes place.",
      "transitions": [
        {
          "to": "Approved",
          "name": "ValidationToApproved",
          "type": "Decision",
          "order": 3,
          "decision": "Approve",
          "expression": "",
          "description": "The transition from the state \"In Validation\" to \"Accepted\". This transition occurs when the CEO approves a submitted idea."
        },
        {
          "to": "Rejected",
          "name": "ValidationToRejected",
          "type": "Decision",
          "order": 4,
          "decision": "Reject",
          "expression": "",
          "description": "The transition from the state \"In Validation\" to \"Rejected\". This transition occurs when the CEO rejects a submitted idea."
        }
      ],
      "disableAttributes": true,
      "disableOperations": true,
      "enabledAttributes": [],
      "enabledOperations": [],
      "assignToExpression": "return \"Validator\";"
    },
    {
      "name": "Adjustments",
      "decisions": [
        {
          "name": "Submit",
          "order": 1,
          "commentType": "None",
          "description": ""
        },
        {
          "name": "Discard",
          "order": 2,
          "commentType": "None",
          "description": ""
        }
      ],
      "isInitial": false,
      "behaviours": [],
      "description": "State that represents an idea that was not rejected, but needed to be changed in order to be viable. (CEO decision only)",
      "transitions": [
        {
          "to": "Voting",
          "name": "AdjustmentsToVoting",
          "type": "Decision",
          "order": 1,
          "decision": "Submit",
          "expression": "",
          "description": "Transition back to the \"Voting\" state, where the idea will be put to vote a second time (first round votes get erased)"
        },
        {
          "to": "Discarded",
          "name": "AdjustmentsToDiscarded",
          "type": "Decision",
          "order": 2,
          "decision": "Discard",
          "expression": "",
          "description": "The transition represents the idea author's decision to discard his/her own idea. The idea owner is the only one able to send an idea to the \"Discarded\" state.\t"
        }
      ],
      "disableAttributes": false,
      "disableOperations": true,
      "enabledAttributes": [],
      "enabledOperations": [],
      "assignToExpression": ""
    },
    {
      "name": "Approved",
      "decisions": [],
      "isInitial": false,
      "behaviours": [],
      "description": "State that represents a final state of a CEO-approved idea. ",
      "transitions": [],
      "disableAttributes": true,
      "disableOperations": true,
      "enabledAttributes": [],
      "enabledOperations": [],
      "assignToExpression": ""
    },
    {
      "name": "Rejected",
      "decisions": [],
      "isInitial": false,
      "behaviours": [],
      "description": "State that represents a final state of a CEO-rejected idea. ",
      "transitions": [],
      "disableAttributes": true,
      "disableOperations": true,
      "enabledAttributes": [],
      "enabledOperations": [],
      "assignToExpression": ""
    },
    {
      "name": "Voting",
      "decisions": [
        {
          "name": "MoveToValidation",
          "order": 1,
          "commentType": "Optional",
          "description": ""
        },
        {
          "name": "Review",
          "order": 3,
          "commentType": "Required",
          "description": ""
        }
      ],
      "isInitial": false,
      "behaviours": [],
      "description": "State that represents the voting stage of a submitted idea.",
      "transitions": [
        {
          "to": "InValidation",
          "name": "VotingToValidation",
          "type": "Decision",
          "order": 1,
          "decision": "MoveToValidation",
          "expression": "",
          "description": "The transition from the state \"Voting\" to the state \"In Validation\". This transition happens after a decision from a user of the \"Decision Makers\" user role."
        },
        {
          "to": "Adjustments",
          "name": "VotingToAdjustments",
          "type": "Decision",
          "order": 3,
          "decision": "Review",
          "expression": "",
          "description": "The transition that represents the decision of a \"Decision Maker\" to ask for adjustments to the idea to its author, sending it to the \"Adjustment\" state and allowing its author to be able to edit its content."
        }
      ],
      "disableAttributes": true,
      "disableOperations": true,
      "enabledAttributes": [
        {
          "name": "nd5842133f1846818341e310bce84e60",
          "path": "EmployeeVote.IsUpvote",
          "description": null
        }
      ],
      "enabledOperations": [
        {
          "name": "na313cd4387e45fb8343a246e40dbd43",
          "path": "",
          "type": "Update",
          "description": null
        },
        {
          "name": "n0c8f2bed17f4145a02bc37895f8acb5",
          "path": "EmployeeVote",
          "type": "Add",
          "description": null
        },
        {
          "name": "neaaf45ccccf4f39aa0a0bb28bfe7dcc",
          "path": "EmployeeVote",
          "type": "Delete",
          "description": null
        }
      ],
      "assignToExpression": ""
    },
    {
      "name": "Discarded",
      "decisions": [],
      "isInitial": false,
      "behaviours": [],
      "description": "State that will gather all discarded ideas (ideas that, for some reason, were abandoned by its author). Only the idea's author is able to discard it.",
      "transitions": [],
      "disableAttributes": true,
      "disableOperations": true,
      "enabledAttributes": [],
      "enabledOperations": [],
      "assignToExpression": ""
    }
  ],
  "definition": "Idea",
  "description": "Idea State Machine"
}