{
  "name": "YesNoSelector",
  "type": "Selector",
  "label": "Yes No",
  "elements": [
    {
      "row": 1,
      "name": "Yes",
      "size": 12,
      "type": "SelectorEntry",
      "label": "Yes",
      "column": 1,
      "elements": [],
      "helpText": null,
      "isHidden": false,
      "attributes": [
        {
          "key": "EnumerationValue",
          "value": "Yes"
        }
      ],
      "behaviours": [],
      "description": null,
      "visibleFrom": null
    },
    {
      "row": 2,
      "name": "No",
      "size": 12,
      "type": "SelectorEntry",
      "label": "No",
      "column": 1,
      "elements": [],
      "helpText": null,
      "isHidden": false,
      "attributes": [
        {
          "key": "EnumerationValue",
          "value": "No"
        }
      ],
      "behaviours": [],
      "description": null,
      "visibleFrom": null
    },
    {
      "row": 3,
      "name": "Maybe",
      "size": 12,
      "type": "SelectorEntry",
      "label": "Maybe",
      "column": 1,
      "elements": [],
      "helpText": null,
      "isHidden": false,
      "attributes": [
        {
          "key": "EnumerationValue",
          "value": "Maybe"
        }
      ],
      "behaviours": [],
      "description": null,
      "visibleFrom": null
    }
  ],
  "helpText": null,
  "attributes": [
    {
      "key": "Enumeration",
      "value": "YesNo"
    }
  ],
  "behaviours": [],
  "description": null
}