{
  "name": "MeetingRoomForm",
  "type": "Form",
  "label": "Meeting Room",
  "entity": "MeetingRoom",
  "elements": [
    {
      "row": 1,
      "name": "_code",
      "size": 6,
      "type": "Input",
      "label": "Code",
      "column": 1,
      "elements": [],
      "helpText": null,
      "isHidden": false,
      "attributes": [
        {
          "key": "aggregationKind",
          "value": "None"
        },
        {
          "key": "isReadOnly",
          "value": "false"
        },
        {
          "key": "min",
          "value": "1"
        },
        {
          "key": "max",
          "value": "1"
        },
        {
          "key": "formattingType",
          "value": "Text"
        },
        {
          "key": "isSensitiveData",
          "value": "false"
        },
        {
          "key": "minimumLength",
          "value": "0"
        },
        {
          "key": "maximumLength",
          "value": "null"
        }
      ],
      "behaviours": [],
      "description": null,
      "visibleFrom": null
    },
    {
      "row": 1,
      "name": "_name",
      "size": 6,
      "type": "Input",
      "label": "Name",
      "column": 7,
      "elements": [],
      "helpText": null,
      "isHidden": false,
      "attributes": [
        {
          "key": "aggregationKind",
          "value": "None"
        },
        {
          "key": "isReadOnly",
          "value": "false"
        },
        {
          "key": "min",
          "value": "1"
        },
        {
          "key": "max",
          "value": "1"
        },
        {
          "key": "formattingType",
          "value": "Text"
        },
        {
          "key": "isSensitiveData",
          "value": "false"
        },
        {
          "key": "minimumLength",
          "value": "0"
        },
        {
          "key": "maximumLength",
          "value": "null"
        }
      ],
      "behaviours": [],
      "description": null,
      "visibleFrom": null
    },
    {
      "row": 2,
      "name": "_description",
      "size": 6,
      "type": "Input",
      "label": "Description",
      "column": 1,
      "elements": [],
      "helpText": null,
      "isHidden": false,
      "attributes": [
        {
          "key": "aggregationKind",
          "value": "None"
        },
        {
          "key": "isReadOnly",
          "value": "false"
        },
        {
          "key": "min",
          "value": "0"
        },
        {
          "key": "max",
          "value": "1"
        },
        {
          "key": "formattingType",
          "value": "TextArea"
        },
        {
          "key": "isSensitiveData",
          "value": "false"
        },
        {
          "key": "minimumLength",
          "value": "0"
        },
        {
          "key": "maximumLength",
          "value": "null"
        }
      ],
      "behaviours": [],
      "description": null,
      "visibleFrom": null
    },
    {
      "row": 2,
      "name": "Floor",
      "size": 6,
      "type": "Input",
      "label": "Floor",
      "column": 7,
      "elements": [],
      "helpText": null,
      "isHidden": false,
      "attributes": [
        {
          "key": "aggregationKind",
          "value": "None"
        },
        {
          "key": "isReadOnly",
          "value": "false"
        },
        {
          "key": "min",
          "value": "1"
        },
        {
          "key": "max",
          "value": "1"
        },
        {
          "key": "isSensitiveData",
          "value": "false"
        },
        {
          "key": "formattingType",
          "value": "Integer"
        }
      ],
      "behaviours": [],
      "description": null,
      "visibleFrom": null
    },
    {
      "row": 4,
      "name": "ReservedBy",
      "size": 6,
      "type": "ReferenceSelector",
      "label": "Reserved By",
      "column": 7,
      "elements": [],
      "helpText": null,
      "isHidden": false,
      "attributes": [
        {
          "key": "aggregationKind",
          "value": "Shared"
        },
        {
          "key": "isReadOnly",
          "value": "false"
        },
        {
          "key": "min",
          "value": "0"
        },
        {
          "key": "max",
          "value": "1"
        },
        {
          "key": "isSensitiveData",
          "value": "false"
        },
        {
          "key": "definition",
          "value": "Employee"
        }
      ],
      "behaviours": [],
      "description": null,
      "visibleFrom": null
    },
    {
      "row": 5,
      "name": "NumberOfSeats",
      "size": 6,
      "type": "Input",
      "label": "Number Of Seats",
      "column": 1,
      "elements": [],
      "helpText": null,
      "isHidden": false,
      "attributes": [
        {
          "key": "aggregationKind",
          "value": "None"
        },
        {
          "key": "isReadOnly",
          "value": "false"
        },
        {
          "key": "min",
          "value": "0"
        },
        {
          "key": "max",
          "value": "1"
        },
        {
          "key": "isSensitiveData",
          "value": "false"
        },
        {
          "key": "formattingType",
          "value": "Integer"
        }
      ],
      "behaviours": [],
      "description": null,
      "visibleFrom": null
    },
    {
      "row": 6,
      "name": "Container",
      "size": 12,
      "type": "Container",
      "label": "Container",
      "column": 1,
      "elements": [
        {
          "row": 1,
          "name": "HasTV",
          "size": 6,
          "type": "Input",
          "label": "Has TV",
          "column": 1,
          "elements": [],
          "helpText": null,
          "isHidden": false,
          "attributes": [
            {
              "key": "aggregationKind",
              "value": "None"
            },
            {
              "key": "isReadOnly",
              "value": "false"
            },
            {
              "key": "min",
              "value": "0"
            },
            {
              "key": "max",
              "value": "1"
            },
            {
              "key": "isSensitiveData",
              "value": "false"
            },
            {
              "key": "formattingType",
              "value": "Boolean"
            }
          ],
          "behaviours": [],
          "description": null,
          "visibleFrom": null
        },
        {
          "row": 1,
          "name": "HasCoffeeMachine",
          "size": 6,
          "type": "Input",
          "label": "Has Coffee Machine",
          "column": 7,
          "elements": [],
          "helpText": null,
          "isHidden": false,
          "attributes": [
            {
              "key": "aggregationKind",
              "value": "None"
            },
            {
              "key": "isReadOnly",
              "value": "false"
            },
            {
              "key": "min",
              "value": "0"
            },
            {
              "key": "max",
              "value": "1"
            },
            {
              "key": "isSensitiveData",
              "value": "false"
            },
            {
              "key": "formattingType",
              "value": "Boolean"
            }
          ],
          "behaviours": [],
          "description": null,
          "visibleFrom": null
        },
        {
          "row": 2,
          "name": "HasConferencePhone",
          "size": 6,
          "type": "Input",
          "label": "Has Conference Phone",
          "column": 1,
          "elements": [],
          "helpText": null,
          "isHidden": false,
          "attributes": [
            {
              "key": "aggregationKind",
              "value": "None"
            },
            {
              "key": "isReadOnly",
              "value": "false"
            },
            {
              "key": "min",
              "value": "0"
            },
            {
              "key": "max",
              "value": "1"
            },
            {
              "key": "isSensitiveData",
              "value": "false"
            },
            {
              "key": "formattingType",
              "value": "Boolean"
            }
          ],
          "behaviours": [],
          "description": null,
          "visibleFrom": null
        },
        {
          "row": 2,
          "name": "HasProjector",
          "size": 6,
          "type": "Input",
          "label": "Has Projector",
          "column": 7,
          "elements": [],
          "helpText": null,
          "isHidden": false,
          "attributes": [
            {
              "key": "aggregationKind",
              "value": "None"
            },
            {
              "key": "isReadOnly",
              "value": "false"
            },
            {
              "key": "min",
              "value": "0"
            },
            {
              "key": "max",
              "value": "1"
            },
            {
              "key": "isSensitiveData",
              "value": "false"
            },
            {
              "key": "formattingType",
              "value": "Boolean"
            }
          ],
          "behaviours": [],
          "description": null,
          "visibleFrom": null
        }
      ],
      "helpText": null,
      "isHidden": false,
      "attributes": [
        {
          "key": "isOpen",
          "value": "true"
        }
      ],
      "behaviours": [],
      "description": null,
      "visibleFrom": "Mobile"
    },
    {
      "row": 7,
      "name": "_state",
      "size": 6,
      "type": "Selector",
      "label": "State",
      "column": 1,
      "elements": [],
      "helpText": null,
      "isHidden": false,
      "attributes": [
        {
          "key": "aggregationKind",
          "value": "None"
        },
        {
          "key": "isReadOnly",
          "value": "true"
        },
        {
          "key": "min",
          "value": "1"
        },
        {
          "key": "max",
          "value": "1"
        },
        {
          "key": "isSensitiveData",
          "value": "false"
        },
        {
          "key": "enumeration",
          "value": "MeetingRoomStateMachineStates"
        }
      ],
      "behaviours": [],
      "description": null,
      "visibleFrom": null
    },
    {
      "row": 8,
      "name": "_assigned",
      "size": 6,
      "type": "Input",
      "label": "Assigned",
      "column": 1,
      "elements": [],
      "helpText": null,
      "isHidden": false,
      "attributes": [
        {
          "key": "aggregationKind",
          "value": "None"
        },
        {
          "key": "isReadOnly",
          "value": "true"
        },
        {
          "key": "min",
          "value": "0"
        },
        {
          "key": "max",
          "value": "1"
        },
        {
          "key": "isSensitiveData",
          "value": "false"
        },
        {
          "key": "formattingType",
          "value": "Text"
        },
        {
          "key": "minimumLength",
          "value": "0"
        },
        {
          "key": "maximumLength",
          "value": "null"
        }
      ],
      "behaviours": [],
      "description": null,
      "visibleFrom": null
    }
  ],
  "helpText": null,
  "attributes": [],
  "behaviours": [],
  "dataSource": "System",
  "description": null
}