{
  "name": "ProductForm",
  "type": "Form",
  "label": "Product",
  "entity": "Product",
  "elements": [
    {
      "row": 1,
      "name": "_code",
      "size": 6,
      "type": "Input",
      "label": "Code",
      "column": 1,
      "elements": [],
      "helpText": null,
      "isHidden": false,
      "attributes": [
        {
          "key": "aggregationKind",
          "value": "None"
        },
        {
          "key": "isReadOnly",
          "value": "false"
        },
        {
          "key": "min",
          "value": "1"
        },
        {
          "key": "max",
          "value": "1"
        },
        {
          "key": "formattingType",
          "value": "Text"
        },
        {
          "key": "isSensitiveData",
          "value": "false"
        },
        {
          "key": "minimumLength",
          "value": "0"
        },
        {
          "key": "maximumLength",
          "value": "null"
        }
      ],
      "behaviours": [],
      "description": null,
      "visibleFrom": null
    },
    {
      "row": 1,
      "name": "_name",
      "size": 6,
      "type": "Input",
      "label": "Name",
      "column": 7,
      "elements": [],
      "helpText": null,
      "isHidden": false,
      "attributes": [
        {
          "key": "aggregationKind",
          "value": "None"
        },
        {
          "key": "isReadOnly",
          "value": "false"
        },
        {
          "key": "min",
          "value": "1"
        },
        {
          "key": "max",
          "value": "1"
        },
        {
          "key": "formattingType",
          "value": "Text"
        },
        {
          "key": "isSensitiveData",
          "value": "false"
        },
        {
          "key": "minimumLength",
          "value": "0"
        },
        {
          "key": "maximumLength",
          "value": "null"
        }
      ],
      "behaviours": [],
      "description": null,
      "visibleFrom": null
    },
    {
      "row": 2,
      "name": "_description",
      "size": 6,
      "type": "Input",
      "label": "Description",
      "column": 1,
      "elements": [],
      "helpText": null,
      "isHidden": false,
      "attributes": [
        {
          "key": "aggregationKind",
          "value": "None"
        },
        {
          "key": "isReadOnly",
          "value": "false"
        },
        {
          "key": "min",
          "value": "0"
        },
        {
          "key": "max",
          "value": "1"
        },
        {
          "key": "formattingType",
          "value": "Text"
        },
        {
          "key": "isSensitiveData",
          "value": "false"
        },
        {
          "key": "minimumLength",
          "value": "0"
        },
        {
          "key": "maximumLength",
          "value": "null"
        }
      ],
      "behaviours": [],
      "description": null,
      "visibleFrom": null
    },
    {
      "row": 2,
      "name": "_inactive",
      "size": 6,
      "type": "Input",
      "label": "Inactive",
      "column": 7,
      "elements": [],
      "helpText": null,
      "isHidden": false,
      "attributes": [
        {
          "key": "aggregationKind",
          "value": "None"
        },
        {
          "key": "isReadOnly",
          "value": "false"
        },
        {
          "key": "min",
          "value": "1"
        },
        {
          "key": "max",
          "value": "1"
        },
        {
          "key": "formattingType",
          "value": "Boolean"
        },
        {
          "key": "isSensitiveData",
          "value": "false"
        }
      ],
      "behaviours": [],
      "description": null,
      "visibleFrom": null
    },
    {
      "row": 3,
      "name": "Gender",
      "size": 6,
      "type": "ReferenceSelector",
      "label": "Gender",
      "column": 1,
      "elements": [],
      "helpText": null,
      "isHidden": false,
      "attributes": [
        {
          "key": "aggregationKind",
          "value": "Shared"
        },
        {
          "key": "isReadOnly",
          "value": "false"
        },
        {
          "key": "min",
          "value": "1"
        },
        {
          "key": "max",
          "value": "1"
        },
        {
          "key": "isSensitiveData",
          "value": "false"
        },
        {
          "key": "definition",
          "value": "Gender"
        }
      ],
      "behaviours": [],
      "description": null,
      "visibleFrom": null
    },
    {
      "row": 4,
      "name": "Category",
      "size": 6,
      "type": "ReferenceSelector",
      "label": "Category",
      "column": 1,
      "elements": [],
      "helpText": null,
      "isHidden": false,
      "attributes": [
        {
          "key": "aggregationKind",
          "value": "Shared"
        },
        {
          "key": "isReadOnly",
          "value": "false"
        },
        {
          "key": "min",
          "value": "1"
        },
        {
          "key": "max",
          "value": "1"
        },
        {
          "key": "isSensitiveData",
          "value": "false"
        },
        {
          "key": "definition",
          "value": "Category"
        }
      ],
      "behaviours": [],
      "description": null,
      "visibleFrom": null
    },
    {
      "row": 5,
      "name": "SubCategory",
      "size": 6,
      "type": "ReferenceSelector",
      "label": "Sub Category",
      "column": 1,
      "elements": [],
      "helpText": null,
      "isHidden": false,
      "attributes": [
        {
          "key": "aggregationKind",
          "value": "Shared"
        },
        {
          "key": "isReadOnly",
          "value": "false"
        },
        {
          "key": "min",
          "value": "1"
        },
        {
          "key": "max",
          "value": "1"
        },
        {
          "key": "isSensitiveData",
          "value": "false"
        },
        {
          "key": "definition",
          "value": "SubCategory"
        }
      ],
      "behaviours": [],
      "description": null,
      "visibleFrom": null
    },
    {
      "row": 6,
      "name": "ProductType",
      "size": 6,
      "type": "ReferenceSelector",
      "label": "Product Type",
      "column": 1,
      "elements": [],
      "helpText": null,
      "isHidden": false,
      "attributes": [
        {
          "key": "aggregationKind",
          "value": "Shared"
        },
        {
          "key": "isReadOnly",
          "value": "false"
        },
        {
          "key": "min",
          "value": "1"
        },
        {
          "key": "max",
          "value": "1"
        },
        {
          "key": "isSensitiveData",
          "value": "false"
        },
        {
          "key": "definition",
          "value": "ProductType"
        }
      ],
      "behaviours": [],
      "description": null,
      "visibleFrom": null
    },
    {
      "row": 7,
      "name": "Colour",
      "size": 6,
      "type": "ReferenceSelector",
      "label": "Colour",
      "column": 1,
      "elements": [],
      "helpText": null,
      "isHidden": false,
      "attributes": [
        {
          "key": "aggregationKind",
          "value": "Shared"
        },
        {
          "key": "isReadOnly",
          "value": "false"
        },
        {
          "key": "min",
          "value": "1"
        },
        {
          "key": "max",
          "value": "1"
        },
        {
          "key": "isSensitiveData",
          "value": "false"
        },
        {
          "key": "definition",
          "value": "Colour"
        }
      ],
      "behaviours": [],
      "description": null,
      "visibleFrom": null
    },
    {
      "row": 8,
      "name": "Usage",
      "size": 6,
      "type": "ReferenceSelector",
      "label": "Usage",
      "column": 1,
      "elements": [],
      "helpText": null,
      "isHidden": false,
      "attributes": [
        {
          "key": "aggregationKind",
          "value": "Shared"
        },
        {
          "key": "isReadOnly",
          "value": "false"
        },
        {
          "key": "min",
          "value": "1"
        },
        {
          "key": "max",
          "value": "1"
        },
        {
          "key": "isSensitiveData",
          "value": "false"
        },
        {
          "key": "definition",
          "value": "Usage"
        }
      ],
      "behaviours": [],
      "description": null,
      "visibleFrom": null
    },
    {
      "row": 9,
      "name": "Image",
      "size": 6,
      "type": "Input",
      "label": "Image",
      "column": 1,
      "elements": [],
      "helpText": null,
      "isHidden": false,
      "attributes": [
        {
          "key": "aggregationKind",
          "value": "None"
        },
        {
          "key": "isReadOnly",
          "value": "false"
        },
        {
          "key": "min",
          "value": "0"
        },
        {
          "key": "max",
          "value": "1"
        },
        {
          "key": "isSensitiveData",
          "value": "false"
        },
        {
          "key": "formattingType",
          "value": "Text"
        },
        {
          "key": "minimumLength",
          "value": "0"
        },
        {
          "key": "maximumLength",
          "value": "null"
        }
      ],
      "behaviours": [],
      "description": null,
      "visibleFrom": null
    },
    {
      "row": 10,
      "name": "Thumbnail",
      "size": 6,
      "type": "WebComponent",
      "label": "Thumbnail",
      "column": 1,
      "elements": [],
      "helpText": null,
      "isHidden": false,
      "attributes": [
        {
          "key": "webComponentName",
          "value": "Thumbnail"
        },
        {
          "key": "customElementName",
          "value": "omnia-thumbnail"
        },
        {
          "key": "mapping",
          "value": "Image"
        }
      ],
      "behaviours": [],
      "description": null,
      "visibleFrom": "Mobile"
    }
  ],
  "helpText": null,
  "attributes": [],
  "behaviours": [],
  "dataSource": "System",
  "description": null
}