{
  "name": "Dashboard_Status",
  "type": "Dashboard",
  "label": "Status",
  "elements": [
    {
      "row": 1,
      "name": "StatusTextTemplate",
      "size": 12,
      "type": "WebComponent",
      "label": "${Texts.Empty}",
      "column": 1,
      "elements": [],
      "helpText": "",
      "isHidden": false,
      "attributes": [
        {
          "key": "webComponentName",
          "value": "TextTemplateRender"
        },
        {
          "key": "customElementName",
          "value": "omnia-text-template-render"
        }
      ],
      "behaviours": [],
      "description": null,
      "visibleFrom": "Mobile"
    }
  ],
  "helpText": "",
  "attributes": [],
  "behaviours": [
    {
      "name": "Initialize",
      "type": "Initialize",
      "expression": "            this.statusTextTemplate._context = this._context;\n            this.statusTextTemplate.identifier = 'StatusTextTemplate';",
      "description": ""
    }
  ],
  "description": ""
}