{
  "name": "Dashboard_HowToAssist",
  "type": "Dashboard",
  "label": "How to assist someone?",
  "elements": [
    {
      "row": 1,
      "name": "HowToAssistTextTemplate",
      "size": 12,
      "type": "WebComponent",
      "label": "${Texts.Empty}",
      "column": 1,
      "elements": [],
      "helpText": "",
      "isHidden": false,
      "attributes": [
        {
          "key": "webComponentName",
          "value": "TextTemplateRender"
        },
        {
          "key": "customElementName",
          "value": "omnia-text-template-render"
        }
      ],
      "behaviours": [],
      "description": null,
      "visibleFrom": "Mobile"
    }
  ],
  "helpText": "",
  "attributes": [],
  "behaviours": [
    {
      "name": "Initialize",
      "type": "Initialize",
      "expression": "const apiClient = this._context.createApiHttpClient();\n\nlet textTemplate = 'AssistanceGuidelines';\nif(this._context.operation.language === 'PTPT')\n    textTemplate = 'GuidelinesAssistencia';\nreturn apiClient\n\t.doGet(`/api/v1/${this._context.tenant.code}/${this._context.tenant.environmentCode}/Application/DocumentVariables/Default/VARS`)\n\t.then(\n\t\tresponse => {\n            this.howToAssistTextTemplate._context = this._context;\n            this.howToAssistTextTemplate.parameters = response.data;\n            this.howToAssistTextTemplate.identifier = textTemplate;\n            \n\t\t},\n\t\terror => {\n\t\t}\n\t);\n\n",
      "description": ""
    }
  ],
  "description": ""
}