{
  "name": "Home",
  "type": "Dashboard",
  "label": "Homepage",
  "elements": [
    {
      "row": 2,
      "name": "Symptoms_WhatToDoTile",
      "size": 4,
      "type": "WebComponent",
      "label": "${Texts.Empty}",
      "column": 2,
      "elements": [],
      "helpText": "",
      "isHidden": false,
      "attributes": [
        {
          "key": "webComponentName",
          "value": "OmniaTile"
        },
        {
          "key": "customElementName",
          "value": "omnia-tile"
        }
      ],
      "behaviours": [],
      "description": null,
      "visibleFrom": "Mobile"
    },
    {
      "row": 2,
      "name": "GuidelinesTile",
      "size": 4,
      "type": "WebComponent",
      "label": "${Texts.Empty}",
      "column": 1,
      "elements": [],
      "helpText": "",
      "isHidden": false,
      "attributes": [
        {
          "key": "webComponentName",
          "value": "OmniaTile"
        },
        {
          "key": "customElementName",
          "value": "omnia-tile"
        }
      ],
      "behaviours": [],
      "description": null,
      "visibleFrom": "Mobile"
    },
    {
      "row": 2,
      "name": "Assistence_WhatToDoTile",
      "size": 4,
      "type": "WebComponent",
      "label": "${Texts.Empty}",
      "column": 3,
      "elements": [],
      "helpText": "",
      "isHidden": false,
      "attributes": [
        {
          "key": "webComponentName",
          "value": "OmniaTile"
        },
        {
          "key": "customElementName",
          "value": "omnia-tile"
        }
      ],
      "behaviours": [],
      "description": null,
      "visibleFrom": "Mobile"
    },
    {
      "row": 2,
      "name": "UsefulLinksTile",
      "size": 4,
      "type": "WebComponent",
      "label": "${Texts.Empty}",
      "column": 4,
      "elements": [],
      "helpText": "",
      "isHidden": false,
      "attributes": [
        {
          "key": "webComponentName",
          "value": "OmniaTile"
        },
        {
          "key": "customElementName",
          "value": "omnia-tile"
        }
      ],
      "behaviours": [],
      "description": null,
      "visibleFrom": "Mobile"
    },
    {
      "row": 2,
      "name": "PreventionMeasuresTile",
      "size": 4,
      "type": "WebComponent",
      "label": "${Texts.Empty}",
      "column": 5,
      "elements": [],
      "helpText": "",
      "isHidden": false,
      "attributes": [
        {
          "key": "webComponentName",
          "value": "OmniaTile"
        },
        {
          "key": "customElementName",
          "value": "omnia-tile"
        }
      ],
      "behaviours": [],
      "description": null,
      "visibleFrom": "Mobile"
    },
    {
      "row": 1,
      "name": "ConfigurationsTile",
      "size": 4,
      "type": "WebComponent",
      "label": "${Texts.Empty}",
      "column": 1,
      "elements": [],
      "helpText": "",
      "isHidden": true,
      "attributes": [
        {
          "key": "webComponentName",
          "value": "OmniaTile"
        },
        {
          "key": "customElementName",
          "value": "omnia-tile"
        }
      ],
      "behaviours": [],
      "description": null,
      "visibleFrom": "Mobile"
    },
    {
      "row": 3,
      "name": "BulletinsLibraryList",
      "size": 6,
      "type": "List",
      "label": "${Texts.BulletinsLabel}",
      "column": 1,
      "elements": [],
      "helpText": "",
      "isHidden": false,
      "attributes": [
        {
          "key": "listCode",
          "value": "BulletinsLibraryList"
        },
        {
          "key": "pageSize",
          "value": "5"
        }
      ],
      "behaviours": [],
      "description": null,
      "visibleFrom": "Mobile"
    },
    {
      "row": 0,
      "name": "AppConfiguration",
      "size": 4,
      "type": "WebComponent",
      "label": "${Texts.Empty}",
      "column": 1,
      "elements": [],
      "helpText": "",
      "isHidden": false,
      "attributes": [
        {
          "key": "webComponentName",
          "value": "TextTemplateRender"
        },
        {
          "key": "customElementName",
          "value": "omnia-text-template-render"
        }
      ],
      "behaviours": [],
      "description": null,
      "visibleFrom": "Mobile"
    },
    {
      "row": 3,
      "name": "DocumentsLibraryList",
      "size": 6,
      "type": "List",
      "label": "${Texts.DocumentsLabel}",
      "column": 7,
      "elements": [],
      "helpText": "",
      "isHidden": false,
      "attributes": [
        {
          "key": "listCode",
          "value": "DocumentsLibraryList"
        },
        {
          "key": "pageSize",
          "value": "5"
        }
      ],
      "behaviours": [],
      "description": null,
      "visibleFrom": "Mobile"
    },
    {
      "row": 2,
      "name": "StatusTile",
      "size": 4,
      "type": "WebComponent",
      "label": "${Texts.Empty}",
      "column": 6,
      "elements": [],
      "helpText": "",
      "isHidden": false,
      "attributes": [
        {
          "key": "webComponentName",
          "value": "OmniaTile"
        },
        {
          "key": "customElementName",
          "value": "omnia-tile"
        }
      ],
      "behaviours": [],
      "description": null,
      "visibleFrom": "Mobile"
    }
  ],
  "helpText": "",
  "attributes": [],
  "behaviours": [
    {
      "name": "Initialize",
      "type": "Initialize",
      "expression": "const translator = this._context.getLanguageTranslator();\r\n\r\nconst initializeTile = (tile, title, icon, iconColor, textColor, backgroundColor, value) => {\r\n\ttile.title = title;\r\n\ttile.icon = icon;\r\n\tif(iconColor) tile.iconColor = iconColor;\r\n\tif(textColor) tile.textColor = textColor;\r\n\tif(backgroundColor) tile.backgroundColor = backgroundColor;\r\n\ttile.value = value || '';\r\n};\r\n\r\ninitializeTile(this.symptoms_WhatToDoTile, translator.translateToApplication('${Texts.WhatToDo_Symptoms}'), 'ambulance', 'white', 'white', 'red');\r\ninitializeTile(this.guidelinesTile, translator.translateToApplication('${Texts.Guidelines}'), 'list', 'white', 'white', 'green');\r\ninitializeTile(this.assistence_WhatToDoTile, translator.translateToApplication('${Texts.HowToAssistSomeone}'), 'medkit', 'white', 'white', '#F4D03F');\r\ninitializeTile(this.usefulLinksTile, translator.translateToApplication('${Texts.UsefulLinks}'), 'at', 'white', 'white', '#85C1E9');\r\ninitializeTile(this.preventionMeasuresTile, translator.translateToApplication('${Texts.PreventionMeasures}'), 'shield', 'white', 'white', '#85C1E9');\r\ninitializeTile(this.statusTile, translator.translateToApplication('${Texts.Status}'), 'shield', 'white', 'white', '#85C1E9');\r\n\r\nthis.symptoms_WhatToDoTile.onClick = () => this._context.redirectToApplicationAddress(`Dashboard/Dashboard_Symptoms_WhatToDo`);\r\nthis.guidelinesTile.onClick = () => this._context.redirectToApplicationAddress(`Dashboard/Dashboard_Guidelines`);\r\nthis.assistence_WhatToDoTile.onClick = () => this._context.redirectToApplicationAddress(`Dashboard/Dashboard_HowToAssist`);\r\nthis.usefulLinksTile.onClick = () => this._context.redirectToApplicationAddress(`Dashboard/Dashboard_UsefulLinks`);\r\nthis.preventionMeasuresTile.onClick = () => this._context.redirectToApplicationAddress(`Dashboard/Dashboard_PreventionMeasures`);\r\nthis.statusTile.onClick = () => this._context.redirectToApplicationAddress(`Dashboard/Dashboard_Status`);\r\n\r\n\r\nif(this._context.authentication.userIsInRole('Administration')){\r\n    \r\n    this.appConfiguration._context = this._context;\r\n    this.appConfiguration.identifier = 'AppIntro';\r\n\r\n    initializeTile(this.configurationsTile, translator.translateToApplication('${Texts.Configurations}'), 'cog', 'white', 'white', '#2ECC71');    \r\n    this._metadata.elements.configurationsTile.isHidden = false;\r\n    \r\n    const apiClient = this._context.createApiHttpClient();\r\n    \r\n    return apiClient\r\n\t\t.doPost(`/api/v1/${this._context.tenant.code}/${this._context.tenant.environmentCode}/Application/Queries/DocumentVariablesQuery/Default`, {})\r\n\t\t.then(\r\n\t\t\tresponse => {\r\n\t\t\t\t\r\n\t\t\t\tif(response && response.numberOfRecords >0)\r\n\t\t\t\t    this.configurationsTile.onClick = () => this._context.redirectToApplicationAddress(`DocumentVariables/Default/Edit/VARS`);\r\n\t\t\t\telse\r\n\t\t\t\t    this.configurationsTile.onClick = () => this._context.redirectToApplicationAddress(`DocumentVariables/Default/Create`);\r\n\t\t\t\treturn;\r\n\t        });\r\n}",
      "description": ""
    }
  ],
  "description": ""
}