{
  "name": "SalesByCustomer",
  "joins": [],
  "table": {
    "alias": null,
    "filter": null,
    "definition": "SalesOrder",
    "properties": [],
    "orderedProperties": []
  },
  "dataSource": "System",
  "expression": "SELECT _receiver, _receiver || ' - ' || C._name AS customer, to_char(orderDate,'MM/YYYY') AS serieValue, SUM(_amount) AS dataValue\nfrom vw_salesOrder_salesPromise SP\nINNER JOIN vw_customer C ON C.identifier = SP._receiver\nWHERE orderDate BETWEEN TO_DATE(@begindate,'YYYY-MM-DD') AND TO_DATE(@enddate,'YYYY-MM-DD')\nGROUP BY _receiver, C._name, to_char(orderDate,'MM/YYYY')\nORDER BY to_char(orderDate,'MM/YYYY') ASC",
  "description": ""
}