{
  "name": "TopProductSales",
  "joins": [],
  "table": {
    "alias": null,
    "filter": null,
    "definition": "SalesOrder",
    "properties": [],
    "orderedProperties": []
  },
  "dataSource": "System",
  "expression": "SELECT _resource, P._name, _receiver, _quantity, _amount, orderDate from vw_salesOrder_salesPromise SP\nINNER JOIN vw_product P ON p.identifier = SP._resource\nWHERE orderDate BETWEEN TO_DATE(@begindate,'YYYY-MM-DD') AND TO_DATE(@enddate,'YYYY-MM-DD')\nORDER BY orderDate DESC",
  "description": ""
}