{
  "name": "TopSalesByProduct",
  "joins": [],
  "table": {
    "alias": null,
    "filter": null,
    "definition": "SalesOrder",
    "properties": [],
    "orderedProperties": []
  },
  "dataSource": "System",
  "expression": "SELECT _resource || ' - ' || P._name AS serieValue, SUM(_quantity) AS dataValue, _receiver FROM vw_salesorder_salespromise SP\nINNER JOIN vw_product P ON P.identifier = SP._resource\nWHERE orderDate BETWEEN TO_DATE(@begindate,'YYYY-MM-DD') AND TO_DATE(@enddate,'YYYY-MM-DD')\nGROUP BY _resource, P._name, _receiver\nORDER BY SUM(_quantity) DESC",
  "description": ""
}