{
  "name": "DocumentsLibraryList",
  "type": "List",
  "label": "Documents Library",
  "query": "DocumentsLibraryQuery",
  "elements": [
    {
      "row": 0,
      "name": "_code",
      "size": 1,
      "type": "ListColumn",
      "label": "Code",
      "column": 1,
      "elements": [],
      "helpText": "",
      "isHidden": true,
      "attributes": [
        {
          "key": "formattingType",
          "value": "Text"
        }
      ],
      "behaviours": [],
      "description": null,
      "visibleFrom": "Mobile"
    },
    {
      "row": 0,
      "name": "_description",
      "size": 8,
      "type": "ListColumn",
      "label": "${Texts.Description}",
      "column": 1,
      "elements": [],
      "helpText": "",
      "isHidden": false,
      "attributes": [
        {
          "key": "formattingType",
          "value": "Text"
        }
      ],
      "behaviours": [],
      "description": null,
      "visibleFrom": "Mobile"
    },
    {
      "row": 0,
      "name": "file",
      "size": 1,
      "type": "ListColumn",
      "label": "File",
      "column": 1,
      "elements": [],
      "helpText": "",
      "isHidden": true,
      "attributes": [
        {
          "key": "formattingType",
          "value": "Text"
        }
      ],
      "behaviours": [],
      "description": null,
      "visibleFrom": "Mobile"
    },
    {
      "row": 0,
      "name": "lastupdate",
      "size": 3,
      "type": "ListColumn",
      "label": "${Texts.UpdatedAt}",
      "column": 9,
      "elements": [],
      "helpText": "",
      "isHidden": false,
      "attributes": [
        {
          "key": "formattingType",
          "value": "Date"
        }
      ],
      "behaviours": [],
      "description": null,
      "visibleFrom": "Mobile"
    },
    {
      "row": 1,
      "name": "FileDownloader",
      "size": 1,
      "type": "WebComponent",
      "label": "${Texts.Empty}",
      "column": 12,
      "elements": [],
      "helpText": "",
      "isHidden": false,
      "attributes": [
        {
          "key": "webComponentName",
          "value": "OmniaFileDownload"
        },
        {
          "key": "customElementName",
          "value": "omnia-download"
        },
        {
          "key": "mapping",
          "value": "_description"
        }
      ],
      "behaviours": [],
      "description": null,
      "visibleFrom": "Mobile"
    }
  ],
  "helpText": "",
  "attributes": [
    {
      "key": "queryTableDefinition",
      "value": "DocumentVariables"
    }
  ],
  "behaviours": [],
  "dataSource": "System",
  "description": ""
}