{
  "name": "BankMovementQuery",
  "joins": [],
  "table": {
    "alias": null,
    "filter": null,
    "definition": "BankMovement",
    "properties": [
      {
        "path": "_code",
        "alias": "_code",
        "function": "None"
      },
      {
        "path": "_name",
        "alias": "_name",
        "function": "None"
      },
      {
        "path": "_description",
        "alias": "_description",
        "function": "None"
      },
      {
        "path": "_inactive",
        "alias": "_inactive",
        "function": "None"
      }
    ],
    "orderedProperties": []
  },
  "columns": [
    {
      "kind": "Primitive",
      "name": "_code",
      "type": "Text",
      "label": "Code"
    },
    {
      "kind": "Primitive",
      "name": "_name",
      "type": "Text",
      "label": "Name"
    },
    {
      "kind": "Primitive",
      "name": "amount",
      "type": "Decimal",
      "label": "Amount"
    },
    {
      "kind": "Primitive",
      "name": "category",
      "type": "Text",
      "label": "Category"
    },
    {
      "kind": "Primitive",
      "name": "date",
      "type": "Date",
      "label": "Date"
    }
  ],
  "dataSource": "System",
  "expression": "SELECT \r\n\tvw_BankMovement._code,\r\n\tvw_BankMovement._name,\r\n\tvw_BankMovement.Amount,\r\n\tvw_BankMovement.Category,\r\n\tvw_BankMovement.Date\r\nFROM vw_BankMovement\r\norder by Date desc",
  "description": null
}