{
  "name": "MeetingRoomQuery",
  "joins": [],
  "table": {
    "alias": null,
    "filter": null,
    "definition": "MeetingRoom",
    "properties": [
      {
        "path": "_code",
        "alias": "_code",
        "function": "None"
      },
      {
        "path": "_name",
        "alias": "_name",
        "function": "None"
      },
      {
        "path": "_description",
        "alias": "_description",
        "function": "None"
      },
      {
        "path": "_inactive",
        "alias": "_inactive",
        "function": "None"
      }
    ],
    "orderedProperties": []
  },
  "columns": [
    {
      "kind": "Primitive",
      "name": "identifier",
      "type": "Text",
      "label": "Identifier"
    },
    {
      "kind": "Primitive",
      "name": "_created_at",
      "type": "Text",
      "label": "Created_at"
    },
    {
      "kind": "Primitive",
      "name": "_updated_at",
      "type": "Text",
      "label": "Updated_at"
    },
    {
      "kind": "Primitive",
      "name": "_code",
      "type": "Text",
      "label": "Code"
    },
    {
      "kind": "Primitive",
      "name": "_description",
      "type": "Text",
      "label": "Description"
    },
    {
      "kind": "Primitive",
      "name": "_inactive",
      "type": "Boolean",
      "label": "Inactive"
    },
    {
      "kind": "Primitive",
      "name": "_name",
      "type": "Text",
      "label": "Name"
    },
    {
      "kind": "Primitive",
      "name": "floor",
      "type": "Integer",
      "label": "Floor"
    },
    {
      "kind": "Primitive",
      "name": "image",
      "type": "Text",
      "label": "Image"
    },
    {
      "kind": "Primitive",
      "name": "state",
      "type": "Text",
      "label": "State"
    },
    {
      "kind": "Primitive",
      "name": "numberofseats",
      "type": "Integer",
      "label": "Numberofseats"
    },
    {
      "kind": "Primitive",
      "name": "hastv",
      "type": "Boolean",
      "label": "Hastv"
    },
    {
      "kind": "Primitive",
      "name": "hascoffeemachine",
      "type": "Boolean",
      "label": "Hascoffeemachine"
    },
    {
      "kind": "Primitive",
      "name": "hasconferencephone",
      "type": "Boolean",
      "label": "Hasconferencephone"
    },
    {
      "kind": "Primitive",
      "name": "hasprojector",
      "type": "Boolean",
      "label": "Hasprojector"
    }
  ],
  "dataSource": "System",
  "expression": "SELECT \r\n\tvw_MeetingRoom.identifier,\r\n\tvw_MeetingRoom._created_at,\r\n\tvw_MeetingRoom._updated_at,\r\n\tvw_MeetingRoom._code,\r\n\tvw_MeetingRoom._description,\r\n\tvw_MeetingRoom._inactive,\r\n\tvw_MeetingRoom._name,\r\n\tvw_MeetingRoom.Floor,\r\n\tvw_MeetingRoom.Image,\r\n\tvw_MeetingRoom._state,\r\n\tvw_MeetingRoom.NumberOfSeats,\r\n\tvw_MeetingRoom.HasTV, \r\n\tvw_MeetingRoom.HasCoffeeMachine, \r\n\tvw_MeetingRoom.HasConferencePhone,\r\n\tvw_MeetingRoom.HasProjector\r\nFROM vw_MeetingRoom \r\nORDER BY _code ASC  ",
  "description": null
}