{
  "name": "MyCountryQuery",
  "joins": [],
  "table": {
    "alias": null,
    "filter": null,
    "definition": "Country",
    "properties": [],
    "orderedProperties": []
  },
  "columns": [
    {
      "kind": "Primitive",
      "name": "_code",
      "type": "Text",
      "label": "${Texts.ISO}"
    },
    {
      "kind": "Primitive",
      "name": "_name",
      "type": "Text",
      "label": "${Texts.Name}"
    },
    {
      "kind": "Primitive",
      "name": "area",
      "type": "Integer",
      "label": "${Texts.Area}"
    },
    {
      "kind": "Primitive",
      "name": "population",
      "type": "Integer",
      "label": "${Texts.Population}"
    },
    {
      "kind": "Primitive",
      "name": "region",
      "type": "Text",
      "label": "${Texts.Region}"
    }
  ],
  "dataSource": "System",
  "expression": "SELECT \r\n\tvw_Country._code,\t\r\n\tvw_Country._name,\r\n\tvw_Country.Area,\r\n\tvw_Country.Population,\r\n\tvw_Country.Region\r\nFROM vw_Country",
  "description": ""
}