{
  "name": "MyMeetingRoomQuery",
  "joins": [],
  "table": {
    "alias": null,
    "filter": null,
    "definition": "MeetingRoom",
    "properties": [],
    "orderedProperties": []
  },
  "columns": [
    {
      "kind": "Primitive",
      "name": "_code",
      "type": "Text",
      "label": "${Texts.Code}"
    },
    {
      "kind": "Primitive",
      "name": "_name",
      "type": "Text",
      "label": "${Texts.Name}"
    },
    {
      "kind": "Primitive",
      "name": "_description",
      "type": "Text",
      "label": "${Texts.Description}"
    },
    {
      "kind": "Primitive",
      "name": "floor",
      "type": "Integer",
      "label": "${Texts.Floor}"
    },
    {
      "kind": "Enumeration",
      "name": "_state",
      "type": "MeetingRoomStateMachineStates",
      "label": "${Texts.State}"
    }
  ],
  "dataSource": "System",
  "expression": "SELECT \r\n\tvw_MeetingRoom._code,\r\n\tvw_MeetingRoom._name,\r\n\tvw_MeetingRoom._description,\r\n\tvw_MeetingRoom.Floor,\r\n\tvw_MeetingRoom._state\r\nFROM vw_MeetingRoom",
  "description": ""
}