{
  "name": "MyProductQuery",
  "joins": [],
  "table": {
    "alias": null,
    "filter": null,
    "definition": "Product",
    "properties": [],
    "orderedProperties": []
  },
  "columns": [
    {
      "kind": "Primitive",
      "name": "_name",
      "type": "Text",
      "label": "${Texts.Name}"
    },
    {
      "kind": "Primitive",
      "name": "category",
      "type": "Text",
      "label": "${Texts.Category}"
    },
    {
      "kind": "Primitive",
      "name": "colour",
      "type": "Text",
      "label": "${Texts.Colour}"
    },
    {
      "kind": "Primitive",
      "name": "gender",
      "type": "Text",
      "label": "${Texts.Gender}"
    },
    {
      "kind": "Primitive",
      "name": "producttype",
      "type": "Text",
      "label": "${Texts.ProductType}"
    },
    {
      "kind": "Primitive",
      "name": "subcategory",
      "type": "Text",
      "label": "${Texts.SubCategory}"
    },
    {
      "kind": "Primitive",
      "name": "usage",
      "type": "Text",
      "label": "${Texts.Usage}"
    }
  ],
  "dataSource": "System",
  "expression": "SELECT \r\n\tp._name,\r\n\tC._name Category,\r\n\tCL._name Colour,\r\n\tG._name Gender,\r\n\tPT._name ProductType,\r\n\tSC._name SubCategory,\r\n\tU._name Usage\r\nFROM vw_Product p\r\n    left join  vw_Category C on C.identifier = p.Category\r\n    left join  vw_Colour CL on CL.identifier = p.Colour\r\n    left join  vw_Gender G on G.identifier = p.Gender\r\n    left join  vw_ProductType PT on PT.identifier = p.ProductType\r\n    left join  vw_SubCategory SC on SC.identifier = p.SubCategory\r\n    left join  vw_Usage U on U.identifier = p.Usage",
  "description": ""
}