{
  "name": "MyVehicleQuery",
  "joins": [],
  "table": {
    "alias": null,
    "filter": null,
    "definition": "Vehicle",
    "properties": [],
    "orderedProperties": []
  },
  "columns": [
    {
      "kind": "Primitive",
      "name": "brand",
      "type": "Text",
      "label": "${Texts.Brand}"
    },
    {
      "kind": "Primitive",
      "name": "fuel",
      "type": "Text",
      "label": "${Texts.Fuel}"
    },
    {
      "kind": "Primitive",
      "name": "gear",
      "type": "Text",
      "label": "${Texts.Gear}"
    },
    {
      "kind": "Primitive",
      "name": "hp",
      "type": "Text",
      "label": "${Texts.HP}"
    },
    {
      "kind": "Primitive",
      "name": "mileage",
      "type": "Integer",
      "label": "${Texts.Mileage}"
    },
    {
      "kind": "Primitive",
      "name": "model",
      "type": "Text",
      "label": "${Texts.Model}"
    },
    {
      "kind": "Primitive",
      "name": "price",
      "type": "Decimal",
      "label": "${Texts.Price}"
    },
    {
      "kind": "Primitive",
      "name": "year",
      "type": "Integer",
      "label": "${Texts.Year}"
    }
  ],
  "dataSource": "System",
  "expression": "SELECT \t\r\n\tvw_Vehicle.Brand,\r\n\tvw_Vehicle.Fuel,\r\n\tvw_Vehicle.Gear,\r\n\tvw_Vehicle.HP,\r\n\tvw_Vehicle.Mileage,\r\n\tvw_Vehicle.Model,\r\n\tvw_Vehicle.Price,\r\n\tvw_Vehicle.Year\r\nFROM vw_Vehicle",
  "description": ""
}