{
  "name": "OrdersQuery",
  "joins": [],
  "table": {
    "alias": null,
    "filter": null,
    "definition": "Orders",
    "properties": [
      {
        "path": "_code",
        "alias": "_code",
        "function": "None"
      },
      {
        "path": "_serie",
        "alias": "_serie",
        "function": "None"
      },
      {
        "path": "_number",
        "alias": "_number",
        "function": "None"
      },
      {
        "path": "_date",
        "alias": "_date",
        "function": "None"
      }
    ],
    "orderedProperties": []
  },
  "columns": [
    {
      "kind": "Primitive",
      "name": "_code",
      "type": "Text",
      "label": "Code"
    },
    {
      "kind": "Primitive",
      "name": "_date",
      "type": "Date",
      "label": "Date"
    },
    {
      "kind": "Enumeration",
      "name": "_state",
      "type": "OrdersStateMachineStates",
      "label": "State"
    },
    {
      "kind": "Primitive",
      "name": "paymentmethod",
      "type": "Text",
      "label": "Payment Method"
    }
  ],
  "dataSource": "System",
  "expression": "SELECT \r\n\tvw_Orders._code,\r\n\tvw_Orders._date,\t\r\n\tvw_Orders._state,\r\n\tvw_Orders.PaymentMethod\t\r\nFROM vw_Orders\r\norder by  vw_Orders._created_at desc",
  "description": null
}