{
  "name": "ProductQuery",
  "joins": [],
  "table": {
    "alias": null,
    "filter": null,
    "definition": "Product",
    "properties": [
      {
        "path": "_code",
        "alias": "_code",
        "function": "None"
      },
      {
        "path": "_name",
        "alias": "_name",
        "function": "None"
      },
      {
        "path": "_description",
        "alias": "_description",
        "function": "None"
      },
      {
        "path": "_inactive",
        "alias": "_inactive",
        "function": "None"
      }
    ],
    "orderedProperties": []
  },
  "columns": [
    {
      "kind": "Primitive",
      "name": "_code",
      "type": "Text",
      "label": "Code"
    },
    {
      "kind": "Primitive",
      "name": "_name",
      "type": "Text",
      "label": "Name"
    },
    {
      "kind": "Primitive",
      "name": "_description",
      "type": "Text",
      "label": "Description"
    },
    {
      "kind": "Primitive",
      "name": "category",
      "type": "Text",
      "label": "Category"
    },
    {
      "kind": "Primitive",
      "name": "colour",
      "type": "Text",
      "label": "Colour"
    },
    {
      "kind": "Primitive",
      "name": "gender",
      "type": "Text",
      "label": "Gender"
    },
    {
      "kind": "Primitive",
      "name": "image",
      "type": "Text",
      "label": "Image"
    },
    {
      "kind": "Primitive",
      "name": "producttype",
      "type": "Text",
      "label": "Product Type"
    },
    {
      "kind": "Primitive",
      "name": "subcategory",
      "type": "Text",
      "label": "Sub Category"
    },
    {
      "kind": "Primitive",
      "name": "usage",
      "type": "Text",
      "label": "Usage"
    }
  ],
  "dataSource": "System",
  "expression": "SELECT \r\n\tvw_Product._code,\r\n    vw_Product._name,\r\n\tvw_Product._description,\t\r\n\tvw_Product.Category,\r\n\tvw_Product.Colour,\r\n\tvw_Product.Gender,\r\n\tvw_Product.Image,\r\n\tvw_Product.ProductType,\r\n\tvw_Product.SubCategory,\r\n\tvw_Product.Usage\r\nFROM vw_Product\r\norder by _code\r\n",
  "description": null
}