{
  "name": "TaskQuery",
  "joins": [],
  "table": {
    "alias": null,
    "filter": null,
    "definition": "Task",
    "properties": [
      {
        "path": "_code",
        "alias": "_code",
        "function": "None"
      },
      {
        "path": "_name",
        "alias": "_name",
        "function": "None"
      },
      {
        "path": "_description",
        "alias": "_description",
        "function": "None"
      },
      {
        "path": "_inactive",
        "alias": "_inactive",
        "function": "None"
      }
    ],
    "orderedProperties": []
  },
  "columns": [
    {
      "kind": "Primitive",
      "name": "_code",
      "type": "Text",
      "label": "Code"
    },
    {
      "kind": "Primitive",
      "name": "_name",
      "type": "Text",
      "label": "Name"
    },
    {
      "kind": "Primitive",
      "name": "_description",
      "type": "Text",
      "label": "Description"
    },
    {
      "kind": "Primitive",
      "name": "begindate",
      "type": "Date",
      "label": "Begin Date"
    },
    {
      "kind": "Primitive",
      "name": "enddate",
      "type": "Date",
      "label": "End Date"
    },
    {
      "kind": "Primitive",
      "name": "progress",
      "type": "Integer",
      "label": "Progress"
    }
  ],
  "dataSource": "System",
  "expression": "SELECT \r\n\tvw_Task._code,\r\n\tvw_Task._name,\r\n\tvw_Task._description,\r\n\tvw_Task.BeginDate,\r\n\tvw_Task.EndDate,\r\n\tvw_Task.Progress\r\nFROM vw_Task",
  "description": null
}