{
  "name": "Primavera_Decrypt",
  "dataSource": "Primavera",
  "expression": "var keyString = PrimaveraApplicationBehaviours.Primavera_GetEncryptionKey()[\"key\"].ToString();\r\nvar cipherText = args[\"EncryptedText\"]?.ToString();\r\n\r\nif(string.IsNullOrEmpty(cipherText))\r\n    return new Dictionary<string, object> \r\n        {\r\n            { \"DecryptedText\", string.Empty }\r\n        };\r\n        \r\nvar fullCipher = Convert.FromBase64String(cipherText);\r\n\r\nvar iv = new byte[16];\r\nvar cipher = new byte[fullCipher.Length - iv.Length];\r\n\r\nBuffer.BlockCopy(fullCipher, 0, iv, 0, iv.Length);\r\nBuffer.BlockCopy(fullCipher, iv.Length, cipher, 0, fullCipher.Length - iv.Length);\r\nvar key = Encoding.UTF8.GetBytes(keyString.PadRight(32).Substring(0, 32));\r\n\r\nusing (var aesAlg = Aes.Create())\r\n{\r\n    using (var decryptor = aesAlg.CreateDecryptor(key, iv))\r\n    {\r\n        using (var msDecrypt = new MemoryStream(cipher))\r\n        {\r\n            using (var csDecrypt = new CryptoStream(msDecrypt, decryptor, CryptoStreamMode.Read))\r\n            {\r\n                using (var srDecrypt = new StreamReader(csDecrypt))\r\n                {\r\n                    return new Dictionary<string, object> \r\n                    {\r\n                        { \"DecryptedText\", srDecrypt.ReadToEnd() }\r\n                    };\r\n                }\r\n            }\r\n        }\r\n    }\r\n}",
  "description": "",
  "executionLocation": "External",
  "behaviourNamespaces": [
    {
      "name": "SystemSecurityCryptography",
      "description": "",
      "executionLocation": "External",
      "fullyQualifiedName": "System.Security.Cryptography"
    },
    {
      "name": "SystemText",
      "description": "",
      "executionLocation": "External",
      "fullyQualifiedName": "System.Text"
    },
    {
      "name": "SystemIO",
      "description": "",
      "executionLocation": "External",
      "fullyQualifiedName": "System.IO"
    }
  ]
}