{
  "name": "SalesPromise",
  "attributes": [
    {
      "name": "_resource",
      "type": "Product",
      "length": null,
      "isSystem": true,
      "isReadOnly": false,
      "description": null,
      "multiplicity": {
        "lower": 1,
        "upper": 1
      },
      "aggregationKind": "Shared",
      "isSensitiveData": null,
      "dependsOnAttribute": null
    },
    {
      "name": "_provider",
      "type": "Company",
      "length": null,
      "isSystem": true,
      "isReadOnly": false,
      "description": null,
      "multiplicity": {
        "lower": 1,
        "upper": 1
      },
      "aggregationKind": "Shared",
      "isSensitiveData": null,
      "dependsOnAttribute": null
    },
    {
      "name": "_receiver",
      "type": "Customer",
      "length": null,
      "isSystem": true,
      "isReadOnly": false,
      "description": null,
      "multiplicity": {
        "lower": 1,
        "upper": 1
      },
      "aggregationKind": "Shared",
      "isSensitiveData": null,
      "dependsOnAttribute": null
    },
    {
      "name": "_code",
      "type": "Text",
      "length": null,
      "isSystem": true,
      "isReadOnly": false,
      "description": null,
      "multiplicity": {
        "lower": 1,
        "upper": 1
      },
      "aggregationKind": "None",
      "isSensitiveData": null,
      "dependsOnAttribute": null
    },
    {
      "name": "_quantity",
      "type": "Decimal",
      "length": null,
      "isSystem": true,
      "isReadOnly": false,
      "description": null,
      "multiplicity": {
        "lower": 1,
        "upper": 1
      },
      "aggregationKind": "None",
      "isSensitiveData": null,
      "dependsOnAttribute": null
    },
    {
      "name": "_amount",
      "type": "Decimal",
      "length": {
        "maximum": null,
        "minimum": 0
      },
      "isSystem": true,
      "isReadOnly": true,
      "description": null,
      "multiplicity": {
        "lower": 1,
        "upper": 1
      },
      "aggregationKind": "None",
      "isSensitiveData": null,
      "dependsOnAttribute": null
    },
    {
      "name": "OrderDate",
      "type": "Date",
      "length": null,
      "isSystem": false,
      "isReadOnly": false,
      "description": "",
      "multiplicity": {
        "lower": 0,
        "upper": 1
      },
      "aggregationKind": "None",
      "isSensitiveData": false,
      "dependsOnAttribute": ""
    },
    {
      "name": "UnitPrice",
      "type": "Decimal",
      "length": {
        "maximum": null,
        "minimum": 1
      },
      "isSystem": false,
      "isReadOnly": true,
      "description": "",
      "multiplicity": {
        "lower": 1,
        "upper": 1
      },
      "aggregationKind": "None",
      "isSensitiveData": false,
      "dependsOnAttribute": ""
    }
  ],
  "dataSource": "System",
  "description": "",
  "dataBehaviours": [],
  "entityBehaviours": [
    {
      "name": "Defaults",
      "type": "Initialize",
      "attribute": null,
      "expression": "if(this._code != null && this._code != String.Empty) return; \nthis._code = Guid.NewGuid().ToString(\"N\");",
      "description": null
    },
    {
      "name": "Formula_Amount",
      "type": "Formula",
      "attribute": "_amount",
      "expression": "return _quantity * UnitPrice;",
      "description": ""
    },
    {
      "name": "OnChange_Resource",
      "type": "Action",
      "attribute": "_resource",
      "expression": "\n\n// Code generated by an accelerator (you can change it if you need)\n// The following code invokes the API to retrieve the data of an entity and set the values in the current entity\nif(string.IsNullOrEmpty(this._resource?.ToString()))\n    return;\n\n// In order to prevent to invoke the API if the values were sent by the user\nif(\n    this._Dto.HasPropertyChanged(nameof(this.UnitPrice))  \n)\n    return;\n\nvar httpClient = this._Context.CreateApplicationHttpClient();\nvar dataSource = \"Default\";\n\nvar requestResult = httpClient.GetAsync($\"Product/{dataSource}/{this._resource}\").GetAwaiter().GetResult();\n\nif (!requestResult.IsSuccessStatusCode)\n    throw new Exception($\"Can't retrieve the entity '{this._resource}'\");\n\n\nvar entity = requestResult.Content.ReadAsAsync<ProductDto>().GetAwaiter().GetResult();\n    \n\n\nthis.UnitPrice = entity.UnitPrice.HasValue ? entity.UnitPrice.Value : 0;\n",
      "description": ""
    }
  ],
  "behaviourNamespaces": []
}