{
  "name": "Home",
  "type": "Dashboard",
  "label": "Home",
  "elements": [
    {
      "row": 1,
      "name": "TimeRecordsPendingClosureList",
      "size": 12,
      "type": "List",
      "label": "Opened time records",
      "column": 1,
      "elements": [],
      "helpText": "",
      "isHidden": false,
      "attributes": [
        {
          "key": "listCode",
          "value": "TimeRecordsPendingClosureList"
        },
        {
          "key": "pageSize",
          "value": "10"
        }
      ],
      "behaviours": [],
      "description": null,
      "visibleFrom": "Mobile"
    },
    {
      "row": 20,
      "name": "ProjEstimationVsConsumptionList",
      "size": 12,
      "type": "List",
      "label": "Project Estimation vs Consumption",
      "column": 1,
      "elements": [],
      "helpText": "",
      "isHidden": false,
      "attributes": [
        {
          "key": "listCode",
          "value": "ProjEstimationVsConsumptionList"
        },
        {
          "key": "pageSize",
          "value": "5"
        }
      ],
      "behaviours": [],
      "description": null,
      "visibleFrom": "Mobile"
    },
    {
      "row": 30,
      "name": "ProjectCategoryPercentageList",
      "size": 6,
      "type": "List",
      "label": "Project time consumed per category",
      "column": 1,
      "elements": [],
      "helpText": "",
      "isHidden": false,
      "attributes": [
        {
          "key": "listCode",
          "value": "ProjectCategoryPercentageList"
        },
        {
          "key": "pageSize",
          "value": "5"
        }
      ],
      "behaviours": [],
      "description": null,
      "visibleFrom": "Mobile"
    },
    {
      "row": 30,
      "name": "CategoryPercentageList",
      "size": 6,
      "type": "List",
      "label": "Time used per Category in all projects",
      "column": 7,
      "elements": [],
      "helpText": "",
      "isHidden": false,
      "attributes": [
        {
          "key": "listCode",
          "value": "CategoryPercentageList"
        },
        {
          "key": "pageSize",
          "value": "5"
        }
      ],
      "behaviours": [],
      "description": null,
      "visibleFrom": "Mobile"
    }
  ],
  "helpText": "",
  "attributes": [],
  "behaviours": [],
  "description": ""
}