{
  "name": "TimesheetDashboard",
  "type": "Dashboard",
  "label": "Timesheet",
  "elements": [
    {
      "row": 20,
      "name": "TimesheetList",
      "size": 12,
      "type": "List",
      "label": "Timesheet",
      "column": 1,
      "elements": [],
      "helpText": null,
      "isHidden": false,
      "attributes": [
        {
          "key": "listCode",
          "value": "TimesheetList"
        },
        {
          "key": "pageSize",
          "value": "10"
        }
      ],
      "behaviours": [],
      "description": null,
      "visibleFrom": null
    },
    {
      "row": 10,
      "name": "MyTimesheets",
      "size": 12,
      "type": "List",
      "label": "My Timesheets",
      "column": 1,
      "elements": [],
      "helpText": "",
      "isHidden": false,
      "attributes": [
        {
          "key": "listCode",
          "value": "MyTimesheetsList"
        },
        {
          "key": "pageSize",
          "value": "10"
        }
      ],
      "behaviours": [],
      "description": null,
      "visibleFrom": "Mobile"
    }
  ],
  "helpText": null,
  "attributes": [],
  "behaviours": [],
  "description": null
}