{
  "name": "Primavera",
  "attributes": [
    {
      "name": "_code",
      "type": "Text",
      "isSystem": true,
      "isReadOnly": false,
      "description": null,
      "multiplicity": {
        "lower": 1,
        "upper": 1
      },
      "aggregationKind": "None",
      "isSensitiveData": null,
      "dependsOnAttribute": null
    },
    {
      "name": "_name",
      "type": "Text",
      "isSystem": true,
      "isReadOnly": false,
      "description": null,
      "multiplicity": {
        "lower": 1,
        "upper": 1
      },
      "aggregationKind": "None",
      "isSensitiveData": null,
      "dependsOnAttribute": null
    },
    {
      "name": "_description",
      "type": "Text",
      "isSystem": true,
      "isReadOnly": false,
      "description": null,
      "multiplicity": {
        "lower": 0,
        "upper": 1
      },
      "aggregationKind": "None",
      "isSensitiveData": null,
      "dependsOnAttribute": null
    },
    {
      "name": "_inactive",
      "type": "Boolean",
      "isSystem": true,
      "isReadOnly": false,
      "description": null,
      "multiplicity": {
        "lower": 1,
        "upper": 1
      },
      "aggregationKind": "None",
      "isSensitiveData": null,
      "dependsOnAttribute": null
    },
    {
      "name": "_connector",
      "type": "Text",
      "isSystem": true,
      "isReadOnly": false,
      "description": null,
      "multiplicity": {
        "lower": 1,
        "upper": 1
      },
      "aggregationKind": "None",
      "isSensitiveData": null,
      "dependsOnAttribute": null
    },
    {
      "name": "PlatformType",
      "type": "Text",
      "isSystem": false,
      "isReadOnly": false,
      "description": "",
      "multiplicity": {
        "lower": 1,
        "upper": 1
      },
      "aggregationKind": "None",
      "isSensitiveData": null,
      "dependsOnAttribute": ""
    },
    {
      "name": "Username",
      "type": "Text",
      "isSystem": false,
      "isReadOnly": false,
      "description": "",
      "multiplicity": {
        "lower": 1,
        "upper": 1
      },
      "aggregationKind": "None",
      "isSensitiveData": null,
      "dependsOnAttribute": ""
    },
    {
      "name": "Password",
      "type": "Text",
      "isSystem": false,
      "isReadOnly": false,
      "description": "",
      "multiplicity": {
        "lower": 0,
        "upper": 1
      },
      "aggregationKind": "None",
      "isSensitiveData": null,
      "dependsOnAttribute": ""
    },
    {
      "name": "DatabaseInstance",
      "type": "Text",
      "isSystem": false,
      "isReadOnly": false,
      "description": "",
      "multiplicity": {
        "lower": 1,
        "upper": 1
      },
      "aggregationKind": "None",
      "isSensitiveData": null,
      "dependsOnAttribute": ""
    },
    {
      "name": "NewPassword",
      "type": "Text",
      "isSystem": false,
      "isReadOnly": true,
      "description": "",
      "multiplicity": {
        "lower": 0,
        "upper": 1
      },
      "aggregationKind": "None",
      "isSensitiveData": null,
      "dependsOnAttribute": ""
    },
    {
      "name": "ChangePassword",
      "type": "Boolean",
      "isSystem": false,
      "isReadOnly": false,
      "description": "",
      "multiplicity": {
        "lower": 0,
        "upper": 1
      },
      "aggregationKind": "None",
      "isSensitiveData": null,
      "dependsOnAttribute": ""
    }
  ],
  "description": "",
  "dataBehaviours": [],
  "behaviourRuntime": "Internal",
  "entityBehaviours": [
    {
      "name": "Initializer",
      "type": "Initialize",
      "attribute": null,
      "expression": "if (this._Context.Operation.IsNew)\r\n{\r\n    DatabaseInstance = \"Default\";\r\n}",
      "description": ""
    },
    {
      "name": "BeforeSave",
      "type": "BeforeSave",
      "attribute": null,
      "expression": "if(_Context.Operation.Action != Action.EntityCreate && _Context.Operation.Action != Action.EntityUpdate)\n    return;\n\nif (!((bool)this.ChangePassword))\n    return;\n    \nvar args = new Dictionary<string, object> \n{ \n    { \"Text\", this.NewPassword }\n};\n\nvar encrypted = SystemApplicationBehaviours.Encrypt(args);\n\nthis.Password = encrypted[\"EncryptedText\"].ToString();\nthis.ChangePassword = false;\nthis.NewPassword = \"\";",
      "description": ""
    }
  ],
  "dataAccessRuntime": "External",
  "behaviourNamespaces": [],
  "executesInConnector": true,
  "behaviourDependencies": [
    {
      "name": "StdBE100",
      "path": "%ProgramFiles(x86)%\\PRIMAVERA\\SG100\\Apl\\StdBE100.dll",
      "type": "File",
      "version": null,
      "expression": "namespace CodeDependencies {\n    \n}",
      "description": "",
      "assemblyName": "StdBE100",
      "executionLocation": "External"
    },
    {
      "name": "ErpBS100",
      "path": "%ProgramFiles(x86)%\\PRIMAVERA\\SG100\\Apl\\ErpBS100.dll",
      "type": "File",
      "version": null,
      "expression": "namespace CodeDependencies {\n    \n}",
      "description": "",
      "assemblyName": "ErpBS100",
      "executionLocation": "External"
    },
    {
      "name": "RhpBE100",
      "path": "%ProgramFiles(x86)%\\PRIMAVERA\\SG100\\Apl\\RhpBE100.dll",
      "type": "File",
      "version": null,
      "expression": "namespace CodeDependencies {\n    \n}",
      "description": "",
      "assemblyName": "RhpBE100",
      "executionLocation": "External"
    },
    {
      "name": "IRhpBS100",
      "path": "%ProgramFiles(x86)%\\PRIMAVERA\\SG100\\Apl\\IRhpBS100.dll",
      "type": "File",
      "version": null,
      "expression": "namespace CodeDependencies {\n    \n}",
      "description": "",
      "assemblyName": "IRhpBS100",
      "executionLocation": "External"
    },
    {
      "name": "StdPlatBS100",
      "path": "%ProgramFiles(x86)%\\PRIMAVERA\\SG100\\Apl\\StdPlatBS100.dll",
      "type": "File",
      "version": null,
      "expression": "namespace CodeDependencies {\n    \n}",
      "description": "",
      "assemblyName": "StdPlatBS100",
      "executionLocation": "External"
    }
  ]
}