{
  "name": "DocumentVariables",
  "isRoot": true,
  "attributes": [
    {
      "name": "_code",
      "type": "Text",
      "isSystem": true,
      "isReadOnly": false,
      "description": null,
      "multiplicity": {
        "lower": 1,
        "upper": 1
      },
      "aggregationKind": "None",
      "isSensitiveData": null,
      "dependsOnAttribute": null
    },
    {
      "name": "_name",
      "type": "Text",
      "isSystem": true,
      "isReadOnly": false,
      "description": null,
      "multiplicity": {
        "lower": 1,
        "upper": 1
      },
      "aggregationKind": "None",
      "isSensitiveData": null,
      "dependsOnAttribute": null
    },
    {
      "name": "_description",
      "type": "Text",
      "isSystem": true,
      "isReadOnly": false,
      "description": null,
      "multiplicity": {
        "lower": 0,
        "upper": 1
      },
      "aggregationKind": "None",
      "isSensitiveData": null,
      "dependsOnAttribute": null
    },
    {
      "name": "_inactive",
      "type": "Boolean",
      "isSystem": true,
      "isReadOnly": false,
      "description": null,
      "multiplicity": {
        "lower": 1,
        "upper": 1
      },
      "aggregationKind": "None",
      "isSensitiveData": null,
      "dependsOnAttribute": null
    },
    {
      "name": "CompanyName",
      "type": "Text",
      "isSystem": false,
      "isReadOnly": false,
      "description": "",
      "multiplicity": {
        "lower": 0,
        "upper": 1
      },
      "aggregationKind": "None",
      "isSensitiveData": false,
      "dependsOnAttribute": ""
    },
    {
      "name": "ReportingContact",
      "type": "Text",
      "isSystem": false,
      "isReadOnly": false,
      "description": "[EN] The contact that your co-workers should use in case they need to report anything related with COVID-19.",
      "multiplicity": {
        "lower": 0,
        "upper": 50
      },
      "aggregationKind": "None",
      "isSensitiveData": false,
      "dependsOnAttribute": ""
    },
    {
      "name": "ContingencyPlan",
      "type": "Text",
      "isSystem": false,
      "isReadOnly": false,
      "description": "",
      "multiplicity": {
        "lower": 0,
        "upper": 1
      },
      "aggregationKind": "None",
      "isSensitiveData": false,
      "dependsOnAttribute": ""
    },
    {
      "name": "KitLocation",
      "type": "Text",
      "isSystem": false,
      "isReadOnly": false,
      "description": "[EN] - Location of the disinfection kit.",
      "multiplicity": {
        "lower": 0,
        "upper": 50
      },
      "aggregationKind": "None",
      "isSensitiveData": false,
      "dependsOnAttribute": ""
    },
    {
      "name": "WarningLocation",
      "type": "Text",
      "isSystem": false,
      "isReadOnly": false,
      "description": "[EN] - Location of the isolation warnings.",
      "multiplicity": {
        "lower": 0,
        "upper": 50
      },
      "aggregationKind": "None",
      "isSensitiveData": false,
      "dependsOnAttribute": ""
    },
    {
      "name": "AlternateContactType",
      "type": "Text",
      "isSystem": false,
      "isReadOnly": false,
      "description": "(besides the phone, recommend a second channel, such as an email)",
      "multiplicity": {
        "lower": 0,
        "upper": 1
      },
      "aggregationKind": "None",
      "isSensitiveData": false,
      "dependsOnAttribute": ""
    },
    {
      "name": "BulletinsLibrary",
      "type": "BulletinsLibrary",
      "isSystem": false,
      "isReadOnly": false,
      "description": "",
      "multiplicity": {
        "lower": 0,
        "upper": 100
      },
      "aggregationKind": "Composite",
      "isSensitiveData": false,
      "dependsOnAttribute": ""
    },
    {
      "name": "DocumentsLibrary",
      "type": "BulletinsLibrary",
      "isSystem": false,
      "isReadOnly": false,
      "description": "",
      "multiplicity": {
        "lower": 0,
        "upper": 100
      },
      "aggregationKind": "Composite",
      "isSensitiveData": false,
      "dependsOnAttribute": ""
    },
    {
      "name": "SalaNomeLocalizacao",
      "type": "Text",
      "isSystem": false,
      "isReadOnly": false,
      "description": "[PT] Nome e localização da sala de isolamento.",
      "multiplicity": {
        "lower": 0,
        "upper": 50
      },
      "aggregationKind": "None",
      "isSensitiveData": false,
      "dependsOnAttribute": ""
    },
    {
      "name": "LocalizacaoAvisos",
      "type": "Text",
      "isSystem": false,
      "isReadOnly": false,
      "description": "[PT] - Localização dos avisos.",
      "multiplicity": {
        "lower": 0,
        "upper": 50
      },
      "aggregationKind": "None",
      "isSensitiveData": false,
      "dependsOnAttribute": ""
    },
    {
      "name": "LocalizacaoKitDesinfecao",
      "type": "Text",
      "isSystem": false,
      "isReadOnly": false,
      "description": "[PT] - Localização do kit de desinfeção.",
      "multiplicity": {
        "lower": 0,
        "upper": 50
      },
      "aggregationKind": "None",
      "isSensitiveData": false,
      "dependsOnAttribute": ""
    },
    {
      "name": "RoomNameLocation",
      "type": "Text",
      "isSystem": false,
      "isReadOnly": false,
      "description": "[EN] Name and location of the isolation room.",
      "multiplicity": {
        "lower": 0,
        "upper": 50
      },
      "aggregationKind": "None",
      "isSensitiveData": false,
      "dependsOnAttribute": ""
    }
  ],
  "dataSource": "System",
  "description": "",
  "dataBehaviours": [],
  "entityBehaviours": [
    {
      "name": "Initialize",
      "type": "Initialize",
      "attribute": null,
      "expression": "if(string.IsNullOrEmpty(this._code)){\n    this._code = \"VARS\";\n    this._name = \"VARS\";\n}\n    ",
      "description": ""
    }
  ],
  "behaviourNamespaces": []
}