{
  "name": "CategoryPercentage",
  "joins": [],
  "table": {
    "alias": null,
    "filter": null,
    "definition": "Timesheet",
    "properties": [],
    "orderedProperties": []
  },
  "dataSource": "System",
  "expression": "SELECT records.Category, ROUND(100.0 * (SUM(records._quantity) / \r\n\t(SELECT SUM(TotalLabor) total \r\n \t\t\t\tFROM vw_timesheet ts)), 0) Percentage\r\nFROM vw_timesheet timesheet \r\nINNER JOIN vw_timesheet_LaborRecords records\r\n\tON timesheet.identifier = records.identifier\r\nGROUP BY records.Category\r\nORDER BY 1 ASC, 2 DESC",
  "description": "The percentage of hours consumed in a all projects per category"
}