{
  "name": "ProjectEstimationVsConsumption",
  "joins": [],
  "table": {
    "alias": null,
    "filter": null,
    "definition": "Project",
    "properties": [],
    "orderedProperties": []
  },
  "dataSource": "System",
  "expression": "SELECT project.identifier, project.Plannedlabor Planned, \r\n\tSUM(timesheet.TotalLabor) Consumed, \r\n\tROUND(\r\n  \t\t100.0 * (\r\n    \t  SUM(timesheet.TotalLabor) / project.Plannedlabor\r\n  \t), 0) ConsumedPercentage\r\n  \r\nFROM vw_project project\r\nINNER JOIN vw_timesheet timesheet \r\n\tON project.identifier = timesheet.project\r\nGROUP BY project.identifier, project.Plannedlabor",
  "description": "List projects estimation compared to execution."
}