{
  "name": "ProjectCategoryPercentage",
  "joins": [],
  "table": {
    "alias": null,
    "filter": null,
    "definition": "Project",
    "properties": [],
    "orderedProperties": []
  },
  "dataSource": "System",
  "expression": "SELECT project.identifier, records.Category, \r\nROUND(100.0 * (SUM(records._quantity) /\r\n\t\t\t   (SELECT SUM(TotalLabor) total \r\n \t\t\t\tFROM vw_timesheet ts\r\n\t\t\t\tWHERE ts.project = project.identifier)), 0) Percentage\r\nFROM vw_project project\r\nINNER JOIN vw_timesheet timesheet \r\n\tON project.identifier = timesheet.project\r\nINNER JOIN \tvw_timesheet_LaborRecords records\r\n\tON timesheet.identifier = records.identifier\r\nGROUP BY project.identifier, records.Category\r\nORDER BY 1 ASC, 2 ASC, 3 DESC",
  "description": ""
}