{
  "name": "TimesheetQuery",
  "joins": [],
  "table": {
    "alias": null,
    "filter": null,
    "definition": "Timesheet",
    "properties": [
      {
        "path": "_code",
        "alias": "_code",
        "function": "None"
      },
      {
        "path": "_serie",
        "alias": "_serie",
        "function": "None"
      },
      {
        "path": "_number",
        "alias": "_number",
        "function": "None"
      },
      {
        "path": "_date",
        "alias": "_date",
        "function": "None"
      },
      {
        "path": "workDate",
        "alias": "WorkDate",
        "function": "None"
      },
      {
        "path": "project",
        "alias": "Project",
        "function": "None"
      },
      {
        "path": "author",
        "alias": "Author",
        "function": "None"
      }
    ],
    "orderedProperties": []
  },
  "dataSource": "System",
  "expression": "SELECT  ts._code, ts.project, ts.author, ts.workDate\r\nFROM vw_timesheet ts\r\nINNER JOIN vw_teamplayer player on ts.author = player.identifier\r\nORDER BY ts.workDate desc",
  "description": null
}