{
  "name": "TimeRecordsPendingClosure",
  "joins": [],
  "table": {
    "alias": null,
    "filter": null,
    "definition": "Timesheet",
    "properties": [],
    "orderedProperties": []
  },
  "dataSource": "System",
  "expression": "SELECT TS.identifier AS _code, LR._provider, TS.project, TS.workDate, LR.category FROM vw_timesheet_laborrecords LR\nINNER JOIN vw_timesheet TS ON TS.identifier = LR.identifier\nWHERE LR.EndTime = ''",
  "description": "Time records that do not have an end hour"
}