{
  "name": "Application",
  "policies": [],
  "description": "Application authorization policy.",
  "permissions": [
    {
      "name": "TransportationDashboard_read",
      "roles": [
        "Administration"
      ],
      "description": "Read permission for TransportationDashboard."
    },
    {
      "name": "TransportationQuery_read",
      "roles": [
        "Administration"
      ],
      "description": "Read permission for TransportationQuery."
    },
    {
      "name": "TransportationForm_read",
      "roles": [
        "Administration"
      ],
      "description": "Read permission for TransportationForm."
    },
    {
      "name": "Transportation_read",
      "roles": [
        "Administration"
      ],
      "description": "Read permission for Transportation."
    },
    {
      "name": "Transportation_write",
      "roles": [
        "Administration"
      ],
      "description": "Write permission for Transportation."
    },
    {
      "name": "Transportation_delete",
      "roles": [
        "Administration"
      ],
      "description": "Delete permission for Transportation."
    },
    {
      "name": "Transportation_destroy",
      "roles": [
        "Administration"
      ],
      "description": "Destroy Sensitive Data permission for Transportation."
    },
    {
      "name": "CSVSourceDashboard_read",
      "roles": [
        "Administration"
      ],
      "description": "Read permission for CSVSourceDashboard."
    },
    {
      "name": "CSVSourceQuery_read",
      "roles": [
        "Administration"
      ],
      "description": "Read permission for CSVSourceQuery."
    },
    {
      "name": "CSVSourceForm_read",
      "roles": [
        "Administration"
      ],
      "description": "Read permission for CSVSourceForm."
    },
    {
      "name": "CSVSource_read",
      "roles": [
        "Administration"
      ],
      "description": "Read permission for CSVSource."
    },
    {
      "name": "CSVSource_write",
      "roles": [
        "Administration"
      ],
      "description": "Write permission for CSVSource."
    },
    {
      "name": "CSVSource_delete",
      "roles": [
        "Administration"
      ],
      "description": "Delete permission for CSVSource."
    },
    {
      "name": "CSVSource_destroy",
      "roles": [
        "Administration"
      ],
      "description": "Destroy Sensitive Data permission for CSVSource."
    },
    {
      "name": "System_read",
      "roles": [
        "Administration"
      ],
      "description": "Read permission for System."
    },
    {
      "name": "System_write",
      "roles": [
        "Administration"
      ],
      "description": "Write permission for System."
    },
    {
      "name": "System_delete",
      "roles": [
        "Administration"
      ],
      "description": "Delete permission for System."
    },
    {
      "name": "System_destroy",
      "roles": [
        "Administration"
      ],
      "description": "Destroy Sensitive Data permission for System."
    },
    {
      "name": "TestDash_read",
      "roles": [
        "Administration"
      ],
      "description": "Read permission for TestDash."
    },
    {
      "name": "CompanyDashboard_read",
      "roles": [
        "Administration"
      ],
      "description": "Read permission for CompanyDashboard."
    },
    {
      "name": "CompanyQuery_read",
      "roles": [
        "Administration"
      ],
      "description": "Read permission for CompanyQuery."
    },
    {
      "name": "CompanyForm_read",
      "roles": [
        "Administration"
      ],
      "description": "Read permission for CompanyForm."
    },
    {
      "name": "Company_read",
      "roles": [
        "Administration"
      ],
      "description": "Read permission for Company."
    },
    {
      "name": "Company_write",
      "roles": [
        "Administration"
      ],
      "description": "Write permission for Company."
    },
    {
      "name": "Company_delete",
      "roles": [
        "Administration"
      ],
      "description": "Delete permission for Company."
    },
    {
      "name": "Company_destroy",
      "roles": [
        "Administration"
      ],
      "description": "Destroy Sensitive Data permission for Company."
    },
    {
      "name": "SalesOrderDashboard_read",
      "roles": [
        "Administration"
      ],
      "description": "Read permission for SalesOrderDashboard."
    },
    {
      "name": "SalesOrderQuery_read",
      "roles": [
        "Administration"
      ],
      "description": "Read permission for SalesOrderQuery."
    },
    {
      "name": "SalesOrderForm_read",
      "roles": [
        "Administration"
      ],
      "description": "Read permission for SalesOrderForm."
    },
    {
      "name": "SalesOrder_read",
      "roles": [
        "Administration"
      ],
      "description": "Read permission for SalesOrder."
    },
    {
      "name": "SalesOrder_write",
      "roles": [
        "Administration"
      ],
      "description": "Write permission for SalesOrder."
    },
    {
      "name": "SalesOrder_delete",
      "roles": [
        "Administration"
      ],
      "description": "Delete permission for SalesOrder."
    },
    {
      "name": "SalesOrder_destroy",
      "roles": [
        "Administration"
      ],
      "description": "Destroy Sensitive Data permission for SalesOrder."
    },
    {
      "name": "SalesOrderSerieDashboard_read",
      "roles": [
        "Administration"
      ],
      "description": "Read permission for SalesOrderSerieDashboard."
    },
    {
      "name": "SalesOrderSerieQuery_read",
      "roles": [
        "Administration"
      ],
      "description": "Read permission for SalesOrderSerieQuery."
    },
    {
      "name": "SalesOrderSerieForm_read",
      "roles": [
        "Administration",
        "Contributor"
      ],
      "description": "Read permission for SalesOrderSerieForm."
    },
    {
      "name": "SalesOrderSerie_read",
      "roles": [
        "Administration"
      ],
      "description": "Read permission for SalesOrderSerie."
    },
    {
      "name": "SalesOrderSerie_write",
      "roles": [
        "Administration"
      ],
      "description": "Write permission for SalesOrderSerie."
    },
    {
      "name": "SalesOrderSerie_delete",
      "roles": [
        "Administration"
      ],
      "description": "Delete permission for SalesOrderSerie."
    },
    {
      "name": "SalesOrderSerie_destroy",
      "roles": [
        "Administration"
      ],
      "description": "Destroy Sensitive Data permission for SalesOrderSerie."
    },
    {
      "name": "SalesPromise_read",
      "roles": [
        "Administration"
      ],
      "description": "Read permission for SalesPromise."
    },
    {
      "name": "SalesPromise_write",
      "roles": [
        "Administration"
      ],
      "description": "Write permission for SalesPromise."
    },
    {
      "name": "SalesPromise_delete",
      "roles": [
        "Administration"
      ],
      "description": "Delete permission for SalesPromise."
    },
    {
      "name": "SalesPromise_destroy",
      "roles": [
        "Administration"
      ],
      "description": "Destroy Sensitive Data permission for SalesPromise."
    },
    {
      "name": "ProductDashboard_read",
      "roles": [
        "Administration"
      ],
      "description": "Read permission for ProductDashboard."
    },
    {
      "name": "ProductQuery_read",
      "roles": [
        "Administration"
      ],
      "description": "Read permission for ProductQuery."
    },
    {
      "name": "ProductForm_read",
      "roles": [
        "Administration"
      ],
      "description": "Read permission for ProductForm."
    },
    {
      "name": "Product_read",
      "roles": [
        "Administration"
      ],
      "description": "Read permission for Product."
    },
    {
      "name": "Product_write",
      "roles": [
        "Administration"
      ],
      "description": "Write permission for Product."
    },
    {
      "name": "Product_delete",
      "roles": [
        "Administration"
      ],
      "description": "Delete permission for Product."
    },
    {
      "name": "Product_destroy",
      "roles": [
        "Administration"
      ],
      "description": "Destroy Sensitive Data permission for Product."
    },
    {
      "name": "CustomerDashboard_read",
      "roles": [
        "Administration"
      ],
      "description": "Read permission for CustomerDashboard."
    },
    {
      "name": "CustomerQuery_read",
      "roles": [
        "Administration"
      ],
      "description": "Read permission for CustomerQuery."
    },
    {
      "name": "CustomerForm_read",
      "roles": [
        "Administration"
      ],
      "description": "Read permission for CustomerForm."
    },
    {
      "name": "Customer_read",
      "roles": [
        "Administration"
      ],
      "description": "Read permission for Customer."
    },
    {
      "name": "Customer_write",
      "roles": [
        "Administration"
      ],
      "description": "Write permission for Customer."
    },
    {
      "name": "Customer_delete",
      "roles": [
        "Administration"
      ],
      "description": "Delete permission for Customer."
    },
    {
      "name": "Customer_destroy",
      "roles": [
        "Administration"
      ],
      "description": "Destroy Sensitive Data permission for Customer."
    },
    {
      "name": "Test2Dash_read",
      "roles": [
        "Administration"
      ],
      "description": "Read permission for Test2Dash."
    },
    {
      "name": "Company2Query_read",
      "roles": [
        "Administration"
      ],
      "description": "Read permission for Company2Query."
    },
    {
      "name": "Company2List_read",
      "roles": [
        "Administration"
      ],
      "description": "Read permission for Company2List."
    },
    {
      "name": "VATDashboard_read",
      "roles": [
        "Administration"
      ],
      "description": "Read permission for VATDashboard."
    },
    {
      "name": "VATQuery_read",
      "roles": [
        "Administration"
      ],
      "description": "Read permission for VATQuery."
    },
    {
      "name": "VATForm_read",
      "roles": [
        "Administration"
      ],
      "description": "Read permission for VATForm."
    },
    {
      "name": "VAT_read",
      "roles": [
        "Administration"
      ],
      "description": "Read permission for VAT."
    },
    {
      "name": "VAT_write",
      "roles": [
        "Administration"
      ],
      "description": "Write permission for VAT."
    },
    {
      "name": "VAT_delete",
      "roles": [
        "Administration"
      ],
      "description": "Delete permission for VAT."
    },
    {
      "name": "VAT_destroy",
      "roles": [
        "Administration"
      ],
      "description": "Destroy Sensitive Data permission for VAT."
    },
    {
      "name": "PrimaveraDashboard_read",
      "roles": [
        "Administration"
      ],
      "description": "Read permission for PrimaveraDashboard."
    },
    {
      "name": "PrimaveraQuery_read",
      "roles": [
        "Administration"
      ],
      "description": "Read permission for PrimaveraQuery."
    },
    {
      "name": "PrimaveraForm_read",
      "roles": [
        "Administration",
        "Contributor"
      ],
      "description": "Read permission for PrimaveraForm."
    },
    {
      "name": "Primavera_read",
      "roles": [
        "Administration"
      ],
      "description": "Read permission for Primavera."
    },
    {
      "name": "Primavera_write",
      "roles": [
        "Administration"
      ],
      "description": "Write permission for Primavera."
    },
    {
      "name": "Primavera_delete",
      "roles": [
        "Administration"
      ],
      "description": "Delete permission for Primavera."
    },
    {
      "name": "Primavera_destroy",
      "roles": [
        "Administration"
      ],
      "description": "Destroy Sensitive Data permission for Primavera."
    },
    {
      "name": "Test3Dash_read",
      "roles": [
        "Administration"
      ],
      "description": "Read permission for Test3Dash."
    },
    {
      "name": "EmployeeDashboard_read",
      "roles": [
        "Administration"
      ],
      "description": "Read permission for EmployeeDashboard."
    },
    {
      "name": "EmployeeQuery_read",
      "roles": [
        "Administration"
      ],
      "description": "Read permission for EmployeeQuery."
    },
    {
      "name": "EmployeeForm_read",
      "roles": [
        "Administration"
      ],
      "description": "Read permission for EmployeeForm."
    },
    {
      "name": "Employee_read",
      "roles": [
        "Administration"
      ],
      "description": "Read permission for Employee."
    },
    {
      "name": "Employee_write",
      "roles": [
        "Administration"
      ],
      "description": "Write permission for Employee."
    },
    {
      "name": "Employee_delete",
      "roles": [
        "Administration"
      ],
      "description": "Delete permission for Employee."
    },
    {
      "name": "Employee_destroy",
      "roles": [
        "Administration"
      ],
      "description": "Destroy Sensitive Data permission for Employee."
    },
    {
      "name": "ExternalAPIDashboard_read",
      "roles": [
        "Administration"
      ],
      "description": "Read permission for ExternalAPIDashboard."
    },
    {
      "name": "ExternalAPIQuery_read",
      "roles": [
        "Administration"
      ],
      "description": "Read permission for ExternalAPIQuery."
    },
    {
      "name": "ExternalAPIForm_read",
      "roles": [
        "Administration"
      ],
      "description": "Read permission for ExternalAPIForm."
    },
    {
      "name": "ExternalAPI_read",
      "roles": [
        "Administration"
      ],
      "description": "Read permission for ExternalAPI."
    },
    {
      "name": "ExternalAPI_write",
      "roles": [
        "Administration"
      ],
      "description": "Write permission for ExternalAPI."
    },
    {
      "name": "ExternalAPI_delete",
      "roles": [
        "Administration"
      ],
      "description": "Delete permission for ExternalAPI."
    },
    {
      "name": "ExternalAPI_destroy",
      "roles": [
        "Administration"
      ],
      "description": "Destroy Sensitive Data permission for ExternalAPI."
    },
    {
      "name": "TransportationSon_read",
      "roles": [
        "Administration"
      ],
      "description": "Read permission for TransportationSon."
    },
    {
      "name": "TransportationSon_write",
      "roles": [
        "Administration"
      ],
      "description": "Write permission for TransportationSon."
    },
    {
      "name": "TransportationSon_delete",
      "roles": [
        "Administration"
      ],
      "description": "Delete permission for TransportationSon."
    },
    {
      "name": "TransportationSon_destroy",
      "roles": [
        "Administration"
      ],
      "description": "Destroy Sensitive Data permission for TransportationSon."
    },
    {
      "name": "TransportationFather_read",
      "roles": [
        "Administration"
      ],
      "description": "Read permission for TransportationFather."
    },
    {
      "name": "TransportationFather_write",
      "roles": [
        "Administration"
      ],
      "description": "Write permission for TransportationFather."
    },
    {
      "name": "TransportationFather_delete",
      "roles": [
        "Administration"
      ],
      "description": "Delete permission for TransportationFather."
    },
    {
      "name": "TransportationFather_destroy",
      "roles": [
        "Administration"
      ],
      "description": "Destroy Sensitive Data permission for TransportationFather."
    },
    {
      "name": "Transportation2Dashboard_read",
      "roles": [
        "Administration"
      ],
      "description": "Read permission for Transportation2Dashboard."
    },
    {
      "name": "Transportation2Query_read",
      "roles": [
        "Administration"
      ],
      "description": "Read permission for Transportation2Query."
    },
    {
      "name": "Transportation2Form_read",
      "roles": [
        "Administration"
      ],
      "description": "Read permission for Transportation2Form."
    },
    {
      "name": "Transportation2_read",
      "roles": [
        "Administration"
      ],
      "description": "Read permission for Transportation2."
    },
    {
      "name": "Transportation2_write",
      "roles": [
        "Administration"
      ],
      "description": "Write permission for Transportation2."
    },
    {
      "name": "Transportation2_delete",
      "roles": [
        "Administration"
      ],
      "description": "Delete permission for Transportation2."
    },
    {
      "name": "Transportation2_destroy",
      "roles": [
        "Administration"
      ],
      "description": "Destroy Sensitive Data permission for Transportation2."
    },
    {
      "name": "SalesWarehouses_read",
      "roles": [
        "Administration"
      ],
      "description": "Read permission for SalesWarehouses."
    },
    {
      "name": "SalesWarehouses_write",
      "roles": [
        "Administration"
      ],
      "description": "Write permission for SalesWarehouses."
    },
    {
      "name": "SalesWarehouses_delete",
      "roles": [
        "Administration"
      ],
      "description": "Delete permission for SalesWarehouses."
    },
    {
      "name": "SalesWarehouses_destroy",
      "roles": [
        "Administration"
      ],
      "description": "Destroy Sensitive Data permission for SalesWarehouses."
    },
    {
      "name": "GERootDashboard_read",
      "roles": [
        "Administration"
      ],
      "description": "Read permission for GERootDashboard."
    },
    {
      "name": "GERootQuery_read",
      "roles": [
        "Administration"
      ],
      "description": "Read permission for GERootQuery."
    },
    {
      "name": "GERootForm_read",
      "roles": [
        "Administration"
      ],
      "description": "Read permission for GERootForm."
    },
    {
      "name": "GERoot_read",
      "roles": [
        "Administration"
      ],
      "description": "Read permission for GERoot."
    },
    {
      "name": "GERoot_write",
      "roles": [
        "Administration"
      ],
      "description": "Write permission for GERoot."
    },
    {
      "name": "GERoot_delete",
      "roles": [
        "Administration"
      ],
      "description": "Delete permission for GERoot."
    },
    {
      "name": "GERoot_destroy",
      "roles": [
        "Administration"
      ],
      "description": "Destroy Sensitive Data permission for GERoot."
    },
    {
      "name": "GENonRoot_read",
      "roles": [
        "Administration"
      ],
      "description": "Read permission for GENonRoot."
    },
    {
      "name": "GENonRoot_write",
      "roles": [
        "Administration"
      ],
      "description": "Write permission for GENonRoot."
    },
    {
      "name": "GENonRoot_delete",
      "roles": [
        "Administration"
      ],
      "description": "Delete permission for GENonRoot."
    },
    {
      "name": "GENonRoot_destroy",
      "roles": [
        "Administration"
      ],
      "description": "Destroy Sensitive Data permission for GENonRoot."
    },
    {
      "name": "WarehouseDashboard_read",
      "roles": [
        "Administration"
      ],
      "description": "Read permission for WarehouseDashboard."
    },
    {
      "name": "WarehouseQuery_read",
      "roles": [
        "Administration"
      ],
      "description": "Read permission for WarehouseQuery."
    },
    {
      "name": "WarehouseForm_read",
      "roles": [
        "Administration"
      ],
      "description": "Read permission for WarehouseForm."
    },
    {
      "name": "Warehouse_read",
      "roles": [
        "Administration"
      ],
      "description": "Read permission for Warehouse."
    },
    {
      "name": "Warehouse_write",
      "roles": [
        "Administration"
      ],
      "description": "Write permission for Warehouse."
    },
    {
      "name": "Warehouse_delete",
      "roles": [
        "Administration"
      ],
      "description": "Delete permission for Warehouse."
    },
    {
      "name": "Warehouse_destroy",
      "roles": [
        "Administration"
      ],
      "description": "Destroy Sensitive Data permission for Warehouse."
    },
    {
      "name": "OtherGENonRoot_read",
      "roles": [
        "Administration"
      ],
      "description": "Read permission for OtherGENonRoot."
    },
    {
      "name": "OtherGENonRoot_write",
      "roles": [
        "Administration"
      ],
      "description": "Write permission for OtherGENonRoot."
    },
    {
      "name": "OtherGENonRoot_delete",
      "roles": [
        "Administration"
      ],
      "description": "Delete permission for OtherGENonRoot."
    },
    {
      "name": "OtherGENonRoot_destroy",
      "roles": [
        "Administration"
      ],
      "description": "Destroy Sensitive Data permission for OtherGENonRoot."
    },
    {
      "name": "TDU_XXDashboard_read",
      "roles": [
        "Administration"
      ],
      "description": "Read permission for TDU_XXDashboard."
    },
    {
      "name": "TDU_XXQuery_read",
      "roles": [
        "Administration"
      ],
      "description": "Read permission for TDU_XXQuery."
    },
    {
      "name": "TDU_XXForm_read",
      "roles": [
        "Administration"
      ],
      "description": "Read permission for TDU_XXForm."
    },
    {
      "name": "TDU_XX_read",
      "roles": [
        "Administration"
      ],
      "description": "Read permission for TDU_XX."
    },
    {
      "name": "TDU_XX_write",
      "roles": [
        "Administration"
      ],
      "description": "Write permission for TDU_XX."
    },
    {
      "name": "TDU_XX_delete",
      "roles": [
        "Administration"
      ],
      "description": "Delete permission for TDU_XX."
    },
    {
      "name": "TDU_XX_destroy",
      "roles": [
        "Administration"
      ],
      "description": "Destroy Sensitive Data permission for TDU_XX."
    },
    {
      "name": "TDU_XYDashboard_read",
      "roles": [
        "Administration"
      ],
      "description": "Read permission for TDU_XYDashboard."
    },
    {
      "name": "TDU_XYQuery_read",
      "roles": [
        "Administration"
      ],
      "description": "Read permission for TDU_XYQuery."
    },
    {
      "name": "TDU_XYForm_read",
      "roles": [
        "Administration"
      ],
      "description": "Read permission for TDU_XYForm."
    },
    {
      "name": "TDU_XY_read",
      "roles": [
        "Administration"
      ],
      "description": "Read permission for TDU_XY."
    },
    {
      "name": "TDU_XY_write",
      "roles": [
        "Administration"
      ],
      "description": "Write permission for TDU_XY."
    },
    {
      "name": "TDU_XY_delete",
      "roles": [
        "Administration"
      ],
      "description": "Delete permission for TDU_XY."
    },
    {
      "name": "TDU_XY_destroy",
      "roles": [
        "Administration"
      ],
      "description": "Destroy Sensitive Data permission for TDU_XY."
    },
    {
      "name": "TDU_AADashboard_read",
      "roles": [
        "Administration"
      ],
      "description": "Read permission for TDU_AADashboard."
    },
    {
      "name": "TDU_AAQuery_read",
      "roles": [
        "Administration"
      ],
      "description": "Read permission for TDU_AAQuery."
    },
    {
      "name": "TDU_AAForm_read",
      "roles": [
        "Administration"
      ],
      "description": "Read permission for TDU_AAForm."
    },
    {
      "name": "TDU_AA_read",
      "roles": [
        "Administration"
      ],
      "description": "Read permission for TDU_AA."
    },
    {
      "name": "TDU_AA_write",
      "roles": [
        "Administration"
      ],
      "description": "Write permission for TDU_AA."
    },
    {
      "name": "TDU_AA_delete",
      "roles": [
        "Administration"
      ],
      "description": "Delete permission for TDU_AA."
    },
    {
      "name": "TDU_AA_destroy",
      "roles": [
        "Administration"
      ],
      "description": "Destroy Sensitive Data permission for TDU_AA."
    },
    {
      "name": "Nested2nd_read",
      "roles": [
        "Administration"
      ],
      "description": "Read permission for Nested2nd."
    },
    {
      "name": "Nested2nd_write",
      "roles": [
        "Administration"
      ],
      "description": "Write permission for Nested2nd."
    },
    {
      "name": "Nested2nd_delete",
      "roles": [
        "Administration"
      ],
      "description": "Delete permission for Nested2nd."
    },
    {
      "name": "Nested2nd_destroy",
      "roles": [
        "Administration"
      ],
      "description": "Destroy Sensitive Data permission for Nested2nd."
    },
    {
      "name": "Nested1st_read",
      "roles": [
        "Administration"
      ],
      "description": "Read permission for Nested1st."
    },
    {
      "name": "Nested1st_write",
      "roles": [
        "Administration"
      ],
      "description": "Write permission for Nested1st."
    },
    {
      "name": "Nested1st_delete",
      "roles": [
        "Administration"
      ],
      "description": "Delete permission for Nested1st."
    },
    {
      "name": "Nested1st_destroy",
      "roles": [
        "Administration"
      ],
      "description": "Destroy Sensitive Data permission for Nested1st."
    },
    {
      "name": "NestedParentDashboard_read",
      "roles": [
        "Administration"
      ],
      "description": "Read permission for NestedParentDashboard."
    },
    {
      "name": "NestedParentQuery_read",
      "roles": [
        "Administration"
      ],
      "description": "Read permission for NestedParentQuery."
    },
    {
      "name": "NestedParentForm_read",
      "roles": [
        "Administration"
      ],
      "description": "Read permission for NestedParentForm."
    },
    {
      "name": "NestedParent_read",
      "roles": [
        "Administration"
      ],
      "description": "Read permission for NestedParent."
    },
    {
      "name": "NestedParent_write",
      "roles": [
        "Administration"
      ],
      "description": "Write permission for NestedParent."
    },
    {
      "name": "NestedParent_delete",
      "roles": [
        "Administration"
      ],
      "description": "Delete permission for NestedParent."
    },
    {
      "name": "NestedParent_destroy",
      "roles": [
        "Administration"
      ],
      "description": "Destroy Sensitive Data permission for NestedParent."
    },
    {
      "name": "Nested3rd_read",
      "roles": [
        "Administration"
      ],
      "description": "Read permission for Nested3rd."
    },
    {
      "name": "Nested3rd_write",
      "roles": [
        "Administration"
      ],
      "description": "Write permission for Nested3rd."
    },
    {
      "name": "Nested3rd_delete",
      "roles": [
        "Administration"
      ],
      "description": "Delete permission for Nested3rd."
    },
    {
      "name": "Nested3rd_destroy",
      "roles": [
        "Administration"
      ],
      "description": "Destroy Sensitive Data permission for Nested3rd."
    },
    {
      "name": "SalesByCustomer_read",
      "roles": [
        "Administration"
      ],
      "description": "Read permission for SalesByCustomer."
    },
    {
      "name": "TopSalesByProduct_read",
      "roles": [
        "Administration"
      ],
      "description": "Read permission for TopSalesByProduct."
    },
    {
      "name": "TopProductSales_read",
      "roles": [
        "Administration"
      ],
      "description": "Read permission for TopProductSales."
    },
    {
      "name": "SalesDashboard_read",
      "roles": [
        "Administration"
      ],
      "description": "Read permission for SalesDashboard."
    }
  ]
}