{
  "name": "MeetingRoomStateMachine",
  "states": [
    {
      "name": "Available",
      "decisions": [
        {
          "name": "Reserve",
          "order": 1,
          "commentType": "None",
          "description": ""
        }
      ],
      "isInitial": true,
      "behaviours": [],
      "description": null,
      "transitions": [
        {
          "to": "Busy",
          "name": "MarkAsBusy",
          "type": "Decision",
          "order": 1,
          "decision": "Reserve",
          "expression": "",
          "description": ""
        }
      ],
      "disableAttributes": false,
      "disableOperations": false,
      "enabledAttributes": [],
      "enabledOperations": [],
      "assignToExpression": null
    },
    {
      "name": "Busy",
      "decisions": [
        {
          "name": "ClearReserve",
          "order": 1,
          "commentType": "None",
          "description": ""
        }
      ],
      "isInitial": false,
      "behaviours": [],
      "description": null,
      "transitions": [
        {
          "to": "Available",
          "name": "MarkAsAvailable",
          "type": "Decision",
          "order": 1,
          "decision": "ClearReserve",
          "expression": "",
          "description": ""
        }
      ],
      "disableAttributes": true,
      "disableOperations": true,
      "enabledAttributes": [
        {
          "name": "n92d29474ae84b7ca3c5184c0b6567a2",
          "path": "ReservedBy",
          "description": null
        }
      ],
      "enabledOperations": [],
      "assignToExpression": null
    }
  ],
  "definition": "MeetingRoom",
  "description": ""
}