{
  "name": "OrdersStateMachine",
  "states": [
    {
      "name": "Initial",
      "decisions": [],
      "isInitial": true,
      "behaviours": [],
      "description": null,
      "transitions": [
        {
          "to": "Completed",
          "name": "ToCompleted",
          "type": "Auto",
          "order": 1,
          "decision": "",
          "expression": "return true;",
          "description": ""
        }
      ],
      "disableAttributes": false,
      "disableOperations": false,
      "enabledAttributes": [],
      "enabledOperations": [],
      "assignToExpression": null
    },
    {
      "name": "Completed",
      "decisions": [],
      "isInitial": false,
      "behaviours": [],
      "description": null,
      "transitions": [],
      "disableAttributes": true,
      "disableOperations": true,
      "enabledAttributes": [],
      "enabledOperations": [],
      "assignToExpression": null
    }
  ],
  "definition": "Orders",
  "description": ""
}