{
  "name": "AbstentionRate",
  "joins": [],
  "table": {
    "alias": null,
    "filter": null,
    "definition": "Idea",
    "properties": [],
    "orderedProperties": []
  },
  "dataSource": "System",
  "expression": "SELECT ROUND(AVG(IDABS.dataValue), 2) AS abstention FROM(SELECT ROUND((1- (COUNT(EV.*) :: decimal / (SELECT COUNT(EMPL.identifier) FROM vw_employee EMPL) :: decimal) ) * 100, 2) AS dataValue\r\nFROM vw_idea_employeevote EV\r\nGROUP BY EV.identifier) IDABS",
  "description": "Abstention rate on last year ideas"
}