{
  "name": "EmployeeQuery",
  "joins": [],
  "table": {
    "alias": null,
    "filter": null,
    "definition": "Employee",
    "properties": [
      {
        "path": "_code",
        "alias": "_code",
        "function": "None"
      },
      {
        "path": "_name",
        "alias": "_name",
        "function": "None"
      },
      {
        "path": "_description",
        "alias": "_description",
        "function": "None"
      },
      {
        "path": "_inactive",
        "alias": "_inactive",
        "function": "None"
      }
    ],
    "orderedProperties": []
  },
  "dataSource": "System",
  "expression": "select _code, _name, _description, _inactive, username, company, voteType FROM vw_employee",
  "description": null
}