{
  "name": "IdeasByMonth",
  "joins": [],
  "table": {
    "alias": null,
    "filter": null,
    "definition": "Idea",
    "properties": [],
    "orderedProperties": []
  },
  "dataSource": "System",
  "expression": "WITH yearperiods AS \r\n( \r\n\tSELECT to_char(period,'MM/YYYY') AS period, date_part('month', period) AS month, date_part('year', period) AS year\r\n\tFROM(SELECT DATE(CURRENT_DATE - (interval '1' month * generate_series(0,11))) as period) AS period\r\n)\r\nSELECT  YP.period as serieValue,yp.year, yp.month,COUNT(I.identifier) AS dataValue\r\nFROM yearperiods YP\r\nLEFT JOIN vw_idea I ON to_char(I._date,'MM/YYYY') = YP.period\r\nGROUP BY serieValue, YP.year, yp.month\r\nORDER BY YP.year ASC, YP.month ASC",
  "description": "Number of ideas inserted by monty"
}