{
  "name": "IdeaVoteRatio",
  "joins": [],
  "table": {
    "alias": null,
    "filter": null,
    "definition": "Idea",
    "properties": [],
    "orderedProperties": []
  },
  "dataSource": "System",
  "expression": "SELECT 'Upvote' AS serievalue, ROUND(COALESCE(sum(CASE WHEN EV.IsUpvote THEN 1 ELSE 0 END) :: decimal,0)  / COUNT(*) * 100, 2) AS datavalue\r\nFROM vw_idea_employeevote EV\r\nUNION \r\nSELECT 'Downvote' AS serievalue, ROUND(COALESCE(sum(CASE WHEN EV.IsUpvote THEN 0 ELSE 1 END) :: decimal,0)  / COUNT(*) * 100, 2) AS datavalue\r\nFROM vw_idea_employeevote EV",
  "description": "Percentage of up and downvotes"
}