{
  "name": "IdeasPendingEmployeeVote",
  "joins": [],
  "table": {
    "alias": null,
    "filter": null,
    "definition": "Idea",
    "properties": [],
    "orderedProperties": []
  },
  "dataSource": "System",
  "expression": "SELECT COUNT(i.identifier) AS pendingvote FROM vw_idea i\nINNER JOIN vw_employee e ON e.username = @_username\nLEFT JOIN vw_idea_employeevote ev ON ev.identifier = i.identifier AND ev._provider = e.identifier\nWHERE ev.identifier IS NULL",
  "description": "Ideas pending logged employee vote"
}