{
  "name": "IdeaQuery",
  "joins": [],
  "table": {
    "alias": null,
    "filter": null,
    "definition": "Idea",
    "properties": [
      {
        "path": "_code",
        "alias": "_code",
        "function": "None"
      },
      {
        "path": "_serie",
        "alias": "_serie",
        "function": "None"
      },
      {
        "path": "_number",
        "alias": "_number",
        "function": "None"
      },
      {
        "path": "_date",
        "alias": "_date",
        "function": "None"
      },
      {
        "path": "_state",
        "alias": "_state",
        "function": "None"
      },
      {
        "path": "ideaTitle",
        "alias": "ideaTitle",
        "function": "None"
      }
    ],
    "orderedProperties": []
  },
  "dataSource": "System",
  "expression": null,
  "description": null
}