{
  "name": "TopApprovedIdeas",
  "joins": [],
  "table": {
    "alias": null,
    "filter": null,
    "definition": "Idea",
    "properties": [],
    "orderedProperties": []
  },
  "dataSource": "System",
  "expression": "SELECT I.identifier, I.ideaTitle, ROUND(COALESCE(sum(CASE WHEN EV.IsUpvote THEN 1 ELSE 0 END) :: decimal,0)  / COUNT(*) * 100, 2) AS upvoteRatio\r\nFROM vw_idea_employeevote EV\r\nINNER JOIN vw_idea I ON I.identifier = EV.identifier\r\nWHERE I._state = 'Approved'\r\nGROUP BY I.identifier, I.ideaTitle\r\nORDER BY upvoteRatio DESC",
  "description": ""
}