{
  "name": "VoteRatioByIdea",
  "joins": [],
  "table": {
    "alias": null,
    "filter": null,
    "definition": "Idea",
    "properties": [],
    "orderedProperties": []
  },
  "dataSource": "System",
  "expression": "WITH employees AS (\r\n\t\t\tSELECT COUNT(*) AS total\r\n\t\t\tFROM _5696eeda7e754920888f0491a3c1e2b8_business.vw_employee)\r\nSELECT EV.identifier, 'Abstention' AS serievalue, COUNT(EV.*):: decimal AS votes,\r\nROUND((1-(COALESCE(COUNT(EV.*) :: decimal,0)  / employees.total))::decimal * 100, 2) AS datavalue\r\nFROM vw_idea_employeevote EV\r\nCROSS JOIN employees\r\nGROUP BY EV.identifier, employees.total\r\nUNION\r\nSELECT EV.identifier, 'Upvote' AS serievalue, sum(CASE WHEN EV.IsUpvote THEN 1 ELSE 0 END) :: decimal AS votes,\r\nROUND(COALESCE(sum(CASE WHEN EV.IsUpvote THEN 1 ELSE 0 END) :: decimal,0)  / employees.total * 100, 2) AS datavalue\r\nFROM vw_idea_employeevote EV\r\nCROSS JOIN employees\r\nGROUP BY EV.identifier, employees.total\r\nUNION \r\nSELECT EV.identifier, 'Downvote' AS serievalue, \r\nsum(CASE WHEN EV.IsUpvote THEN 0 ELSE 1 END) :: decimal AS votes,\r\nROUND(COALESCE(sum(CASE WHEN EV.IsUpvote THEN 0 ELSE 1 END) :: decimal,0)  / employees.total * 100, 2) AS datavalue\r\nFROM vw_idea_employeevote EV\r\nCROSS JOIN employees\r\nGROUP BY EV.identifier, employees.total",
  "description": "Vote Ratio by Idea"
}