{
  "name": "ProductList",
  "type": "List",
  "label": "Product",
  "query": "ProductQuery",
  "elements": [
    {
      "row": 0,
      "name": "_code",
      "size": 3,
      "type": "ListColumn",
      "label": "Code",
      "column": 1,
      "elements": [],
      "helpText": null,
      "isHidden": false,
      "attributes": [
        {
          "key": "formattingType",
          "value": "Text"
        }
      ],
      "behaviours": [],
      "description": null,
      "visibleFrom": null
    },
    {
      "row": 0,
      "name": "_name",
      "size": 3,
      "type": "ListColumn",
      "label": "Name",
      "column": 4,
      "elements": [],
      "helpText": null,
      "isHidden": false,
      "attributes": [
        {
          "key": "formattingType",
          "value": "Text"
        }
      ],
      "behaviours": [],
      "description": null,
      "visibleFrom": null
    },
    {
      "row": 0,
      "name": "_description",
      "size": 3,
      "type": "ListColumn",
      "label": "Description",
      "column": 7,
      "elements": [],
      "helpText": null,
      "isHidden": false,
      "attributes": [
        {
          "key": "formattingType",
          "value": "Text"
        }
      ],
      "behaviours": [],
      "description": null,
      "visibleFrom": null
    },
    {
      "row": 0,
      "name": "_inactive",
      "size": 3,
      "type": "ListColumn",
      "label": "Inactive",
      "column": 10,
      "elements": [],
      "helpText": null,
      "isHidden": false,
      "attributes": [
        {
          "key": "formattingType",
          "value": "Boolean"
        }
      ],
      "behaviours": [],
      "description": null,
      "visibleFrom": null
    }
  ],
  "helpText": null,
  "attributes": [
    {
      "key": "queryTableDefinition",
      "value": "Product"
    }
  ],
  "behaviours": [],
  "dataSource": "System",
  "description": null
}