{
  "name": "SalesByCustomerList",
  "type": "List",
  "label": "SalesByCustomerList",
  "query": "SalesByCustomer",
  "elements": [
    {
      "row": 0,
      "name": "serieValue",
      "size": 1,
      "type": "ListColumn",
      "label": "serieValue",
      "column": 1,
      "elements": [],
      "helpText": "",
      "isHidden": false,
      "attributes": [
        {
          "key": "formattingType",
          "value": "Text"
        }
      ],
      "behaviours": [],
      "description": null,
      "visibleFrom": "Mobile"
    },
    {
      "row": 0,
      "name": "dataValue",
      "size": 1,
      "type": "ListColumn",
      "label": "dataValue",
      "column": 1,
      "elements": [],
      "helpText": "",
      "isHidden": false,
      "attributes": [
        {
          "key": "formattingType",
          "value": "Decimal"
        }
      ],
      "behaviours": [],
      "description": null,
      "visibleFrom": "Mobile"
    }
  ],
  "helpText": "",
  "attributes": [
    {
      "key": "queryTableDefinition",
      "value": "SalesOrder"
    }
  ],
  "behaviours": [],
  "dataSource": "System",
  "description": ""
}