{
  "name": "BankMovementPage",
  "type": "Page",
  "styles": "",
  "scripts": "    getErrorText(value) {\n        switch (value.error) {\n            case 'EMPTY_REQUIRED':\n                return 'Required';\n            case 'INVALID_LOWER_LIMITE':\n                return `Lower limit of \\\"${value.limit}\\\" not respected`;\n            case 'INVALID_UPPER_LIMITE':\n                return `Upper limit of \\\"${value.limit}\\\" not respected`;\n            case 'MAXIMUM_LENGTH_INVALID':\n                return `Is too long to the defined length of ${value.length}`;\n            case 'MINIMUM_LENGTH_INVALID':\n                return `Must have at least ${value.length} characters`;\n            case 'INVALID_VALUE':\n            default:\n                return 'Invalid value';\n        };\n    }",
  "elements": [
    {
      "name": "bankMovementForm",
      "type": "_entityForm",
      "package": "",
      "cssStyle": {
        "value": null,
        "source": "Direct"
      },
      "elements": [
        {
          "name": "LoaderPanel",
          "type": "Panel",
          "package": "omniabasecomponents",
          "cssStyle": {
            "value": null,
            "source": "Direct"
          },
          "elements": [
            {
              "name": "LoaderPanelInner",
              "type": "Panel",
              "package": "omniabasecomponents",
              "cssStyle": {
                "value": null,
                "source": "Direct"
              },
              "elements": [],
              "isHidden": {
                "value": "    return !variables.isLoading;",
                "source": "Expression"
              },
              "attributes": [],
              "behaviours": [],
              "classesStyles": {
                "value": "loader",
                "source": "Direct"
              },
              "groupElements": false
            }
          ],
          "isHidden": {
            "value": false,
            "source": "Direct"
          },
          "attributes": [],
          "behaviours": [],
          "classesStyles": {
            "value": "d-flex justify-content-center",
            "source": "Direct"
          },
          "groupElements": false
        },
        {
          "name": "FormPanel",
          "type": "Panel",
          "package": "omniabasecomponents",
          "cssStyle": {
            "value": null,
            "source": "Direct"
          },
          "elements": [
            {
              "name": "FormPanelInner",
              "type": "Panel",
              "package": "omniabasecomponents",
              "cssStyle": {
                "value": null,
                "source": "Direct"
              },
              "elements": [
                {
                  "name": "FormPanelRow0",
                  "type": "Panel",
                  "package": "omniabasecomponents",
                  "cssStyle": {
                    "value": null,
                    "source": "Direct"
                  },
                  "elements": [
                    {
                      "name": "_codePanel",
                      "type": "Panel",
                      "package": "omniabasecomponents",
                      "cssStyle": {
                        "value": null,
                        "source": "Direct"
                      },
                      "elements": [
                        {
                          "name": "_codeText",
                          "type": "Text",
                          "package": "omniabasecomponents",
                          "cssStyle": {
                            "value": null,
                            "source": "Direct"
                          },
                          "elements": [],
                          "isHidden": {
                            "value": false,
                            "source": "Direct"
                          },
                          "attributes": [
                            {
                              "key": "value",
                              "value": {
                                "value": "Code",
                                "source": "Direct"
                              }
                            }
                          ],
                          "behaviours": [],
                          "classesStyles": {
                            "value": "mb-2",
                            "source": "Direct"
                          },
                          "groupElements": false
                        },
                        {
                          "name": "_codeOptionalText",
                          "type": "Text",
                          "package": "omniabasecomponents",
                          "cssStyle": {
                            "value": "    color: #b4b4b4;\n    font-size: 0.75rem;",
                            "source": "Direct"
                          },
                          "elements": [],
                          "isHidden": {
                            "value": "refs.bankMovementForm.attributes._code.isRequired",
                            "source": "Binding"
                          },
                          "attributes": [
                            {
                              "key": "value",
                              "value": {
                                "value": "(optional)",
                                "source": "Direct"
                              }
                            }
                          ],
                          "behaviours": [],
                          "classesStyles": {
                            "value": "ml-1",
                            "source": "Direct"
                          },
                          "groupElements": false
                        },
                        {
                          "name": "_codeInput",
                          "type": "Input",
                          "package": "omniabasecomponents",
                          "cssStyle": {
                            "value": null,
                            "source": "Direct"
                          },
                          "elements": [],
                          "isHidden": {
                            "value": false,
                            "source": "Direct"
                          },
                          "attributes": [
                            {
                              "key": "value",
                              "value": {
                                "value": "refs.bankMovementForm.data._code.value",
                                "source": "Binding"
                              }
                            },
                            {
                              "key": "readOnly",
                              "value": {
                                "value": "refs.bankMovementForm.data._code.isReadOnly",
                                "source": "Binding"
                              }
                            }
                          ],
                          "behaviours": [],
                          "classesStyles": {
                            "value": "form-field-text form-control",
                            "source": "Direct"
                          },
                          "groupElements": false
                        },
                        {
                          "name": "_codeErrorForEach",
                          "type": "_foreach",
                          "package": "",
                          "cssStyle": {
                            "value": null,
                            "source": "Direct"
                          },
                          "elements": [
                            {
                              "name": "_codeErrorText",
                              "type": "Text",
                              "package": "omniabasecomponents",
                              "cssStyle": {
                                "value": null,
                                "source": "Direct"
                              },
                              "elements": [],
                              "isHidden": {
                                "value": false,
                                "source": "Direct"
                              },
                              "attributes": [
                                {
                                  "key": "value",
                                  "value": {
                                    "value": "    return scripts.getErrorText(currentElement);",
                                    "source": "Expression"
                                  }
                                }
                              ],
                              "behaviours": [],
                              "classesStyles": {
                                "value": "text-danger",
                                "source": "Direct"
                              },
                              "groupElements": false
                            }
                          ],
                          "isHidden": {
                            "value": "    return !(variables.showErrors || refs?.bankMovementForm?.data?._code?.wasChanged);",
                            "source": "Expression"
                          },
                          "attributes": [
                            {
                              "key": "binding",
                              "value": {
                                "value": "refs.bankMovementForm.data._code.errors",
                                "source": "Binding"
                              }
                            }
                          ],
                          "behaviours": [],
                          "classesStyles": {
                            "value": null,
                            "source": "Direct"
                          },
                          "groupElements": false
                        }
                      ],
                      "isHidden": {
                        "value": "    return urlParameters.code ? true : false;",
                        "source": "Expression"
                      },
                      "attributes": [],
                      "behaviours": [],
                      "classesStyles": {
                        "value": "col-md-12 mb-2",
                        "source": "Direct"
                      },
                      "groupElements": false
                    },
                    {
                      "name": "_namePanel",
                      "type": "Panel",
                      "package": "omniabasecomponents",
                      "cssStyle": {
                        "value": null,
                        "source": "Direct"
                      },
                      "elements": [
                        {
                          "name": "_nameText",
                          "type": "Text",
                          "package": "omniabasecomponents",
                          "cssStyle": {
                            "value": null,
                            "source": "Direct"
                          },
                          "elements": [],
                          "isHidden": {
                            "value": false,
                            "source": "Direct"
                          },
                          "attributes": [
                            {
                              "key": "value",
                              "value": {
                                "value": "Name",
                                "source": "Direct"
                              }
                            }
                          ],
                          "behaviours": [],
                          "classesStyles": {
                            "value": "mb-2",
                            "source": "Direct"
                          },
                          "groupElements": false
                        },
                        {
                          "name": "_nameOptionalText",
                          "type": "Text",
                          "package": "omniabasecomponents",
                          "cssStyle": {
                            "value": "    color: #b4b4b4;\n    font-size: 0.75rem;",
                            "source": "Direct"
                          },
                          "elements": [],
                          "isHidden": {
                            "value": "refs.bankMovementForm.attributes._name.isRequired",
                            "source": "Binding"
                          },
                          "attributes": [
                            {
                              "key": "value",
                              "value": {
                                "value": "(optional)",
                                "source": "Direct"
                              }
                            }
                          ],
                          "behaviours": [],
                          "classesStyles": {
                            "value": "ml-1",
                            "source": "Direct"
                          },
                          "groupElements": false
                        },
                        {
                          "name": "_nameInput",
                          "type": "Input",
                          "package": "omniabasecomponents",
                          "cssStyle": {
                            "value": null,
                            "source": "Direct"
                          },
                          "elements": [],
                          "isHidden": {
                            "value": false,
                            "source": "Direct"
                          },
                          "attributes": [
                            {
                              "key": "value",
                              "value": {
                                "value": "refs.bankMovementForm.data._name.value",
                                "source": "Binding"
                              }
                            },
                            {
                              "key": "readOnly",
                              "value": {
                                "value": "refs.bankMovementForm.data._name.isReadOnly",
                                "source": "Binding"
                              }
                            }
                          ],
                          "behaviours": [],
                          "classesStyles": {
                            "value": "form-field-text form-control",
                            "source": "Direct"
                          },
                          "groupElements": false
                        },
                        {
                          "name": "_nameErrorForEach",
                          "type": "_foreach",
                          "package": "",
                          "cssStyle": {
                            "value": null,
                            "source": "Direct"
                          },
                          "elements": [
                            {
                              "name": "_nameErrorText",
                              "type": "Text",
                              "package": "omniabasecomponents",
                              "cssStyle": {
                                "value": null,
                                "source": "Direct"
                              },
                              "elements": [],
                              "isHidden": {
                                "value": false,
                                "source": "Direct"
                              },
                              "attributes": [
                                {
                                  "key": "value",
                                  "value": {
                                    "value": "    return scripts.getErrorText(currentElement);",
                                    "source": "Expression"
                                  }
                                }
                              ],
                              "behaviours": [],
                              "classesStyles": {
                                "value": "text-danger",
                                "source": "Direct"
                              },
                              "groupElements": false
                            }
                          ],
                          "isHidden": {
                            "value": "    return !(variables.showErrors || refs?.bankMovementForm?.data?._name?.wasChanged);",
                            "source": "Expression"
                          },
                          "attributes": [
                            {
                              "key": "binding",
                              "value": {
                                "value": "refs.bankMovementForm.data._name.errors",
                                "source": "Binding"
                              }
                            }
                          ],
                          "behaviours": [],
                          "classesStyles": {
                            "value": null,
                            "source": "Direct"
                          },
                          "groupElements": false
                        }
                      ],
                      "isHidden": {
                        "value": false,
                        "source": "Direct"
                      },
                      "attributes": [],
                      "behaviours": [],
                      "classesStyles": {
                        "value": "col-md-12 mb-2",
                        "source": "Direct"
                      },
                      "groupElements": false
                    }
                  ],
                  "isHidden": {
                    "value": false,
                    "source": "Direct"
                  },
                  "attributes": [],
                  "behaviours": [],
                  "classesStyles": {
                    "value": "row",
                    "source": "Direct"
                  },
                  "groupElements": false
                },
                {
                  "name": "FormPanelRow2",
                  "type": "Panel",
                  "package": "omniabasecomponents",
                  "cssStyle": {
                    "value": null,
                    "source": "Direct"
                  },
                  "elements": [
                    {
                      "name": "datePanel",
                      "type": "Panel",
                      "package": "omniabasecomponents",
                      "cssStyle": {
                        "value": null,
                        "source": "Direct"
                      },
                      "elements": [
                        {
                          "name": "dateText",
                          "type": "Text",
                          "package": "omniabasecomponents",
                          "cssStyle": {
                            "value": null,
                            "source": "Direct"
                          },
                          "elements": [],
                          "isHidden": {
                            "value": false,
                            "source": "Direct"
                          },
                          "attributes": [
                            {
                              "key": "value",
                              "value": {
                                "value": "Date",
                                "source": "Direct"
                              }
                            }
                          ],
                          "behaviours": [],
                          "classesStyles": {
                            "value": "mb-2",
                            "source": "Direct"
                          },
                          "groupElements": false
                        },
                        {
                          "name": "dateOptionalText",
                          "type": "Text",
                          "package": "omniabasecomponents",
                          "cssStyle": {
                            "value": "    color: #b4b4b4;\n    font-size: 0.75rem;",
                            "source": "Direct"
                          },
                          "elements": [],
                          "isHidden": {
                            "value": "refs.bankMovementForm.attributes.date.isRequired",
                            "source": "Binding"
                          },
                          "attributes": [
                            {
                              "key": "value",
                              "value": {
                                "value": "(optional)",
                                "source": "Direct"
                              }
                            }
                          ],
                          "behaviours": [],
                          "classesStyles": {
                            "value": "ml-1",
                            "source": "Direct"
                          },
                          "groupElements": false
                        },
                        {
                          "name": "dateInput",
                          "type": "InputDate",
                          "package": "omniabasecomponents",
                          "cssStyle": {
                            "value": null,
                            "source": "Direct"
                          },
                          "elements": [],
                          "isHidden": {
                            "value": false,
                            "source": "Direct"
                          },
                          "attributes": [
                            {
                              "key": "value",
                              "value": {
                                "value": "refs.bankMovementForm.data.date.value",
                                "source": "Binding"
                              }
                            },
                            {
                              "key": "readOnly",
                              "value": {
                                "value": "refs.bankMovementForm.data.date.isReadOnly",
                                "source": "Binding"
                              }
                            }
                          ],
                          "behaviours": [],
                          "classesStyles": {
                            "value": "form-field-text form-control",
                            "source": "Direct"
                          },
                          "groupElements": false
                        },
                        {
                          "name": "dateErrorForEach",
                          "type": "_foreach",
                          "package": "",
                          "cssStyle": {
                            "value": null,
                            "source": "Direct"
                          },
                          "elements": [
                            {
                              "name": "dateErrorText",
                              "type": "Text",
                              "package": "omniabasecomponents",
                              "cssStyle": {
                                "value": null,
                                "source": "Direct"
                              },
                              "elements": [],
                              "isHidden": {
                                "value": false,
                                "source": "Direct"
                              },
                              "attributes": [
                                {
                                  "key": "value",
                                  "value": {
                                    "value": "    return scripts.getErrorText(currentElement);",
                                    "source": "Expression"
                                  }
                                }
                              ],
                              "behaviours": [],
                              "classesStyles": {
                                "value": "text-danger",
                                "source": "Direct"
                              },
                              "groupElements": false
                            }
                          ],
                          "isHidden": {
                            "value": "    return !(variables.showErrors || refs?.bankMovementForm?.data?.date?.wasChanged);",
                            "source": "Expression"
                          },
                          "attributes": [
                            {
                              "key": "binding",
                              "value": {
                                "value": "refs.bankMovementForm.data.date.errors",
                                "source": "Binding"
                              }
                            }
                          ],
                          "behaviours": [],
                          "classesStyles": {
                            "value": null,
                            "source": "Direct"
                          },
                          "groupElements": false
                        }
                      ],
                      "isHidden": {
                        "value": false,
                        "source": "Direct"
                      },
                      "attributes": [],
                      "behaviours": [],
                      "classesStyles": {
                        "value": "col-md-12 mb-2",
                        "source": "Direct"
                      },
                      "groupElements": false
                    },
                    {
                      "name": "amountPanel",
                      "type": "Panel",
                      "package": "omniabasecomponents",
                      "cssStyle": {
                        "value": null,
                        "source": "Direct"
                      },
                      "elements": [
                        {
                          "name": "amountText",
                          "type": "Text",
                          "package": "omniabasecomponents",
                          "cssStyle": {
                            "value": null,
                            "source": "Direct"
                          },
                          "elements": [],
                          "isHidden": {
                            "value": false,
                            "source": "Direct"
                          },
                          "attributes": [
                            {
                              "key": "value",
                              "value": {
                                "value": "Amount",
                                "source": "Direct"
                              }
                            }
                          ],
                          "behaviours": [],
                          "classesStyles": {
                            "value": "mb-2",
                            "source": "Direct"
                          },
                          "groupElements": false
                        },
                        {
                          "name": "amountOptionalText",
                          "type": "Text",
                          "package": "omniabasecomponents",
                          "cssStyle": {
                            "value": "    color: #b4b4b4;\n    font-size: 0.75rem;",
                            "source": "Direct"
                          },
                          "elements": [],
                          "isHidden": {
                            "value": "refs.bankMovementForm.attributes.amount.isRequired",
                            "source": "Binding"
                          },
                          "attributes": [
                            {
                              "key": "value",
                              "value": {
                                "value": "(optional)",
                                "source": "Direct"
                              }
                            }
                          ],
                          "behaviours": [],
                          "classesStyles": {
                            "value": "ml-1",
                            "source": "Direct"
                          },
                          "groupElements": false
                        },
                        {
                          "name": "amountInput",
                          "type": "InputDecimal",
                          "package": "omniabasecomponents",
                          "cssStyle": {
                            "value": null,
                            "source": "Direct"
                          },
                          "elements": [],
                          "isHidden": {
                            "value": false,
                            "source": "Direct"
                          },
                          "attributes": [
                            {
                              "key": "minimumValue",
                              "value": {
                                "value": null,
                                "source": "Direct"
                              }
                            },
                            {
                              "key": "maximumValue",
                              "value": {
                                "value": null,
                                "source": "Direct"
                              }
                            },
                            {
                              "key": "decimalPlaces",
                              "value": {
                                "value": 2,
                                "source": "Direct"
                              }
                            },
                            {
                              "key": "value",
                              "value": {
                                "value": "refs.bankMovementForm.data.amount.value",
                                "source": "Binding"
                              }
                            },
                            {
                              "key": "readOnly",
                              "value": {
                                "value": "refs.bankMovementForm.data.amount.isReadOnly",
                                "source": "Binding"
                              }
                            }
                          ],
                          "behaviours": [],
                          "classesStyles": {
                            "value": "form-field-text form-control",
                            "source": "Direct"
                          },
                          "groupElements": false
                        },
                        {
                          "name": "amountErrorForEach",
                          "type": "_foreach",
                          "package": "",
                          "cssStyle": {
                            "value": null,
                            "source": "Direct"
                          },
                          "elements": [
                            {
                              "name": "amountErrorText",
                              "type": "Text",
                              "package": "omniabasecomponents",
                              "cssStyle": {
                                "value": null,
                                "source": "Direct"
                              },
                              "elements": [],
                              "isHidden": {
                                "value": false,
                                "source": "Direct"
                              },
                              "attributes": [
                                {
                                  "key": "value",
                                  "value": {
                                    "value": "    return scripts.getErrorText(currentElement);",
                                    "source": "Expression"
                                  }
                                }
                              ],
                              "behaviours": [],
                              "classesStyles": {
                                "value": "text-danger",
                                "source": "Direct"
                              },
                              "groupElements": false
                            }
                          ],
                          "isHidden": {
                            "value": "    return !(variables.showErrors || refs?.bankMovementForm?.data?.amount?.wasChanged);",
                            "source": "Expression"
                          },
                          "attributes": [
                            {
                              "key": "binding",
                              "value": {
                                "value": "refs.bankMovementForm.data.amount.errors",
                                "source": "Binding"
                              }
                            }
                          ],
                          "behaviours": [],
                          "classesStyles": {
                            "value": null,
                            "source": "Direct"
                          },
                          "groupElements": false
                        }
                      ],
                      "isHidden": {
                        "value": false,
                        "source": "Direct"
                      },
                      "attributes": [],
                      "behaviours": [],
                      "classesStyles": {
                        "value": "col-md-12 mb-2",
                        "source": "Direct"
                      },
                      "groupElements": false
                    }
                  ],
                  "isHidden": {
                    "value": false,
                    "source": "Direct"
                  },
                  "attributes": [],
                  "behaviours": [],
                  "classesStyles": {
                    "value": "row",
                    "source": "Direct"
                  },
                  "groupElements": false
                },
                {
                  "name": "FormPanelRow3",
                  "type": "Panel",
                  "package": "omniabasecomponents",
                  "cssStyle": {
                    "value": null,
                    "source": "Direct"
                  },
                  "elements": [
                    {
                      "name": "categoryPanel",
                      "type": "Panel",
                      "package": "omniabasecomponents",
                      "cssStyle": {
                        "value": null,
                        "source": "Direct"
                      },
                      "elements": [
                        {
                          "name": "categoryText",
                          "type": "Text",
                          "package": "omniabasecomponents",
                          "cssStyle": {
                            "value": null,
                            "source": "Direct"
                          },
                          "elements": [],
                          "isHidden": {
                            "value": false,
                            "source": "Direct"
                          },
                          "attributes": [
                            {
                              "key": "value",
                              "value": {
                                "value": "Category",
                                "source": "Direct"
                              }
                            }
                          ],
                          "behaviours": [],
                          "classesStyles": {
                            "value": "mb-2",
                            "source": "Direct"
                          },
                          "groupElements": false
                        },
                        {
                          "name": "categoryOptionalText",
                          "type": "Text",
                          "package": "omniabasecomponents",
                          "cssStyle": {
                            "value": "    color: #b4b4b4;\n    font-size: 0.75rem;",
                            "source": "Direct"
                          },
                          "elements": [],
                          "isHidden": {
                            "value": "refs.bankMovementForm.attributes.category.isRequired",
                            "source": "Binding"
                          },
                          "attributes": [
                            {
                              "key": "value",
                              "value": {
                                "value": "(optional)",
                                "source": "Direct"
                              }
                            }
                          ],
                          "behaviours": [],
                          "classesStyles": {
                            "value": "ml-1",
                            "source": "Direct"
                          },
                          "groupElements": false
                        },
                        {
                          "name": "categoryInput",
                          "type": "Input",
                          "package": "omniabasecomponents",
                          "cssStyle": {
                            "value": null,
                            "source": "Direct"
                          },
                          "elements": [],
                          "isHidden": {
                            "value": false,
                            "source": "Direct"
                          },
                          "attributes": [
                            {
                              "key": "value",
                              "value": {
                                "value": "refs.bankMovementForm.data.category.value",
                                "source": "Binding"
                              }
                            },
                            {
                              "key": "readOnly",
                              "value": {
                                "value": "refs.bankMovementForm.data.category.isReadOnly",
                                "source": "Binding"
                              }
                            }
                          ],
                          "behaviours": [],
                          "classesStyles": {
                            "value": "form-field-text form-control",
                            "source": "Direct"
                          },
                          "groupElements": false
                        },
                        {
                          "name": "categoryErrorForEach",
                          "type": "_foreach",
                          "package": "",
                          "cssStyle": {
                            "value": null,
                            "source": "Direct"
                          },
                          "elements": [
                            {
                              "name": "categoryErrorText",
                              "type": "Text",
                              "package": "omniabasecomponents",
                              "cssStyle": {
                                "value": null,
                                "source": "Direct"
                              },
                              "elements": [],
                              "isHidden": {
                                "value": false,
                                "source": "Direct"
                              },
                              "attributes": [
                                {
                                  "key": "value",
                                  "value": {
                                    "value": "    return scripts.getErrorText(currentElement);",
                                    "source": "Expression"
                                  }
                                }
                              ],
                              "behaviours": [],
                              "classesStyles": {
                                "value": "text-danger",
                                "source": "Direct"
                              },
                              "groupElements": false
                            }
                          ],
                          "isHidden": {
                            "value": "    return !(variables.showErrors || refs?.bankMovementForm?.data?.category?.wasChanged);",
                            "source": "Expression"
                          },
                          "attributes": [
                            {
                              "key": "binding",
                              "value": {
                                "value": "refs.bankMovementForm.data.category.errors",
                                "source": "Binding"
                              }
                            }
                          ],
                          "behaviours": [],
                          "classesStyles": {
                            "value": null,
                            "source": "Direct"
                          },
                          "groupElements": false
                        }
                      ],
                      "isHidden": {
                        "value": false,
                        "source": "Direct"
                      },
                      "attributes": [],
                      "behaviours": [],
                      "classesStyles": {
                        "value": "col-md-12 mb-2",
                        "source": "Direct"
                      },
                      "groupElements": false
                    }
                  ],
                  "isHidden": {
                    "value": false,
                    "source": "Direct"
                  },
                  "attributes": [],
                  "behaviours": [],
                  "classesStyles": {
                    "value": "row",
                    "source": "Direct"
                  },
                  "groupElements": false
                },
                {
                  "name": "footer",
                  "type": "Panel",
                  "package": "omniabasecomponents",
                  "cssStyle": {
                    "value": null,
                    "source": "Direct"
                  },
                  "elements": [
                    {
                      "name": "footerMoreOptionsPanel",
                      "type": "Panel",
                      "package": "omniabasecomponents",
                      "cssStyle": {
                        "value": null,
                        "source": "Direct"
                      },
                      "elements": [
                        {
                          "name": "footerButton_1",
                          "type": "Button",
                          "package": "omniabasecomponents",
                          "cssStyle": {
                            "value": null,
                            "source": "Direct"
                          },
                          "elements": [
                            {
                              "name": "footerButtonIcon_1",
                              "type": "Icon",
                              "package": "omniabasecomponents",
                              "cssStyle": {
                                "value": null,
                                "source": "Direct"
                              },
                              "elements": [],
                              "isHidden": {
                                "value": false,
                                "source": "Direct"
                              },
                              "attributes": [
                                {
                                  "key": "value",
                                  "value": {
                                    "value": "trash",
                                    "source": "Direct"
                                  }
                                }
                              ],
                              "behaviours": [],
                              "classesStyles": {
                                "value": "pt-1",
                                "source": "Direct"
                              },
                              "groupElements": false
                            },
                            {
                              "name": "footerButtonText_1",
                              "type": "Text",
                              "package": "omniabasecomponents",
                              "cssStyle": {
                                "value": null,
                                "source": "Direct"
                              },
                              "elements": [],
                              "isHidden": {
                                "value": false,
                                "source": "Direct"
                              },
                              "attributes": [
                                {
                                  "key": "value",
                                  "value": {
                                    "value": "Delete",
                                    "source": "Direct"
                                  }
                                }
                              ],
                              "behaviours": [],
                              "classesStyles": {
                                "value": null,
                                "source": "Direct"
                              },
                              "groupElements": false
                            }
                          ],
                          "isHidden": {
                            "value": "    return urlParameters.code ? false : true;",
                            "source": "Expression"
                          },
                          "attributes": [
                            {
                              "key": "disabled",
                              "value": {
                                "value": "    return variables.showErrors && refs.bankMovementForm.hasErrors;",
                                "source": "Expression"
                              }
                            }
                          ],
                          "behaviours": [
                            {
                              "name": "OnClick",
                              "expression": "    if (!refs.bankMovementForm.hasErrors){\n      variables.isLoading = true;\n      refs?.bankMovementForm?.delete();  \n    }\n    else {\n        variables.showErrors = true;\n        context.uiTools.showToast(context.uiTools.toastStyle.ERROR, \"\", \"One or more fields have errors.\");\n    }"
                            }
                          ],
                          "classesStyles": {
                            "value": "d-inline-flex btn btn-danger",
                            "source": "Direct"
                          },
                          "groupElements": true
                        },
                        {
                          "name": "footerButton_2",
                          "type": "Button",
                          "package": "omniabasecomponents",
                          "cssStyle": {
                            "value": null,
                            "source": "Direct"
                          },
                          "elements": [
                            {
                              "name": "footerButtonText_2",
                              "type": "Text",
                              "package": "omniabasecomponents",
                              "cssStyle": {
                                "value": null,
                                "source": "Direct"
                              },
                              "elements": [],
                              "isHidden": {
                                "value": false,
                                "source": "Direct"
                              },
                              "attributes": [
                                {
                                  "key": "value",
                                  "value": {
                                    "value": "Close",
                                    "source": "Direct"
                                  }
                                }
                              ],
                              "behaviours": [],
                              "classesStyles": {
                                "value": null,
                                "source": "Direct"
                              },
                              "groupElements": false
                            }
                          ],
                          "isHidden": {
                            "value": "    return urlParameters.code ? true : false;",
                            "source": "Expression"
                          },
                          "attributes": [
                            {
                              "key": "disabled",
                              "value": {
                                "value": "    return variables.showErrors && refs.bankMovementForm.hasErrors;",
                                "source": "Expression"
                              }
                            }
                          ],
                          "behaviours": [
                            {
                              "name": "OnClick",
                              "expression": "    context.uiTools.closeModal(context.uiTools.modalParameters.id);"
                            }
                          ],
                          "classesStyles": {
                            "value": "d-inline-flex btn btn-outline-secondary",
                            "source": "Direct"
                          },
                          "groupElements": true
                        }
                      ],
                      "isHidden": {
                        "value": false,
                        "source": "Direct"
                      },
                      "attributes": [],
                      "behaviours": [],
                      "classesStyles": {
                        "value": "col",
                        "source": "Direct"
                      },
                      "groupElements": false
                    },
                    {
                      "name": "footerSavePanel",
                      "type": "Panel",
                      "package": "omniabasecomponents",
                      "cssStyle": {
                        "value": null,
                        "source": "Direct"
                      },
                      "elements": [
                        {
                          "name": "footerButton",
                          "type": "Button",
                          "package": "omniabasecomponents",
                          "cssStyle": {
                            "value": null,
                            "source": "Direct"
                          },
                          "elements": [
                            {
                              "name": "footerButtonIcon",
                              "type": "Icon",
                              "package": "omniabasecomponents",
                              "cssStyle": {
                                "value": null,
                                "source": "Direct"
                              },
                              "elements": [],
                              "isHidden": {
                                "value": false,
                                "source": "Direct"
                              },
                              "attributes": [
                                {
                                  "key": "value",
                                  "value": {
                                    "value": "floppy-o",
                                    "source": "Direct"
                                  }
                                }
                              ],
                              "behaviours": [],
                              "classesStyles": {
                                "value": "pt-1",
                                "source": "Direct"
                              },
                              "groupElements": false
                            },
                            {
                              "name": "footerButtonText",
                              "type": "Text",
                              "package": "omniabasecomponents",
                              "cssStyle": {
                                "value": null,
                                "source": "Direct"
                              },
                              "elements": [],
                              "isHidden": {
                                "value": false,
                                "source": "Direct"
                              },
                              "attributes": [
                                {
                                  "key": "value",
                                  "value": {
                                    "value": "Save",
                                    "source": "Direct"
                                  }
                                }
                              ],
                              "behaviours": [],
                              "classesStyles": {
                                "value": null,
                                "source": "Direct"
                              },
                              "groupElements": false
                            }
                          ],
                          "isHidden": {
                            "value": "    return (refs?.bankMovementForm?.state?.disableOperations && !refs?.bankMovementForm?.state?.enabledOperations?.find(operation => operation.path === '' && operation.type === 'Update')) || !refs?.bankMovementForm?.security?.canWrite;",
                            "source": "Expression"
                          },
                          "attributes": [
                            {
                              "key": "disabled",
                              "value": {
                                "value": "    return variables.showErrors && refs.bankMovementForm.hasErrors;",
                                "source": "Expression"
                              }
                            }
                          ],
                          "behaviours": [
                            {
                              "name": "OnClick",
                              "expression": "    if (!refs.bankMovementForm.hasErrors){\n      variables.isLoading = true;\n      refs?.bankMovementForm?.save();  \n    }\r\n    else {\r\n        variables.showErrors = true;\r\n        context.uiTools.showToast(context.uiTools.toastStyle.ERROR, \"\", \"One or more fields have errors.\");\r\n    }"
                            }
                          ],
                          "classesStyles": {
                            "value": "d-inline-flex btn btn-primary",
                            "source": "Direct"
                          },
                          "groupElements": true
                        }
                      ],
                      "isHidden": {
                        "value": false,
                        "source": "Direct"
                      },
                      "attributes": [],
                      "behaviours": [],
                      "classesStyles": {
                        "value": "col-auto pr-1",
                        "source": "Direct"
                      },
                      "groupElements": false
                    }
                  ],
                  "isHidden": {
                    "value": "variables.isLoading",
                    "source": "Binding"
                  },
                  "attributes": [],
                  "behaviours": [],
                  "classesStyles": {
                    "value": "row justify-content-md-end m-0 pt-3 mt-3 border-top",
                    "source": "Direct"
                  },
                  "groupElements": false
                }
              ],
              "isHidden": {
                "value": "variables.isLoading",
                "source": "Binding"
              },
              "attributes": [],
              "behaviours": [],
              "classesStyles": {
                "value": "col-12",
                "source": "Direct"
              },
              "groupElements": false
            }
          ],
          "isHidden": {
            "value": false,
            "source": "Direct"
          },
          "attributes": [],
          "behaviours": [],
          "classesStyles": {
            "value": "pt-3",
            "source": "Direct"
          },
          "groupElements": false
        }
      ],
      "isHidden": {
        "value": false,
        "source": "Direct"
      },
      "attributes": [
        {
          "key": "definition",
          "value": {
            "value": "BankMovement",
            "source": "Direct"
          }
        },
        {
          "key": "useTemporary",
          "value": {
            "value": true,
            "source": "Direct"
          }
        },
        {
          "key": "code",
          "value": {
            "value": "urlParameters.code",
            "source": "Binding"
          }
        },
        {
          "key": "dataSource",
          "value": {
            "value": "Default",
            "source": "Direct"
          }
        }
      ],
      "behaviours": [
        {
          "name": "OnSaveError",
          "expression": "    variables.isLoading = false;\n    context.uiTools.showToast(context.uiTools.toastStyle.ERROR,\"Error while saving\", params[0].message);"
        },
        {
          "name": "OnSave",
          "expression": "    const newIdentifier = params && params.length > 0 ? params[0] : '';\n    const afterSaveMessage = refs?.bankMovementForm?.hasAfterSave ? ' An additional operation will be triggered in the next few moments.' : '';\n    const toastStyle = afterSaveMessage ? context.uiTools.toastStyle.INFO : context.uiTools.toastStyle.SUCCESS;\n    context.uiTools.showToast(toastStyle, 'BankMovement', `BankMovement with code \\\"${newIdentifier}\\\" saved successfully.${afterSaveMessage}`);\n    context.uiTools.resetHasChanges();\n    if (context.uiTools.isModal) {\n        context.uiTools.closeModal(context.uiTools.modalParameters.id);\n    } else {\n        if (variables && variables.redirectTo)\n            context.redirectToApplicationAddress(variables.redirectTo);\n        else\n            context.redirectToApplicationAddress('/');\n    }"
        },
        {
          "name": "OnDeleteError",
          "expression": "    context.uiTools.showToast(context.uiTools.toastStyle.ERROR,\"Error while deleting\", params[0].message);"
        },
        {
          "name": "OnDestroySensitiveData",
          "expression": "    const toastStyle = context.uiTools.toastStyle.SUCCESS;\n    context.uiTools.showToast(toastStyle, 'BankMovement', `BankMovement with code \\\"${urlParameters.code}\\\" destroyed successfully.`);\n    context.uiTools.resetHasChanges();\n    if (context.uiTools.isModal) {\n        context.uiTools.closeModal(context.uiTools.modalParameters.id);\n    } else {\n        if (variables && variables.redirectTo)\n            context.redirectToApplicationAddress(variables.redirectTo);\n        else\n            context.redirectToApplicationAddress('/');\n    }"
        },
        {
          "name": "OnDestroySensitiveDataError",
          "expression": "    context.uiTools.showToast(context.uiTools.toastStyle.ERROR,\"Error while destroying data\", params[0].message);"
        },
        {
          "name": "OnDelete",
          "expression": "    context.uiTools.showToast(context.uiTools.toastStyle.SUCCESS, 'BankMovement', `BankMovement with code \"${refs?.bankMovementForm?.data?._code?.value}\" deleted successfully.`);\n    context.uiTools.resetHasChanges();\n    if (context.uiTools.isModal) {\n        context.uiTools.closeModal(context.uiTools.modalParameters.id);\n    } else {\n        if (variables && variables.redirectTo)\n            context.redirectToApplicationAddress(variables.redirectTo);\n        else\n            context.redirectToApplicationAddress('/');\n    }"
        },
        {
          "name": "OnLoad",
          "expression": "    variables.isLoading = false;\r\n    const decisions = refs?.bankMovementForm?.state?.decisions.sort((a,b) => a.order - b.order);\r\n    variables.canDelete = (!refs?.bankMovementForm?.state?.disableOperations || refs?.bankMovementForm?.state?.enabledOperations?.find(operation => operation.path === '' && operation.type === 'Delete')) &&  !refs?.bankMovementForm?.newInstance  && refs?.bankMovementForm?.security?.canDelete;\r\n    variables.canDestroy = refs?.bankMovementForm?.hasSensitiveData && !refs?.bankMovementForm?.newInstance && refs?.bankMovementForm?.security?.canDestroy;\r\n    if(decisions?.length > 0){\r\n        variables.mainDecision = decisions[0];\r\n        variables.decisions = decisions?.slice(1);\r\n    }\r\n    if (refs?.bankMovementForm?.data?._state?.value)\r\n        context.uiTools.setPageTitle(refs?.bankMovementForm?.attributes?._state?.entries?.find(key => key.key === refs?.bankMovementForm?.data?._state?.value)?.label ?? refs?.bankMovementForm?.data?._state?.value);"
        },
        {
          "name": "OnLoadError",
          "expression": "    variables.isLoading = false;\r\n    context.uiTools.showToast(context.uiTools.toastStyle.ERROR, `Error loading ${urlParameters.code} of BankMovement`, params.length > 0 ? params[0]?.message : '', false);"
        },
        {
          "name": "OnUpdateData",
          "expression": "    context.uiTools.setHasChanges();"
        },
        {
          "name": "OnUpdateDataError",
          "expression": "    variables.isLoading = false;\r\n    context.uiTools.showToast(context.uiTools.toastStyle.ERROR, `Error updating ${urlParameters.code} of BankMovement`, params.length > 0 ? params[0]?.message : '', false);"
        }
      ],
      "classesStyles": {
        "value": null,
        "source": "Direct"
      },
      "groupElements": false
    }
  ],
  "variables": [
    {
      "name": "redirectTo",
      "type": {
        "kind": "Primitive",
        "value": "Text"
      },
      "description": "",
      "initialValue": "",
      "multiplicity": {
        "lower": 0,
        "upper": 1
      }
    },
    {
      "name": "showErrors",
      "type": {
        "kind": "Primitive",
        "value": "Boolean"
      },
      "description": "",
      "initialValue": "",
      "multiplicity": {
        "lower": 0,
        "upper": 1
      }
    },
    {
      "name": "isLoading",
      "type": {
        "kind": "Primitive",
        "value": "Boolean"
      },
      "description": "",
      "initialValue": true,
      "multiplicity": {
        "lower": 0,
        "upper": 1
      }
    },
    {
      "name": "openCodes",
      "type": {
        "kind": "Primitive",
        "value": "Text"
      },
      "description": "",
      "initialValue": null,
      "multiplicity": {
        "lower": 0,
        "upper": null
      }
    },
    {
      "name": "decisions",
      "type": {
        "kind": "Primitive",
        "value": "Object"
      },
      "description": "",
      "initialValue": null,
      "multiplicity": {
        "lower": 0,
        "upper": null
      }
    },
    {
      "name": "mainDecision",
      "type": {
        "kind": "Primitive",
        "value": "Object"
      },
      "description": "",
      "initialValue": null,
      "multiplicity": {
        "lower": 0,
        "upper": 1
      }
    },
    {
      "name": "stateMachineDropDownOpen",
      "type": {
        "kind": "Primitive",
        "value": "Boolean"
      },
      "description": "",
      "initialValue": false,
      "multiplicity": {
        "lower": 0,
        "upper": 1
      }
    },
    {
      "name": "optionsDropDownOpen",
      "type": {
        "kind": "Primitive",
        "value": "Boolean"
      },
      "description": "",
      "initialValue": false,
      "multiplicity": {
        "lower": 0,
        "upper": 1
      }
    },
    {
      "name": "canDelete",
      "type": {
        "kind": "Primitive",
        "value": "Boolean"
      },
      "description": "",
      "initialValue": false,
      "multiplicity": {
        "lower": 0,
        "upper": 1
      }
    },
    {
      "name": "canDestroy",
      "type": {
        "kind": "Primitive",
        "value": "Boolean"
      },
      "description": "",
      "initialValue": false,
      "multiplicity": {
        "lower": 0,
        "upper": 1
      }
    }
  ],
  "behaviours": [],
  "description": "",
  "classesStyles": {
    "value": "",
    "source": "Direct"
  },
  "urlParameters": [
    {
      "name": "code",
      "type": "Text",
      "description": null,
      "multiplicity": {
        "lower": 1,
        "upper": 1
      }
    }
  ]
}