{
  "name": "CarouselPage",
  "type": "Page",
  "styles": ".mycarouseltext {\r\n    margin: 0;\r\n    padding: 0;\r\n    position: absolute;\r\n    width: 100%;\r\n    top: 50%;\r\n    transform: translateY(-50%);\r\n}\r\n\r\n.mycarouselbuttontext {\r\n    background-color: white;    \r\n}\r\n\r\n.carousel .item {\r\n  height: 300px;\r\n}\r\n\r\n.item img {\r\n    position: absolute;\r\n    top: 0;\r\n    left: 0;\r\n    min-height: 300px;\r\n}",
  "scripts": null,
  "elements": [
    {
      "name": "carouselExampleControlsNoTouching",
      "type": "Panel",
      "package": "omniabasecomponents",
      "cssStyle": {
        "value": "",
        "source": "Direct"
      },
      "elements": [
        {
          "name": "carouselinner",
          "type": "Panel",
          "package": "omniabasecomponents",
          "cssStyle": {
            "value": null,
            "source": "Direct"
          },
          "elements": [
            {
              "name": "foreachSteps",
              "type": "_foreach",
              "package": "",
              "cssStyle": {
                "value": null,
                "source": "Direct"
              },
              "elements": [
                {
                  "name": "carouselinnerPanel1",
                  "type": "Panel",
                  "package": "omniabasecomponents",
                  "cssStyle": {
                    "value": "height:585px;",
                    "source": "Direct"
                  },
                  "elements": [
                    {
                      "name": "carouselinnerPanelImage1",
                      "type": "Image",
                      "package": "omniabasecomponents",
                      "cssStyle": {
                        "value": "height:585px;",
                        "source": "Direct"
                      },
                      "elements": [],
                      "isHidden": {
                        "value": false,
                        "source": "Direct"
                      },
                      "attributes": [
                        {
                          "key": "source",
                          "value": {
                            "value": "    return currentElement.image;",
                            "source": "Expression"
                          }
                        },
                        {
                          "key": "omniaUrl",
                          "value": {
                            "value": null,
                            "source": "Direct"
                          }
                        },
                        {
                          "key": "title",
                          "value": {
                            "value": null,
                            "source": "Direct"
                          }
                        }
                      ],
                      "behaviours": [],
                      "classesStyles": {
                        "value": "d-block w-100",
                        "source": "Direct"
                      },
                      "groupElements": false
                    },
                    {
                      "name": "carouselinnerPanelText1",
                      "type": "Panel",
                      "package": "omniabasecomponents",
                      "cssStyle": {
                        "value": null,
                        "source": "Direct"
                      },
                      "elements": [
                        {
                          "name": "panel",
                          "type": "Panel",
                          "package": "omniabasecomponents",
                          "cssStyle": {
                            "value": null,
                            "source": "Direct"
                          },
                          "elements": [
                            {
                              "name": "lblTitle",
                              "type": "Text",
                              "package": "omniabasecomponents",
                              "cssStyle": {
                                "value": null,
                                "source": "Direct"
                              },
                              "elements": [],
                              "isHidden": {
                                "value": false,
                                "source": "Direct"
                              },
                              "attributes": [
                                {
                                  "key": "value",
                                  "value": {
                                    "value": "    return currentElement.title;",
                                    "source": "Expression"
                                  }
                                }
                              ],
                              "behaviours": [],
                              "classesStyles": {
                                "value": "h1 mt-2",
                                "source": "Direct"
                              },
                              "groupElements": false
                            }
                          ],
                          "isHidden": {
                            "value": false,
                            "source": "Direct"
                          },
                          "attributes": [],
                          "behaviours": [],
                          "classesStyles": {
                            "value": "row",
                            "source": "Direct"
                          },
                          "groupElements": false
                        },
                        {
                          "name": "panel_1",
                          "type": "Panel",
                          "package": "omniabasecomponents",
                          "cssStyle": {
                            "value": null,
                            "source": "Direct"
                          },
                          "elements": [
                            {
                              "name": "lblSubTitle",
                              "type": "Text",
                              "package": "omniabasecomponents",
                              "cssStyle": {
                                "value": null,
                                "source": "Direct"
                              },
                              "elements": [],
                              "isHidden": {
                                "value": false,
                                "source": "Direct"
                              },
                              "attributes": [
                                {
                                  "key": "value",
                                  "value": {
                                    "value": "    return currentElement.subTitle;",
                                    "source": "Expression"
                                  }
                                }
                              ],
                              "behaviours": [],
                              "classesStyles": {
                                "value": "h5  mt-4",
                                "source": "Direct"
                              },
                              "groupElements": false
                            }
                          ],
                          "isHidden": {
                            "value": false,
                            "source": "Direct"
                          },
                          "attributes": [],
                          "behaviours": [],
                          "classesStyles": {
                            "value": "row",
                            "source": "Direct"
                          },
                          "groupElements": false
                        },
                        {
                          "name": "panel_2",
                          "type": "Panel",
                          "package": "omniabasecomponents",
                          "cssStyle": {
                            "value": null,
                            "source": "Direct"
                          },
                          "elements": [
                            {
                              "name": "lblResume",
                              "type": "Text",
                              "package": "omniabasecomponents",
                              "cssStyle": {
                                "value": null,
                                "source": "Direct"
                              },
                              "elements": [],
                              "isHidden": {
                                "value": false,
                                "source": "Direct"
                              },
                              "attributes": [
                                {
                                  "key": "value",
                                  "value": {
                                    "value": "    return currentElement.resume;",
                                    "source": "Expression"
                                  }
                                }
                              ],
                              "behaviours": [],
                              "classesStyles": {
                                "value": "h5  mt-4",
                                "source": "Direct"
                              },
                              "groupElements": false
                            }
                          ],
                          "isHidden": {
                            "value": false,
                            "source": "Direct"
                          },
                          "attributes": [],
                          "behaviours": [],
                          "classesStyles": {
                            "value": "row",
                            "source": "Direct"
                          },
                          "groupElements": false
                        },
                        {
                          "name": "panel_3",
                          "type": "Panel",
                          "package": "omniabasecomponents",
                          "cssStyle": {
                            "value": "display:block;\r\npadding:0;\r\ntext-align:left;",
                            "source": "Direct"
                          },
                          "elements": [
                            {
                              "name": "link",
                              "type": "Link",
                              "package": "omniabasecomponents",
                              "cssStyle": {
                                "value": "    display: inline-block;\n    background-color: #FFF;\n    color: #002C52;\n    text-decoration: none;\n    font: 700 16px 'Gelion', Arial, sans-serif;\n    cursor: pointer;\n    width: auto;\n    text-transform: uppercase;\n    padding: 10px 20px 11px 20px;\n    border-radius: 20px;\n    border: 0 none;",
                                "source": "Direct"
                              },
                              "elements": [
                                {
                                  "name": "text_2",
                                  "type": "Text",
                                  "package": "omniabasecomponents",
                                  "cssStyle": {
                                    "value": "    font-weight: bold;\n    color: #3b68c8;",
                                    "source": "Direct"
                                  },
                                  "elements": [],
                                  "isHidden": {
                                    "value": false,
                                    "source": "Direct"
                                  },
                                  "attributes": [
                                    {
                                      "key": "value",
                                      "value": {
                                        "value": "    return currentElement.linkText;",
                                        "source": "Expression"
                                      }
                                    }
                                  ],
                                  "behaviours": [],
                                  "classesStyles": {
                                    "value": null,
                                    "source": "Direct"
                                  },
                                  "groupElements": false
                                }
                              ],
                              "isHidden": {
                                "value": false,
                                "source": "Direct"
                              },
                              "attributes": [
                                {
                                  "key": "link",
                                  "value": {
                                    "value": "    return currentElement.link;",
                                    "source": "Expression"
                                  }
                                },
                                {
                                  "key": "target",
                                  "value": {
                                    "value": "_blank",
                                    "source": "Direct"
                                  }
                                }
                              ],
                              "behaviours": [],
                              "classesStyles": {
                                "value": null,
                                "source": "Direct"
                              },
                              "groupElements": false
                            }
                          ],
                          "isHidden": {
                            "value": false,
                            "source": "Direct"
                          },
                          "attributes": [],
                          "behaviours": [],
                          "classesStyles": {
                            "value": "row mt-4",
                            "source": "Direct"
                          },
                          "groupElements": false
                        }
                      ],
                      "isHidden": {
                        "value": false,
                        "source": "Direct"
                      },
                      "attributes": [],
                      "behaviours": [],
                      "classesStyles": {
                        "value": "carousel-caption d-none d-md-block mycarouseltext",
                        "source": "Direct"
                      },
                      "groupElements": false
                    }
                  ],
                  "isHidden": {
                    "value": false,
                    "source": "Direct"
                  },
                  "attributes": [],
                  "behaviours": [],
                  "classesStyles": {
                    "value": "    return `carousel-item ${variables.activeStep === currentElement.id ? 'active' : ''}`;",
                    "source": "Expression"
                  },
                  "groupElements": false
                }
              ],
              "isHidden": {
                "value": false,
                "source": "Direct"
              },
              "attributes": [
                {
                  "key": "binding",
                  "value": {
                    "value": "variables.steps",
                    "source": "Binding"
                  }
                }
              ],
              "behaviours": [],
              "classesStyles": {
                "value": null,
                "source": "Direct"
              },
              "groupElements": false
            }
          ],
          "isHidden": {
            "value": false,
            "source": "Direct"
          },
          "attributes": [],
          "behaviours": [],
          "classesStyles": {
            "value": "carousel-inner carousel-fade",
            "source": "Direct"
          },
          "groupElements": false
        },
        {
          "name": "button",
          "type": "Button",
          "package": "omniabasecomponents",
          "cssStyle": {
            "value": null,
            "source": "Direct"
          },
          "elements": [
            {
              "name": "text",
              "type": "Text",
              "package": "omniabasecomponents",
              "cssStyle": {
                "value": null,
                "source": "Direct"
              },
              "elements": [],
              "isHidden": {
                "value": false,
                "source": "Direct"
              },
              "attributes": [
                {
                  "key": "value",
                  "value": {
                    "value": "",
                    "source": "Direct"
                  }
                }
              ],
              "behaviours": [],
              "classesStyles": {
                "value": "carousel-control-prev-icon",
                "source": "Direct"
              },
              "groupElements": false
            }
          ],
          "isHidden": {
            "value": false,
            "source": "Direct"
          },
          "attributes": [
            {
              "key": "disabled",
              "value": {
                "value": false,
                "source": "Direct"
              }
            }
          ],
          "behaviours": [
            {
              "name": "OnClick",
              "expression": "    variables.activeStep = variables.activeStep === 1 ? variables.steps.length : variables.activeStep - 1;"
            }
          ],
          "classesStyles": {
            "value": "carousel-control-prev",
            "source": "Direct"
          },
          "groupElements": true
        },
        {
          "name": "button_1",
          "type": "Button",
          "package": "omniabasecomponents",
          "cssStyle": {
            "value": null,
            "source": "Direct"
          },
          "elements": [
            {
              "name": "text_1",
              "type": "Text",
              "package": "omniabasecomponents",
              "cssStyle": {
                "value": null,
                "source": "Direct"
              },
              "elements": [],
              "isHidden": {
                "value": false,
                "source": "Direct"
              },
              "attributes": [
                {
                  "key": "value",
                  "value": {
                    "value": "",
                    "source": "Direct"
                  }
                }
              ],
              "behaviours": [],
              "classesStyles": {
                "value": "carousel-control-next-icon",
                "source": "Direct"
              },
              "groupElements": false
            }
          ],
          "isHidden": {
            "value": false,
            "source": "Direct"
          },
          "attributes": [
            {
              "key": "disabled",
              "value": {
                "value": false,
                "source": "Direct"
              }
            }
          ],
          "behaviours": [
            {
              "name": "OnClick",
              "expression": "    variables.activeStep = variables.activeStep === variables.steps.length ? 1 : variables.activeStep + 1;"
            }
          ],
          "classesStyles": {
            "value": "carousel-control-next",
            "source": "Direct"
          },
          "groupElements": true
        }
      ],
      "isHidden": {
        "value": false,
        "source": "Direct"
      },
      "attributes": [],
      "behaviours": [],
      "classesStyles": {
        "value": "carousel slide",
        "source": "Direct"
      },
      "groupElements": false
    },
    {
      "name": "centerRow",
      "type": "Panel",
      "package": "omniabasecomponents",
      "cssStyle": {
        "value": null,
        "source": "Direct"
      },
      "elements": [
        {
          "name": "panel_4",
          "type": "Panel",
          "package": "omniabasecomponents",
          "cssStyle": {
            "value": "width:395px;",
            "source": "Direct"
          },
          "elements": [
            {
              "name": "panel_5",
              "type": "Panel",
              "package": "omniabasecomponents",
              "cssStyle": {
                "value": "    text-align: left;\n    margin: 25px 50px 25px 50px;\n    min-height: 350px;\n    position: relative;\n    border-radius: 25px;\n    border: 2px solid #0046FE;\n    padding: 20px;\n    height: 100%;",
                "source": "Direct"
              },
              "elements": [
                {
                  "name": "text_3",
                  "type": "Text",
                  "package": "omniabasecomponents",
                  "cssStyle": {
                    "value": "    font: 700 24px/32px 'Gelion', Arial, sans-serif;\n    color: #0046FE;\n    display: block;\n    padding: 0;",
                    "source": "Direct"
                  },
                  "elements": [],
                  "isHidden": {
                    "value": false,
                    "source": "Direct"
                  },
                  "attributes": [
                    {
                      "key": "value",
                      "value": {
                        "value": "PRIMAVERA lança POS cloud para negócios da era digital",
                        "source": "Direct"
                      }
                    }
                  ],
                  "behaviours": [],
                  "classesStyles": {
                    "value": null,
                    "source": "Direct"
                  },
                  "groupElements": false
                },
                {
                  "name": "text_4",
                  "type": "Text",
                  "package": "omniabasecomponents",
                  "cssStyle": {
                    "value": "    font: 300 16px/24px 'Gelion', Arial, sans-serif;\n    color: #002C52;\n    padding: 20px 0 0 0;\n    display: block;",
                    "source": "Direct"
                  },
                  "elements": [],
                  "isHidden": {
                    "value": false,
                    "source": "Direct"
                  },
                  "attributes": [
                    {
                      "key": "value",
                      "value": {
                        "value": "A partir de agora o software de gestão cloud Jasmin passa a incluir um POS (Ponto de Venda) que permite uma gestão centralizada e em tempo real de negócios da restauração e retalho.",
                        "source": "Direct"
                      }
                    }
                  ],
                  "behaviours": [],
                  "classesStyles": {
                    "value": null,
                    "source": "Direct"
                  },
                  "groupElements": false
                },
                {
                  "name": "panel_6",
                  "type": "Panel",
                  "package": "omniabasecomponents",
                  "cssStyle": {
                    "value": null,
                    "source": "Direct"
                  },
                  "elements": [
                    {
                      "name": "link_1",
                      "type": "Link",
                      "package": "omniabasecomponents",
                      "cssStyle": {
                        "value": "    background-color: #FF5C35;\r\n    color: #FFF;\r\n    font: 700 16px 'Gelion', Arial, sans-serif;\r\n    transition: all .35s ease;\r\n    text-decoration: none;\r\n    cursor: pointer;\r\n    box-sizing: border-box;\r\n    display: inline-block;\r\n    width: auto;\r\n    text-transform: uppercase;\r\n    margin: 0;\r\n    padding: 10px 20px 11px 20px;\r\n    border-radius: 20px;\r\n    position: absolute;\r\n    bottom: 20px;",
                        "source": "Direct"
                      },
                      "elements": [
                        {
                          "name": "text_5",
                          "type": "Text",
                          "package": "omniabasecomponents",
                          "cssStyle": {
                            "value": "",
                            "source": "Direct"
                          },
                          "elements": [],
                          "isHidden": {
                            "value": false,
                            "source": "Direct"
                          },
                          "attributes": [
                            {
                              "key": "value",
                              "value": {
                                "value": "Saiba Mais",
                                "source": "Direct"
                              }
                            }
                          ],
                          "behaviours": [],
                          "classesStyles": {
                            "value": null,
                            "source": "Direct"
                          },
                          "groupElements": false
                        }
                      ],
                      "isHidden": {
                        "value": false,
                        "source": "Direct"
                      },
                      "attributes": [
                        {
                          "key": "link",
                          "value": {
                            "value": "https://pt.primaverabss.com/pt/comunicados-de-imprensa/primavera-lanca-pos-cloud-para-negocios-da-era-digital/",
                            "source": "Direct"
                          }
                        },
                        {
                          "key": "target",
                          "value": {
                            "value": "_blank",
                            "source": "Direct"
                          }
                        }
                      ],
                      "behaviours": [],
                      "classesStyles": {
                        "value": null,
                        "source": "Direct"
                      },
                      "groupElements": false
                    }
                  ],
                  "isHidden": {
                    "value": false,
                    "source": "Direct"
                  },
                  "attributes": [],
                  "behaviours": [],
                  "classesStyles": {
                    "value": "",
                    "source": "Direct"
                  },
                  "groupElements": false
                }
              ],
              "isHidden": {
                "value": false,
                "source": "Direct"
              },
              "attributes": [],
              "behaviours": [],
              "classesStyles": {
                "value": "row",
                "source": "Direct"
              },
              "groupElements": false
            }
          ],
          "isHidden": {
            "value": false,
            "source": "Direct"
          },
          "attributes": [],
          "behaviours": [],
          "classesStyles": {
            "value": "",
            "source": "Direct"
          },
          "groupElements": false
        },
        {
          "name": "panel_10",
          "type": "Panel",
          "package": "omniabasecomponents",
          "cssStyle": {
            "value": "width:395px;",
            "source": "Direct"
          },
          "elements": [
            {
              "name": "panel_11",
              "type": "Panel",
              "package": "omniabasecomponents",
              "cssStyle": {
                "value": "    text-align: left;\n    margin: 25px 50px 25px 50px;\n    min-height: 350px;\n    position: relative;\n    border-radius: 25px;\n    border: 2px solid #0046FE;\n    padding: 20px;\n    height: 100%;",
                "source": "Direct"
              },
              "elements": [
                {
                  "name": "text_9",
                  "type": "Text",
                  "package": "omniabasecomponents",
                  "cssStyle": {
                    "value": "    font: 700 24px/32px 'Gelion', Arial, sans-serif;\n    color: #0046FE;\n    display: block;\n    padding: 0;",
                    "source": "Direct"
                  },
                  "elements": [],
                  "isHidden": {
                    "value": false,
                    "source": "Direct"
                  },
                  "attributes": [
                    {
                      "key": "value",
                      "value": {
                        "value": "PRIMAVERA associa-se à 2º edição do Programa UPskill",
                        "source": "Direct"
                      }
                    }
                  ],
                  "behaviours": [],
                  "classesStyles": {
                    "value": null,
                    "source": "Direct"
                  },
                  "groupElements": false
                },
                {
                  "name": "text_10",
                  "type": "Text",
                  "package": "omniabasecomponents",
                  "cssStyle": {
                    "value": "    font: 300 16px/24px 'Gelion', Arial, sans-serif;\n    color: #002C52;\n    padding: 20px 0 0 0;\n    display: block;",
                    "source": "Direct"
                  },
                  "elements": [],
                  "isHidden": {
                    "value": false,
                    "source": "Direct"
                  },
                  "attributes": [
                    {
                      "key": "value",
                      "value": {
                        "value": "Através da PRIMAVERA Academy serão formadas duas turmas neste projeto que junta o IEFP, instituições de ensino e várias entidades com a missão de formar profissionais para o setor das TI. ",
                        "source": "Direct"
                      }
                    }
                  ],
                  "behaviours": [],
                  "classesStyles": {
                    "value": null,
                    "source": "Direct"
                  },
                  "groupElements": false
                },
                {
                  "name": "panel_12",
                  "type": "Panel",
                  "package": "omniabasecomponents",
                  "cssStyle": {
                    "value": null,
                    "source": "Direct"
                  },
                  "elements": [
                    {
                      "name": "link_3",
                      "type": "Link",
                      "package": "omniabasecomponents",
                      "cssStyle": {
                        "value": "    background-color: #FF5C35;\r\n    color: #FFF;\r\n    font: 700 16px 'Gelion', Arial, sans-serif;\r\n    transition: all .35s ease;\r\n    text-decoration: none;\r\n    cursor: pointer;\r\n    box-sizing: border-box;\r\n    display: inline-block;\r\n    width: auto;\r\n    text-transform: uppercase;\r\n    margin: 0;\r\n    padding: 10px 20px 11px 20px;\r\n    border-radius: 20px;\r\n    position: absolute;\r\n    bottom: 20px;",
                        "source": "Direct"
                      },
                      "elements": [
                        {
                          "name": "text_11",
                          "type": "Text",
                          "package": "omniabasecomponents",
                          "cssStyle": {
                            "value": "",
                            "source": "Direct"
                          },
                          "elements": [],
                          "isHidden": {
                            "value": false,
                            "source": "Direct"
                          },
                          "attributes": [
                            {
                              "key": "value",
                              "value": {
                                "value": "Saiba Mais",
                                "source": "Direct"
                              }
                            }
                          ],
                          "behaviours": [],
                          "classesStyles": {
                            "value": null,
                            "source": "Direct"
                          },
                          "groupElements": false
                        }
                      ],
                      "isHidden": {
                        "value": false,
                        "source": "Direct"
                      },
                      "attributes": [
                        {
                          "key": "link",
                          "value": {
                            "value": "https://pt.primaverabss.com/pt/comunicados-de-imprensa/primavera-programa-upskill/",
                            "source": "Direct"
                          }
                        },
                        {
                          "key": "target",
                          "value": {
                            "value": "_blank",
                            "source": "Direct"
                          }
                        }
                      ],
                      "behaviours": [],
                      "classesStyles": {
                        "value": null,
                        "source": "Direct"
                      },
                      "groupElements": false
                    }
                  ],
                  "isHidden": {
                    "value": false,
                    "source": "Direct"
                  },
                  "attributes": [],
                  "behaviours": [],
                  "classesStyles": {
                    "value": "",
                    "source": "Direct"
                  },
                  "groupElements": false
                }
              ],
              "isHidden": {
                "value": false,
                "source": "Direct"
              },
              "attributes": [],
              "behaviours": [],
              "classesStyles": {
                "value": "row",
                "source": "Direct"
              },
              "groupElements": false
            }
          ],
          "isHidden": {
            "value": false,
            "source": "Direct"
          },
          "attributes": [],
          "behaviours": [],
          "classesStyles": {
            "value": "",
            "source": "Direct"
          },
          "groupElements": false
        },
        {
          "name": "panel_7",
          "type": "Panel",
          "package": "omniabasecomponents",
          "cssStyle": {
            "value": "width:395px;",
            "source": "Direct"
          },
          "elements": [
            {
              "name": "panel_8",
              "type": "Panel",
              "package": "omniabasecomponents",
              "cssStyle": {
                "value": "    text-align: left;\n    margin: 25px 50px 25px 50px;\n    min-height: 350px;\n    position: relative;\n    border-radius: 25px;\n    border: 2px solid #0046FE;\n    padding: 20px;\n    height: 100%;",
                "source": "Direct"
              },
              "elements": [
                {
                  "name": "text_6",
                  "type": "Text",
                  "package": "omniabasecomponents",
                  "cssStyle": {
                    "value": "    font: 700 24px/32px 'Gelion', Arial, sans-serif;\n    color: #0046FE;\n    display: block;\n    padding: 0;",
                    "source": "Direct"
                  },
                  "elements": [],
                  "isHidden": {
                    "value": false,
                    "source": "Direct"
                  },
                  "attributes": [
                    {
                      "key": "value",
                      "value": {
                        "value": "41% dos escritórios de contabilidade já utilizam software na cloud",
                        "source": "Direct"
                      }
                    }
                  ],
                  "behaviours": [],
                  "classesStyles": {
                    "value": null,
                    "source": "Direct"
                  },
                  "groupElements": false
                },
                {
                  "name": "text_7",
                  "type": "Text",
                  "package": "omniabasecomponents",
                  "cssStyle": {
                    "value": "    font: 300 16px/24px 'Gelion', Arial, sans-serif;\n    color: #002C52;\n    padding: 20px 0 0 0;\n    display: block;",
                    "source": "Direct"
                  },
                  "elements": [],
                  "isHidden": {
                    "value": false,
                    "source": "Direct"
                  },
                  "attributes": [
                    {
                      "key": "value",
                      "value": {
                        "value": "Estudo realizado pela consultora GFK para a PRIMAVERA será apresentado no Accounting Summit, o maior evento online gratuito para contabilistas e financeiros.",
                        "source": "Direct"
                      }
                    }
                  ],
                  "behaviours": [],
                  "classesStyles": {
                    "value": null,
                    "source": "Direct"
                  },
                  "groupElements": false
                },
                {
                  "name": "panel_9",
                  "type": "Panel",
                  "package": "omniabasecomponents",
                  "cssStyle": {
                    "value": null,
                    "source": "Direct"
                  },
                  "elements": [
                    {
                      "name": "link_2",
                      "type": "Link",
                      "package": "omniabasecomponents",
                      "cssStyle": {
                        "value": "    background-color: #FF5C35;\r\n    color: #FFF;\r\n    font: 700 16px 'Gelion', Arial, sans-serif;\r\n    transition: all .35s ease;\r\n    text-decoration: none;\r\n    cursor: pointer;\r\n    box-sizing: border-box;\r\n    display: inline-block;\r\n    width: auto;\r\n    text-transform: uppercase;\r\n    margin: 0;\r\n    padding: 10px 20px 11px 20px;\r\n    border-radius: 20px;\r\n    position: absolute;\r\n    bottom: 20px;",
                        "source": "Direct"
                      },
                      "elements": [
                        {
                          "name": "text_8",
                          "type": "Text",
                          "package": "omniabasecomponents",
                          "cssStyle": {
                            "value": "",
                            "source": "Direct"
                          },
                          "elements": [],
                          "isHidden": {
                            "value": false,
                            "source": "Direct"
                          },
                          "attributes": [
                            {
                              "key": "value",
                              "value": {
                                "value": "Saiba Mais",
                                "source": "Direct"
                              }
                            }
                          ],
                          "behaviours": [],
                          "classesStyles": {
                            "value": null,
                            "source": "Direct"
                          },
                          "groupElements": false
                        }
                      ],
                      "isHidden": {
                        "value": false,
                        "source": "Direct"
                      },
                      "attributes": [
                        {
                          "key": "link",
                          "value": {
                            "value": "https://pt.primaverabss.com/pt/comunicados-de-imprensa/estudo-sobre-rentabilidade-dos-escritorios-de-contabilidade/",
                            "source": "Direct"
                          }
                        },
                        {
                          "key": "target",
                          "value": {
                            "value": "_blank",
                            "source": "Direct"
                          }
                        }
                      ],
                      "behaviours": [],
                      "classesStyles": {
                        "value": null,
                        "source": "Direct"
                      },
                      "groupElements": false
                    }
                  ],
                  "isHidden": {
                    "value": false,
                    "source": "Direct"
                  },
                  "attributes": [],
                  "behaviours": [],
                  "classesStyles": {
                    "value": "",
                    "source": "Direct"
                  },
                  "groupElements": false
                }
              ],
              "isHidden": {
                "value": false,
                "source": "Direct"
              },
              "attributes": [],
              "behaviours": [],
              "classesStyles": {
                "value": "row",
                "source": "Direct"
              },
              "groupElements": false
            }
          ],
          "isHidden": {
            "value": false,
            "source": "Direct"
          },
          "attributes": [],
          "behaviours": [],
          "classesStyles": {
            "value": "",
            "source": "Direct"
          },
          "groupElements": false
        }
      ],
      "isHidden": {
        "value": false,
        "source": "Direct"
      },
      "attributes": [],
      "behaviours": [],
      "classesStyles": {
        "value": "row justify-content-md-center m-0",
        "source": "Direct"
      },
      "groupElements": false
    }
  ],
  "variables": [
    {
      "name": "ActiveStep",
      "type": {
        "kind": "Primitive",
        "value": "Integer"
      },
      "description": "",
      "initialValue": 1,
      "multiplicity": {
        "lower": 0,
        "upper": 1
      }
    },
    {
      "name": "Steps",
      "type": {
        "kind": "Primitive",
        "value": "Object"
      },
      "description": "",
      "initialValue": null,
      "multiplicity": {
        "lower": 0,
        "upper": null
      }
    }
  ],
  "behaviours": [
    {
      "name": "Initialize",
      "expression": "    variables.steps = [{\n            id: 1,\n            image: context.applicationAssets.CarouselImage1,\n            title: 'Cegid Accounting Summit 2023',\n            subTitle: 'O maior evento digital para Contabilistas e Financeiros!',\n            resume: '12 de outubro de 2023, das 10h às 12h',\n            link: 'https://bit.ly/45E4KR0',\n            linkText: 'INSCREVA-SE JÁ!',\n        },\n        {\n            id: 2,\n            image: context.applicationAssets.CarouselImage2,\n            title: 'ERP Evolution',\n            subTitle: 'O futuro da gestão já chegou!',\n            resume: 'Conheça o ERP Evolution!',\n            link: 'https://pt.primaverabss.com/pt/pagina/erp-evolution/',\n            linkText: 'SABER MAIS',\n        },\n        {\n            id: 3,\n            image: context.applicationAssets.CarouselImage3,\n            title: 'O software Primavera é agora Cegid Primavera',\n            subTitle: null,\n            resume: null,\n            link: 'https://campaigns.primaverabss.com/acton/media/17591/erp-cegid?utm_source=website&utm_medium=organic&utm_campaign=soluco',\n            linkText: 'SABER MAIS',\n        },\n        {\n            id: 4,\n            image: context.applicationAssets.CarouselImage4,\n            title: 'Tecnologia para vencer',\n            subTitle: 'Conheça os casos de sucesso PRIMAVERA',\n            resume: 'Na linha da frente na digitalização de empresas',\n            link: 'https://pt.primaverabss.com/pt/pagina/tecnologia-para-vencer/',\n            linkText: 'SABER MAIS',\n        }\n    ]"
    }
  ],
  "description": "",
  "classesStyles": null,
  "urlParameters": []
}