{
  "name": "DemoPage",
  "type": "Page",
  "styles": ".mymargin {\r\n    margin: 300px;\r\n}",
  "scripts": null,
  "elements": [
    {
      "name": "_runQueryProduct",
      "type": "_runQuery",
      "package": "",
      "cssStyle": {
        "value": null,
        "source": "Direct"
      },
      "elements": [
        {
          "name": "_foreach",
          "type": "_foreach",
          "package": "",
          "cssStyle": {
            "value": null,
            "source": "Direct"
          },
          "elements": [
            {
              "name": "card",
              "type": "Panel",
              "package": "omniabasecomponents",
              "cssStyle": {
                "value": "border-radius:25px;\nborder:0px;",
                "source": "Direct"
              },
              "elements": [
                {
                  "name": "cardImage",
                  "type": "Image",
                  "package": "omniabasecomponents",
                  "cssStyle": {
                    "value": "    border-top-left-radius: 25px;\r\n    border-top-right-radius: 25px;\r\n    border-bottom-left-radius: 0px !important;\r\n    border-bottom-right-radius: 0px !important;",
                    "source": "Direct"
                  },
                  "elements": [],
                  "isHidden": {
                    "value": false,
                    "source": "Direct"
                  },
                  "attributes": [
                    {
                      "key": "source",
                      "value": {
                        "value": null,
                        "source": "Direct"
                      }
                    },
                    {
                      "key": "omniaUrl",
                      "value": {
                        "value": "refs._runQueryProduct.records[indexes._foreach].image",
                        "source": "Binding"
                      }
                    },
                    {
                      "key": "title",
                      "value": {
                        "value": null,
                        "source": "Direct"
                      }
                    }
                  ],
                  "behaviours": [],
                  "classesStyles": {
                    "value": "card-img-top",
                    "source": "Direct"
                  },
                  "groupElements": false
                },
                {
                  "name": "cardContainer",
                  "type": "Panel",
                  "package": "omniabasecomponents",
                  "cssStyle": {
                    "value": null,
                    "source": "Direct"
                  },
                  "elements": [
                    {
                      "name": "cardContainerTitle",
                      "type": "Panel",
                      "package": "omniabasecomponents",
                      "cssStyle": {
                        "value": null,
                        "source": "Direct"
                      },
                      "elements": [
                        {
                          "name": "cardContainerTitleText",
                          "type": "Text",
                          "package": "omniabasecomponents",
                          "cssStyle": {
                            "value": null,
                            "source": "Direct"
                          },
                          "elements": [],
                          "isHidden": {
                            "value": false,
                            "source": "Direct"
                          },
                          "attributes": [
                            {
                              "key": "value",
                              "value": {
                                "value": "refs._runQueryProduct.records[indexes._foreach]._name",
                                "source": "Binding"
                              }
                            }
                          ],
                          "behaviours": [],
                          "classesStyles": {
                            "value": "font-weight-bold",
                            "source": "Direct"
                          },
                          "groupElements": false
                        }
                      ],
                      "isHidden": {
                        "value": false,
                        "source": "Direct"
                      },
                      "attributes": [],
                      "behaviours": [],
                      "classesStyles": {
                        "value": null,
                        "source": "Direct"
                      },
                      "groupElements": false
                    },
                    {
                      "name": "cardContainerDescription",
                      "type": "Panel",
                      "package": "omniabasecomponents",
                      "cssStyle": {
                        "value": null,
                        "source": "Direct"
                      },
                      "elements": [
                        {
                          "name": "cardContainerDescriptionText",
                          "type": "Text",
                          "package": "omniabasecomponents",
                          "cssStyle": {
                            "value": null,
                            "source": "Direct"
                          },
                          "elements": [],
                          "isHidden": {
                            "value": "    return variables.name === 'Pedro';",
                            "source": "Expression"
                          },
                          "attributes": [
                            {
                              "key": "value",
                              "value": {
                                "value": "refs._runQueryProduct.records[indexes._foreach]._description",
                                "source": "Binding"
                              }
                            }
                          ],
                          "behaviours": [],
                          "classesStyles": {
                            "value": null,
                            "source": "Direct"
                          },
                          "groupElements": false
                        }
                      ],
                      "isHidden": {
                        "value": false,
                        "source": "Direct"
                      },
                      "attributes": [],
                      "behaviours": [],
                      "classesStyles": {
                        "value": null,
                        "source": "Direct"
                      },
                      "groupElements": false
                    },
                    {
                      "name": "cardContainerDescription_1",
                      "type": "Panel",
                      "package": "omniabasecomponents",
                      "cssStyle": {
                        "value": null,
                        "source": "Direct"
                      },
                      "elements": [
                        {
                          "name": "cardContainerDescriptionText_1",
                          "type": "Text",
                          "package": "omniabasecomponents",
                          "cssStyle": {
                            "value": null,
                            "source": "Direct"
                          },
                          "elements": [],
                          "isHidden": {
                            "value": "    return variables.name === 'Pedro';",
                            "source": "Expression"
                          },
                          "attributes": [
                            {
                              "key": "value",
                              "value": {
                                "value": "refs._runQueryProduct.records[indexes._foreach].colour",
                                "source": "Binding"
                              }
                            }
                          ],
                          "behaviours": [],
                          "classesStyles": {
                            "value": null,
                            "source": "Direct"
                          },
                          "groupElements": false
                        }
                      ],
                      "isHidden": {
                        "value": false,
                        "source": "Direct"
                      },
                      "attributes": [],
                      "behaviours": [],
                      "classesStyles": {
                        "value": null,
                        "source": "Direct"
                      },
                      "groupElements": false
                    }
                  ],
                  "isHidden": {
                    "value": false,
                    "source": "Direct"
                  },
                  "attributes": [],
                  "behaviours": [],
                  "classesStyles": {
                    "value": "card-body",
                    "source": "Direct"
                  },
                  "groupElements": false
                },
                {
                  "name": "cardfooter",
                  "type": "Panel",
                  "package": "omniabasecomponents",
                  "cssStyle": {
                    "value": "    border-bottom-left-radius: 25px;\r\n    border-bottom-right-radius: 25px;\r\n    border-top-left-radius: 0px !important;\r\n    border-top-right-radius: 0px !important;",
                    "source": "Direct"
                  },
                  "elements": [
                    {
                      "name": "cardfooterbutton",
                      "type": "Button",
                      "package": "omniabasecomponents",
                      "cssStyle": {
                        "value": "    border-bottom-left-radius: 25px;\r\n    border-bottom-right-radius: 25px;\r\n    border-top-left-radius: 0px !important;\r\n    border-top-right-radius: 0px !important;",
                        "source": "Direct"
                      },
                      "elements": [
                        {
                          "name": "buttonIcon",
                          "type": "Icon",
                          "package": "omniabasecomponents",
                          "cssStyle": {
                            "value": null,
                            "source": "Direct"
                          },
                          "elements": [],
                          "isHidden": {
                            "value": false,
                            "source": "Direct"
                          },
                          "attributes": [
                            {
                              "key": "value",
                              "value": {
                                "value": "font-awesome",
                                "source": "Direct"
                              }
                            }
                          ],
                          "behaviours": [],
                          "classesStyles": {
                            "value": "pt-1",
                            "source": "Direct"
                          },
                          "groupElements": false
                        },
                        {
                          "name": "buttonText",
                          "type": "Text",
                          "package": "omniabasecomponents",
                          "cssStyle": {
                            "value": null,
                            "source": "Direct"
                          },
                          "elements": [],
                          "isHidden": {
                            "value": false,
                            "source": "Direct"
                          },
                          "attributes": [
                            {
                              "key": "value",
                              "value": {
                                "value": "myText",
                                "source": "Direct"
                              }
                            }
                          ],
                          "behaviours": [],
                          "classesStyles": {
                            "value": null,
                            "source": "Direct"
                          },
                          "groupElements": false
                        }
                      ],
                      "isHidden": {
                        "value": false,
                        "source": "Direct"
                      },
                      "attributes": [
                        {
                          "key": "disabled",
                          "value": {
                            "value": false,
                            "source": "Direct"
                          }
                        }
                      ],
                      "behaviours": [
                        {
                          "name": "OnClick",
                          "expression": "    variables.name = \"João\""
                        }
                      ],
                      "classesStyles": {
                        "value": "w-100 btn btn-primary",
                        "source": "Direct"
                      },
                      "groupElements": true
                    }
                  ],
                  "isHidden": {
                    "value": false,
                    "source": "Direct"
                  },
                  "attributes": [],
                  "behaviours": [],
                  "classesStyles": {
                    "value": "card-footer row justify-content-md-center m-0 p-0",
                    "source": "Direct"
                  },
                  "groupElements": false
                }
              ],
              "isHidden": {
                "value": false,
                "source": "Direct"
              },
              "attributes": [],
              "behaviours": [],
              "classesStyles": {
                "value": "card col-3 ml-3 mb-3 p-0",
                "source": "Direct"
              },
              "groupElements": true
            }
          ],
          "isHidden": {
            "value": false,
            "source": "Direct"
          },
          "attributes": [
            {
              "key": "binding",
              "value": {
                "value": "refs._runQueryProduct.records",
                "source": "Binding"
              }
            }
          ],
          "behaviours": [],
          "classesStyles": {
            "value": null,
            "source": "Direct"
          },
          "groupElements": false
        }
      ],
      "isHidden": {
        "value": false,
        "source": "Direct"
      },
      "attributes": [
        {
          "key": "query",
          "value": {
            "value": "ProductQuery",
            "source": "Direct"
          }
        },
        {
          "key": "dataSource",
          "value": {
            "value": "Default",
            "source": "Direct"
          }
        },
        {
          "key": "parameters",
          "value": {
            "value": null,
            "source": "Direct"
          }
        },
        {
          "key": "filters",
          "value": {
            "value": null,
            "source": "Direct"
          }
        },
        {
          "key": "sorting",
          "value": {
            "value": null,
            "source": "Direct"
          }
        },
        {
          "key": "currentPage",
          "value": {
            "value": 1,
            "source": "Direct"
          }
        },
        {
          "key": "pageSize",
          "value": {
            "value": 25,
            "source": "Direct"
          }
        }
      ],
      "behaviours": [],
      "classesStyles": {
        "value": null,
        "source": "Direct"
      },
      "groupElements": false
    }
  ],
  "variables": [
    {
      "name": "Name",
      "type": {
        "kind": "Primitive",
        "value": "Text"
      },
      "description": "",
      "initialValue": "Manuel",
      "multiplicity": {
        "lower": 0,
        "upper": 1
      }
    }
  ],
  "behaviours": [],
  "description": "",
  "classesStyles": {
    "value": "p-4",
    "source": "Direct"
  },
  "urlParameters": []
}