{
  "name": "ManageReservation",
  "type": "Page",
  "styles": "",
  "scripts": "    getErrorText(value) {\n        switch (value.error) {\n            case 'EMPTY_REQUIRED':\n                return 'Required';\n            case 'INVALID_LOWER_LIMITE':\n                return `Lower limit of \\\"${value.limit}\\\" not respected`;\n            case 'INVALID_UPPER_LIMITE':\n                return `Upper limit of \\\"${value.limit}\\\" not respected`;\n            case 'MAXIMUM_LENGTH_INVALID':\n                return `Is too long to the defined length of ${value.length}`;\n            case 'MINIMUM_LENGTH_INVALID':\n                return `Must have at least ${value.length} characters`;\n            case 'INVALID_VALUE':\n            default:\n                return 'Invalid value';\n        };\n    }",
  "elements": [
    {
      "name": "meetingRoomForm",
      "type": "_entityForm",
      "package": "",
      "cssStyle": {
        "value": null,
        "source": "Direct"
      },
      "elements": [
        {
          "name": "LoaderPanel",
          "type": "Panel",
          "package": "omniabasecomponents",
          "cssStyle": {
            "value": null,
            "source": "Direct"
          },
          "elements": [
            {
              "name": "LoaderPanelInner",
              "type": "Panel",
              "package": "omniabasecomponents",
              "cssStyle": {
                "value": null,
                "source": "Direct"
              },
              "elements": [],
              "isHidden": {
                "value": "    return !variables.isLoading;",
                "source": "Expression"
              },
              "attributes": [],
              "behaviours": [],
              "classesStyles": {
                "value": "loader",
                "source": "Direct"
              },
              "groupElements": false
            }
          ],
          "isHidden": {
            "value": false,
            "source": "Direct"
          },
          "attributes": [],
          "behaviours": [],
          "classesStyles": {
            "value": "d-flex justify-content-center",
            "source": "Direct"
          },
          "groupElements": false
        },
        {
          "name": "FormPanel",
          "type": "Panel",
          "package": "omniabasecomponents",
          "cssStyle": {
            "value": null,
            "source": "Direct"
          },
          "elements": [
            {
              "name": "FormPanelInner",
              "type": "Panel",
              "package": "omniabasecomponents",
              "cssStyle": {
                "value": null,
                "source": "Direct"
              },
              "elements": [
                {
                  "name": "FormPanelRow0",
                  "type": "Panel",
                  "package": "omniabasecomponents",
                  "cssStyle": {
                    "value": null,
                    "source": "Direct"
                  },
                  "elements": [
                    {
                      "name": "_codePanel",
                      "type": "Panel",
                      "package": "omniabasecomponents",
                      "cssStyle": {
                        "value": null,
                        "source": "Direct"
                      },
                      "elements": [
                        {
                          "name": "_codeText",
                          "type": "Text",
                          "package": "omniabasecomponents",
                          "cssStyle": {
                            "value": null,
                            "source": "Direct"
                          },
                          "elements": [],
                          "isHidden": {
                            "value": false,
                            "source": "Direct"
                          },
                          "attributes": [
                            {
                              "key": "value",
                              "value": {
                                "value": "Code",
                                "source": "Direct"
                              }
                            }
                          ],
                          "behaviours": [],
                          "classesStyles": {
                            "value": "mb-2",
                            "source": "Direct"
                          },
                          "groupElements": false
                        },
                        {
                          "name": "_codeOptionalText",
                          "type": "Text",
                          "package": "omniabasecomponents",
                          "cssStyle": {
                            "value": "    color: #b4b4b4;\n    font-size: 0.75rem;",
                            "source": "Direct"
                          },
                          "elements": [],
                          "isHidden": {
                            "value": "refs.meetingRoomForm.attributes._code.isRequired",
                            "source": "Binding"
                          },
                          "attributes": [
                            {
                              "key": "value",
                              "value": {
                                "value": "(optional)",
                                "source": "Direct"
                              }
                            }
                          ],
                          "behaviours": [],
                          "classesStyles": {
                            "value": "ml-1",
                            "source": "Direct"
                          },
                          "groupElements": false
                        },
                        {
                          "name": "_codeInput",
                          "type": "Input",
                          "package": "omniabasecomponents",
                          "cssStyle": {
                            "value": null,
                            "source": "Direct"
                          },
                          "elements": [],
                          "isHidden": {
                            "value": false,
                            "source": "Direct"
                          },
                          "attributes": [
                            {
                              "key": "value",
                              "value": {
                                "value": "refs.meetingRoomForm.data._code.value",
                                "source": "Binding"
                              }
                            },
                            {
                              "key": "readOnly",
                              "value": {
                                "value": true,
                                "source": "Direct"
                              }
                            }
                          ],
                          "behaviours": [],
                          "classesStyles": {
                            "value": "form-field-text form-control",
                            "source": "Direct"
                          },
                          "groupElements": false
                        },
                        {
                          "name": "_codeErrorForEach",
                          "type": "_foreach",
                          "package": "",
                          "cssStyle": {
                            "value": null,
                            "source": "Direct"
                          },
                          "elements": [
                            {
                              "name": "_codeErrorText",
                              "type": "Text",
                              "package": "omniabasecomponents",
                              "cssStyle": {
                                "value": null,
                                "source": "Direct"
                              },
                              "elements": [],
                              "isHidden": {
                                "value": false,
                                "source": "Direct"
                              },
                              "attributes": [
                                {
                                  "key": "value",
                                  "value": {
                                    "value": "    return scripts.getErrorText(currentElement);",
                                    "source": "Expression"
                                  }
                                }
                              ],
                              "behaviours": [],
                              "classesStyles": {
                                "value": "text-danger",
                                "source": "Direct"
                              },
                              "groupElements": false
                            }
                          ],
                          "isHidden": {
                            "value": "    return !(variables.showErrors || refs?.meetingRoomForm?.data?._code?.wasChanged);",
                            "source": "Expression"
                          },
                          "attributes": [
                            {
                              "key": "binding",
                              "value": {
                                "value": "refs.meetingRoomForm.data._code.errors",
                                "source": "Binding"
                              }
                            }
                          ],
                          "behaviours": [],
                          "classesStyles": {
                            "value": null,
                            "source": "Direct"
                          },
                          "groupElements": false
                        }
                      ],
                      "isHidden": {
                        "value": false,
                        "source": "Direct"
                      },
                      "attributes": [],
                      "behaviours": [],
                      "classesStyles": {
                        "value": "col-md-12 mb-2",
                        "source": "Direct"
                      },
                      "groupElements": false
                    }
                  ],
                  "isHidden": {
                    "value": false,
                    "source": "Direct"
                  },
                  "attributes": [],
                  "behaviours": [],
                  "classesStyles": {
                    "value": "row",
                    "source": "Direct"
                  },
                  "groupElements": false
                },
                {
                  "name": "FormPanelRow1",
                  "type": "Panel",
                  "package": "omniabasecomponents",
                  "cssStyle": {
                    "value": null,
                    "source": "Direct"
                  },
                  "elements": [
                    {
                      "name": "_descriptionPanel",
                      "type": "Panel",
                      "package": "omniabasecomponents",
                      "cssStyle": {
                        "value": null,
                        "source": "Direct"
                      },
                      "elements": [
                        {
                          "name": "_descriptionText",
                          "type": "Text",
                          "package": "omniabasecomponents",
                          "cssStyle": {
                            "value": null,
                            "source": "Direct"
                          },
                          "elements": [],
                          "isHidden": {
                            "value": false,
                            "source": "Direct"
                          },
                          "attributes": [
                            {
                              "key": "value",
                              "value": {
                                "value": "Description",
                                "source": "Direct"
                              }
                            }
                          ],
                          "behaviours": [],
                          "classesStyles": {
                            "value": "mb-2",
                            "source": "Direct"
                          },
                          "groupElements": false
                        },
                        {
                          "name": "_descriptionOptionalText",
                          "type": "Text",
                          "package": "omniabasecomponents",
                          "cssStyle": {
                            "value": "    color: #b4b4b4;\n    font-size: 0.75rem;",
                            "source": "Direct"
                          },
                          "elements": [],
                          "isHidden": {
                            "value": "refs.meetingRoomForm.attributes._description.isRequired",
                            "source": "Binding"
                          },
                          "attributes": [
                            {
                              "key": "value",
                              "value": {
                                "value": "(optional)",
                                "source": "Direct"
                              }
                            }
                          ],
                          "behaviours": [],
                          "classesStyles": {
                            "value": "ml-1",
                            "source": "Direct"
                          },
                          "groupElements": false
                        },
                        {
                          "name": "_descriptionInput",
                          "type": "Input",
                          "package": "omniabasecomponents",
                          "cssStyle": {
                            "value": null,
                            "source": "Direct"
                          },
                          "elements": [],
                          "isHidden": {
                            "value": false,
                            "source": "Direct"
                          },
                          "attributes": [
                            {
                              "key": "value",
                              "value": {
                                "value": "refs.meetingRoomForm.data._description.value",
                                "source": "Binding"
                              }
                            },
                            {
                              "key": "readOnly",
                              "value": {
                                "value": true,
                                "source": "Direct"
                              }
                            }
                          ],
                          "behaviours": [],
                          "classesStyles": {
                            "value": "form-field-text form-control",
                            "source": "Direct"
                          },
                          "groupElements": false
                        },
                        {
                          "name": "_descriptionErrorForEach",
                          "type": "_foreach",
                          "package": "",
                          "cssStyle": {
                            "value": null,
                            "source": "Direct"
                          },
                          "elements": [
                            {
                              "name": "_descriptionErrorText",
                              "type": "Text",
                              "package": "omniabasecomponents",
                              "cssStyle": {
                                "value": null,
                                "source": "Direct"
                              },
                              "elements": [],
                              "isHidden": {
                                "value": false,
                                "source": "Direct"
                              },
                              "attributes": [
                                {
                                  "key": "value",
                                  "value": {
                                    "value": "    return scripts.getErrorText(currentElement);",
                                    "source": "Expression"
                                  }
                                }
                              ],
                              "behaviours": [],
                              "classesStyles": {
                                "value": "text-danger",
                                "source": "Direct"
                              },
                              "groupElements": false
                            }
                          ],
                          "isHidden": {
                            "value": "    return !(variables.showErrors || refs?.meetingRoomForm?.data?._description?.wasChanged);",
                            "source": "Expression"
                          },
                          "attributes": [
                            {
                              "key": "binding",
                              "value": {
                                "value": "refs.meetingRoomForm.data._description.errors",
                                "source": "Binding"
                              }
                            }
                          ],
                          "behaviours": [],
                          "classesStyles": {
                            "value": null,
                            "source": "Direct"
                          },
                          "groupElements": false
                        }
                      ],
                      "isHidden": {
                        "value": false,
                        "source": "Direct"
                      },
                      "attributes": [],
                      "behaviours": [],
                      "classesStyles": {
                        "value": "col-md-12 mb-2",
                        "source": "Direct"
                      },
                      "groupElements": false
                    }
                  ],
                  "isHidden": {
                    "value": false,
                    "source": "Direct"
                  },
                  "attributes": [],
                  "behaviours": [],
                  "classesStyles": {
                    "value": "row",
                    "source": "Direct"
                  },
                  "groupElements": false
                },
                {
                  "name": "FormPanelRow2",
                  "type": "Panel",
                  "package": "omniabasecomponents",
                  "cssStyle": {
                    "value": null,
                    "source": "Direct"
                  },
                  "elements": [
                    {
                      "name": "floorPanel",
                      "type": "Panel",
                      "package": "omniabasecomponents",
                      "cssStyle": {
                        "value": null,
                        "source": "Direct"
                      },
                      "elements": [
                        {
                          "name": "floorText",
                          "type": "Text",
                          "package": "omniabasecomponents",
                          "cssStyle": {
                            "value": null,
                            "source": "Direct"
                          },
                          "elements": [],
                          "isHidden": {
                            "value": false,
                            "source": "Direct"
                          },
                          "attributes": [
                            {
                              "key": "value",
                              "value": {
                                "value": "Floor",
                                "source": "Direct"
                              }
                            }
                          ],
                          "behaviours": [],
                          "classesStyles": {
                            "value": "mb-2",
                            "source": "Direct"
                          },
                          "groupElements": false
                        },
                        {
                          "name": "floorOptionalText",
                          "type": "Text",
                          "package": "omniabasecomponents",
                          "cssStyle": {
                            "value": "    color: #b4b4b4;\n    font-size: 0.75rem;",
                            "source": "Direct"
                          },
                          "elements": [],
                          "isHidden": {
                            "value": "refs.meetingRoomForm.attributes.floor.isRequired",
                            "source": "Binding"
                          },
                          "attributes": [
                            {
                              "key": "value",
                              "value": {
                                "value": "(optional)",
                                "source": "Direct"
                              }
                            }
                          ],
                          "behaviours": [],
                          "classesStyles": {
                            "value": "ml-1",
                            "source": "Direct"
                          },
                          "groupElements": false
                        },
                        {
                          "name": "floorInput",
                          "type": "InputInteger",
                          "package": "omniabasecomponents",
                          "cssStyle": {
                            "value": null,
                            "source": "Direct"
                          },
                          "elements": [],
                          "isHidden": {
                            "value": false,
                            "source": "Direct"
                          },
                          "attributes": [
                            {
                              "key": "minimumValue",
                              "value": {
                                "value": null,
                                "source": "Direct"
                              }
                            },
                            {
                              "key": "maximumValue",
                              "value": {
                                "value": null,
                                "source": "Direct"
                              }
                            },
                            {
                              "key": "value",
                              "value": {
                                "value": "refs.meetingRoomForm.data.floor.value",
                                "source": "Binding"
                              }
                            },
                            {
                              "key": "readOnly",
                              "value": {
                                "value": true,
                                "source": "Direct"
                              }
                            }
                          ],
                          "behaviours": [],
                          "classesStyles": {
                            "value": "form-field-text form-control",
                            "source": "Direct"
                          },
                          "groupElements": false
                        },
                        {
                          "name": "floorErrorForEach",
                          "type": "_foreach",
                          "package": "",
                          "cssStyle": {
                            "value": null,
                            "source": "Direct"
                          },
                          "elements": [
                            {
                              "name": "floorErrorText",
                              "type": "Text",
                              "package": "omniabasecomponents",
                              "cssStyle": {
                                "value": null,
                                "source": "Direct"
                              },
                              "elements": [],
                              "isHidden": {
                                "value": false,
                                "source": "Direct"
                              },
                              "attributes": [
                                {
                                  "key": "value",
                                  "value": {
                                    "value": "    return scripts.getErrorText(currentElement);",
                                    "source": "Expression"
                                  }
                                }
                              ],
                              "behaviours": [],
                              "classesStyles": {
                                "value": "text-danger",
                                "source": "Direct"
                              },
                              "groupElements": false
                            }
                          ],
                          "isHidden": {
                            "value": "    return !(variables.showErrors || refs?.meetingRoomForm?.data?.floor?.wasChanged);",
                            "source": "Expression"
                          },
                          "attributes": [
                            {
                              "key": "binding",
                              "value": {
                                "value": "refs.meetingRoomForm.data.floor.errors",
                                "source": "Binding"
                              }
                            }
                          ],
                          "behaviours": [],
                          "classesStyles": {
                            "value": null,
                            "source": "Direct"
                          },
                          "groupElements": false
                        }
                      ],
                      "isHidden": {
                        "value": false,
                        "source": "Direct"
                      },
                      "attributes": [],
                      "behaviours": [],
                      "classesStyles": {
                        "value": "col-md-12 mb-2",
                        "source": "Direct"
                      },
                      "groupElements": false
                    }
                  ],
                  "isHidden": {
                    "value": false,
                    "source": "Direct"
                  },
                  "attributes": [],
                  "behaviours": [],
                  "classesStyles": {
                    "value": "row",
                    "source": "Direct"
                  },
                  "groupElements": false
                },
                {
                  "name": "FormPanelRow3",
                  "type": "Panel",
                  "package": "omniabasecomponents",
                  "cssStyle": {
                    "value": null,
                    "source": "Direct"
                  },
                  "elements": [
                    {
                      "name": "reservedByPanel",
                      "type": "Panel",
                      "package": "omniabasecomponents",
                      "cssStyle": {
                        "value": null,
                        "source": "Direct"
                      },
                      "elements": [
                        {
                          "name": "reservedByText",
                          "type": "Text",
                          "package": "omniabasecomponents",
                          "cssStyle": {
                            "value": null,
                            "source": "Direct"
                          },
                          "elements": [],
                          "isHidden": {
                            "value": false,
                            "source": "Direct"
                          },
                          "attributes": [
                            {
                              "key": "value",
                              "value": {
                                "value": "ReservedBy",
                                "source": "Direct"
                              }
                            }
                          ],
                          "behaviours": [],
                          "classesStyles": {
                            "value": "mb-2",
                            "source": "Direct"
                          },
                          "groupElements": false
                        },
                        {
                          "name": "reservedByOptionalText",
                          "type": "Text",
                          "package": "omniabasecomponents",
                          "cssStyle": {
                            "value": "    color: #b4b4b4;\n    font-size: 0.75rem;",
                            "source": "Direct"
                          },
                          "elements": [],
                          "isHidden": {
                            "value": "refs.meetingRoomForm.attributes.reservedBy.isRequired",
                            "source": "Binding"
                          },
                          "attributes": [
                            {
                              "key": "value",
                              "value": {
                                "value": "(optional)",
                                "source": "Direct"
                              }
                            }
                          ],
                          "behaviours": [],
                          "classesStyles": {
                            "value": "ml-1",
                            "source": "Direct"
                          },
                          "groupElements": false
                        },
                        {
                          "name": "reservedByLookUpPanel",
                          "type": "Panel",
                          "package": "omniabasecomponents",
                          "cssStyle": {
                            "value": null,
                            "source": "Direct"
                          },
                          "elements": [
                            {
                              "name": "reservedByLookUpButtonPanel",
                              "type": "Panel",
                              "package": "omniabasecomponents",
                              "cssStyle": {
                                "value": null,
                                "source": "Direct"
                              },
                              "elements": [
                                {
                                  "name": "reservedByLookUpButton",
                                  "type": "Button",
                                  "package": "omniabasecomponents",
                                  "cssStyle": {
                                    "value": "    border-color: #ced4da;",
                                    "source": "Direct"
                                  },
                                  "elements": [
                                    {
                                      "name": "reservedByLookUpButtonIcon",
                                      "type": "Icon",
                                      "package": "omniabasecomponents",
                                      "cssStyle": {
                                        "value": null,
                                        "source": "Direct"
                                      },
                                      "elements": [],
                                      "isHidden": {
                                        "value": false,
                                        "source": "Direct"
                                      },
                                      "attributes": [
                                        {
                                          "key": "value",
                                          "value": {
                                            "value": "search",
                                            "source": "Direct"
                                          }
                                        }
                                      ],
                                      "behaviours": [],
                                      "classesStyles": {
                                        "value": "w-100 pt-1",
                                        "source": "Direct"
                                      },
                                      "groupElements": false
                                    }
                                  ],
                                  "isHidden": {
                                    "value": false,
                                    "source": "Direct"
                                  },
                                  "attributes": [
                                    {
                                      "key": "disabled",
                                      "value": {
                                        "value": "return refs.meetingRoomForm.data._state.value !== \"Available\";",
                                        "source": "Expression"
                                      }
                                    }
                                  ],
                                  "behaviours": [
                                    {
                                      "name": "OnClick",
                                      "expression": "    context.uiTools.openModal({\n        type: \"list\",\n        name: \"EmployeeList\",\n        size: \"medium\",\n        onClose: (result, args) => {\n            if (result == 'Selected')\n                refs.meetingRoomForm.data.reservedBy.value = args._code;\n        },\n    });"
                                    }
                                  ],
                                  "classesStyles": {
                                    "value": "btn btn-outline-secondary",
                                    "source": "Direct"
                                  },
                                  "groupElements": true
                                }
                              ],
                              "isHidden": {
                                "value": "refs.meetingRoomForm.data.reservedBy.isReadOnly",
                                "source": "Binding"
                              },
                              "attributes": [],
                              "behaviours": [],
                              "classesStyles": {
                                "value": "input-group-prepend",
                                "source": "Direct"
                              },
                              "groupElements": false
                            },
                            {
                              "name": "reservedByLookUpInput",
                              "type": "Input",
                              "package": "omniabasecomponents",
                              "cssStyle": {
                                "value": null,
                                "source": "Direct"
                              },
                              "elements": [],
                              "isHidden": {
                                "value": false,
                                "source": "Direct"
                              },
                              "attributes": [
                                {
                                  "key": "readOnly",
                                  "value": {
                                    "value": "    return refs.meetingRoomForm.data._state.value !== \"Available\";",
                                    "source": "Expression"
                                  }
                                },
                                {
                                  "key": "value",
                                  "value": {
                                    "value": "refs.meetingRoomForm.data.reservedBy.value",
                                    "source": "Binding"
                                  }
                                }
                              ],
                              "behaviours": [],
                              "classesStyles": {
                                "value": "form-field-text form-control",
                                "source": "Direct"
                              },
                              "groupElements": false
                            }
                          ],
                          "isHidden": {
                            "value": false,
                            "source": "Direct"
                          },
                          "attributes": [],
                          "behaviours": [],
                          "classesStyles": {
                            "value": "input-group",
                            "source": "Direct"
                          },
                          "groupElements": true
                        },
                        {
                          "name": "reservedByErrorForEach",
                          "type": "_foreach",
                          "package": "",
                          "cssStyle": {
                            "value": null,
                            "source": "Direct"
                          },
                          "elements": [
                            {
                              "name": "reservedByErrorText",
                              "type": "Text",
                              "package": "omniabasecomponents",
                              "cssStyle": {
                                "value": null,
                                "source": "Direct"
                              },
                              "elements": [],
                              "isHidden": {
                                "value": false,
                                "source": "Direct"
                              },
                              "attributes": [
                                {
                                  "key": "value",
                                  "value": {
                                    "value": "    return scripts.getErrorText(currentElement);",
                                    "source": "Expression"
                                  }
                                }
                              ],
                              "behaviours": [],
                              "classesStyles": {
                                "value": "text-danger",
                                "source": "Direct"
                              },
                              "groupElements": false
                            }
                          ],
                          "isHidden": {
                            "value": "    return !(variables.showErrors || refs?.meetingRoomForm?.data?.reservedBy?.wasChanged);",
                            "source": "Expression"
                          },
                          "attributes": [
                            {
                              "key": "binding",
                              "value": {
                                "value": "refs.meetingRoomForm.data.reservedBy.errors",
                                "source": "Binding"
                              }
                            }
                          ],
                          "behaviours": [],
                          "classesStyles": {
                            "value": null,
                            "source": "Direct"
                          },
                          "groupElements": false
                        }
                      ],
                      "isHidden": {
                        "value": false,
                        "source": "Direct"
                      },
                      "attributes": [],
                      "behaviours": [],
                      "classesStyles": {
                        "value": "col-md-12 mb-2",
                        "source": "Direct"
                      },
                      "groupElements": false
                    }
                  ],
                  "isHidden": {
                    "value": false,
                    "source": "Direct"
                  },
                  "attributes": [],
                  "behaviours": [],
                  "classesStyles": {
                    "value": "row",
                    "source": "Direct"
                  },
                  "groupElements": false
                },
                {
                  "name": "footer",
                  "type": "Panel",
                  "package": "omniabasecomponents",
                  "cssStyle": {
                    "value": null,
                    "source": "Direct"
                  },
                  "elements": [
                    {
                      "name": "footerMoreOptionsPanel",
                      "type": "Panel",
                      "package": "omniabasecomponents",
                      "cssStyle": {
                        "value": "padding-left: 0px;",
                        "source": "Direct"
                      },
                      "elements": [
                        {
                          "name": "footerButton",
                          "type": "Button",
                          "package": "omniabasecomponents",
                          "cssStyle": {
                            "value": null,
                            "source": "Direct"
                          },
                          "elements": [
                            {
                              "name": "footerButtonText",
                              "type": "Text",
                              "package": "omniabasecomponents",
                              "cssStyle": {
                                "value": null,
                                "source": "Direct"
                              },
                              "elements": [],
                              "isHidden": {
                                "value": false,
                                "source": "Direct"
                              },
                              "attributes": [
                                {
                                  "key": "value",
                                  "value": {
                                    "value": "Close",
                                    "source": "Direct"
                                  }
                                }
                              ],
                              "behaviours": [],
                              "classesStyles": {
                                "value": null,
                                "source": "Direct"
                              },
                              "groupElements": false
                            }
                          ],
                          "isHidden": {
                            "value": false,
                            "source": "Direct"
                          },
                          "attributes": [
                            {
                              "key": "disabled",
                              "value": {
                                "value": null,
                                "source": "Direct"
                              }
                            }
                          ],
                          "behaviours": [
                            {
                              "name": "OnClick",
                              "expression": "    context.uiTools.closeModal(context.uiTools.modalParameters.id);"
                            }
                          ],
                          "classesStyles": {
                            "value": "d-inline-flex btn btn-outline-secondary",
                            "source": "Direct"
                          },
                          "groupElements": true
                        }
                      ],
                      "isHidden": {
                        "value": false,
                        "source": "Direct"
                      },
                      "attributes": [],
                      "behaviours": [],
                      "classesStyles": {
                        "value": "col",
                        "source": "Direct"
                      },
                      "groupElements": false
                    },
                    {
                      "name": "footerStateMachinePanel",
                      "type": "Panel",
                      "package": "omniabasecomponents",
                      "cssStyle": {
                        "value": "padding-right: 0px;",
                        "source": "Direct"
                      },
                      "elements": [
                        {
                          "name": "stateMachineMainDecisionButton",
                          "type": "Button",
                          "package": "omniabasecomponents",
                          "cssStyle": {
                            "value": "    return (variables?.decisions?.length ?? 0) > 0 ? '    border-top-right-radius: 0;border-bottom-right-radius: 0;' : ''",
                            "source": "Expression"
                          },
                          "elements": [
                            {
                              "name": "stateMachineMainDecisionText",
                              "type": "Text",
                              "package": "omniabasecomponents",
                              "cssStyle": {
                                "value": null,
                                "source": "Direct"
                              },
                              "elements": [],
                              "isHidden": {
                                "value": false,
                                "source": "Direct"
                              },
                              "attributes": [
                                {
                                  "key": "value",
                                  "value": {
                                    "value": "    return variables?.mainDecision?.label;",
                                    "source": "Expression"
                                  }
                                }
                              ],
                              "behaviours": [],
                              "classesStyles": {
                                "value": null,
                                "source": "Direct"
                              },
                              "groupElements": false
                            }
                          ],
                          "isHidden": {
                            "value": "    return (refs?.meetingRoomForm?.state?.decisions?.length ?? 0) === 0;",
                            "source": "Expression"
                          },
                          "attributes": [
                            {
                              "key": "disabled",
                              "value": {
                                "value": false,
                                "source": "Direct"
                              }
                            }
                          ],
                          "behaviours": [
                            {
                              "name": "OnClick",
                              "expression": "    if(refs.meetingRoomForm.data._state.value === \"Available\" && !refs.meetingRoomForm.data.reservedBy.value){\r\n        refs.meetingRoomForm.data.reservedBy.errors.push({error: \"EMPTY_REQUIRED\"});\r\n        refs.meetingRoomForm.hasErrors = true;\r\n    }\r\n        \r\n    if (!refs.meetingRoomForm?.hasErrors) {\r\n        const state = variables?.mainDecision;\r\n        if(!state)\r\n            return;\r\n        \r\n        const commentType = state.commentType?.toLowerCase();\r\n        if (commentType === 'none')\r\n            refs?.meetingRoomForm?.save(state.name);\r\n        else {\r\n            context.uiTools.openModal({\r\n                type: \"inputMessage\",\r\n                title: `Add a comment to the decision made: ${state.name}`,\r\n                inputMessageConfiguration: {\r\n                    label: 'Comment',\r\n                    require: commentType === 'required',\r\n                },\r\n                onClose: (result, args) => {\r\n                    if (result)\r\n                        refs?.meetingRoomForm?.save(state.name, args);\r\n                },\r\n            });\r\n        }\r\n    } else {\r\n        variables.showErrors = true;\r\n        context.uiTools.showToast(context.uiTools.toastStyle.ERROR, \"\", \"One or more fields have errors.\");\r\n    }"
                            }
                          ],
                          "classesStyles": {
                            "value": "btn btn-primary",
                            "source": "Direct"
                          },
                          "groupElements": true
                        },
                        {
                          "name": "stateMachineMainDropdownButton",
                          "type": "Button",
                          "package": "omniabasecomponents",
                          "cssStyle": {
                            "value": "border-top-left-radius:0; border-bottom-left-radius:0;",
                            "source": "Direct"
                          },
                          "elements": [
                            {
                              "name": "stateMachineMainDropdownButtonIcon",
                              "type": "Icon",
                              "package": "omniabasecomponents",
                              "cssStyle": {
                                "value": null,
                                "source": "Direct"
                              },
                              "elements": [],
                              "isHidden": {
                                "value": false,
                                "source": "Direct"
                              },
                              "attributes": [
                                {
                                  "key": "value",
                                  "value": {
                                    "value": "caret-up",
                                    "source": "Direct"
                                  }
                                }
                              ],
                              "behaviours": [],
                              "classesStyles": {
                                "value": "w-100 pt-1",
                                "source": "Direct"
                              },
                              "groupElements": false
                            }
                          ],
                          "isHidden": {
                            "value": "    return (variables?.decisions?.length ?? 0 ) === 0;",
                            "source": "Expression"
                          },
                          "attributes": [
                            {
                              "key": "disabled",
                              "value": {
                                "value": false,
                                "source": "Direct"
                              }
                            }
                          ],
                          "behaviours": [
                            {
                              "name": "OnClick",
                              "expression": "    variables._stateMachineDropDownOpen = !variables._stateMachineDropDownOpen;"
                            }
                          ],
                          "classesStyles": {
                            "value": "btn btn-primary",
                            "source": "Direct"
                          },
                          "groupElements": true
                        },
                        {
                          "name": "stateMachineMainDropdownPanel",
                          "type": "Panel",
                          "package": "omniabasecomponents",
                          "cssStyle": {
                            "value": "    return `\r\ndisplay: ${variables._stateMachineDropDownOpen ? 'block' : 'none'};\r\nposition: absolute;\r\nbox-shadow: rgba(0, 0, 0, 0.2) 0px 8px 16px 0px;\r\nz-index: 1;\r\nwidth: 100%;\r\nright: 15px;\r\ntop: -${ 40 * (variables?.decisions?.length ?? 0) }px;\r\n`",
                            "source": "Expression"
                          },
                          "elements": [
                            {
                              "name": "stateMachineDecisionForEach",
                              "type": "_foreach",
                              "package": "",
                              "cssStyle": {
                                "value": null,
                                "source": "Direct"
                              },
                              "elements": [
                                {
                                  "name": "btnStateMachineButtonsButton",
                                  "type": "Button",
                                  "package": "omniabasecomponents",
                                  "cssStyle": {
                                    "value": "width:100%; text-align:left;",
                                    "source": "Direct"
                                  },
                                  "elements": [
                                    {
                                      "name": "stateMachineButtonTextText",
                                      "type": "Text",
                                      "package": "omniabasecomponents",
                                      "cssStyle": {
                                        "value": null,
                                        "source": "Direct"
                                      },
                                      "elements": [],
                                      "isHidden": {
                                        "value": false,
                                        "source": "Direct"
                                      },
                                      "attributes": [
                                        {
                                          "key": "value",
                                          "value": {
                                            "value": "    return currentElement?.label;",
                                            "source": "Expression"
                                          }
                                        }
                                      ],
                                      "behaviours": [],
                                      "classesStyles": {
                                        "value": null,
                                        "source": "Direct"
                                      },
                                      "groupElements": false
                                    }
                                  ],
                                  "isHidden": {
                                    "value": false,
                                    "source": "Direct"
                                  },
                                  "attributes": [
                                    {
                                      "key": "disabled",
                                      "value": {
                                        "value": false,
                                        "source": "Direct"
                                      }
                                    }
                                  ],
                                  "behaviours": [
                                    {
                                      "name": "OnClick",
                                      "expression": "    variables._stateMachineDropDownOpen = false;\r\n    if (!refs.meetingRoomForm?.hasErrors) {\r\n        const commentType = currentElement?.commentType?.toLowerCase();\r\n        if (commentType === 'none')\r\n            refs?.meetingRoomForm?.save(currentElement.name);\r\n        else {\r\n            context.uiTools.openModal({\r\n                type: \"inputMessage\",\r\n                title: `Add a comment to the decision made: ${currentElement.name}`,\r\n                inputMessageConfiguration: {\r\n                    label: 'Comment',\r\n                    require: commentType === 'required',\r\n                },\r\n                onClose: (result, args) => {\r\n                    if (result)\r\n                        refs?.meetingRoomForm?.save(currentElement.name, args);\r\n                },\r\n            });\r\n        }\r\n    } else {\r\n        variables.showErrors = true;\r\n        context.uiTools.showToast(context.uiTools.toastStyle.ERROR, \"\", \"One or more fields have errors.\");\r\n    }"
                                    }
                                  ],
                                  "classesStyles": {
                                    "value": "btn btn-light",
                                    "source": "Direct"
                                  },
                                  "groupElements": true
                                }
                              ],
                              "isHidden": {
                                "value": false,
                                "source": "Direct"
                              },
                              "attributes": [
                                {
                                  "key": "binding",
                                  "value": {
                                    "value": "variables.decisions",
                                    "source": "Binding"
                                  }
                                }
                              ],
                              "behaviours": [],
                              "classesStyles": {
                                "value": null,
                                "source": "Direct"
                              },
                              "groupElements": false
                            }
                          ],
                          "isHidden": {
                            "value": false,
                            "source": "Direct"
                          },
                          "attributes": [],
                          "behaviours": [],
                          "classesStyles": {
                            "value": null,
                            "source": "Direct"
                          },
                          "groupElements": false
                        }
                      ],
                      "isHidden": {
                        "value": "    return !refs?.meetingRoomForm?.state?.decisions?.length > 0 || !refs?.meetingRoomForm?.security?.canWrite;",
                        "source": "Expression"
                      },
                      "attributes": [],
                      "behaviours": [],
                      "classesStyles": {
                        "value": "col-auto pl-1",
                        "source": "Direct"
                      },
                      "groupElements": false
                    }
                  ],
                  "isHidden": {
                    "value": "variables.isLoading",
                    "source": "Binding"
                  },
                  "attributes": [],
                  "behaviours": [],
                  "classesStyles": {
                    "value": "row justify-content-md-end m-0 pt-3 mt-3 border-top",
                    "source": "Direct"
                  },
                  "groupElements": false
                }
              ],
              "isHidden": {
                "value": "variables.isLoading",
                "source": "Binding"
              },
              "attributes": [],
              "behaviours": [],
              "classesStyles": {
                "value": "col-12",
                "source": "Direct"
              },
              "groupElements": false
            }
          ],
          "isHidden": {
            "value": false,
            "source": "Direct"
          },
          "attributes": [],
          "behaviours": [],
          "classesStyles": {
            "value": "pt-3",
            "source": "Direct"
          },
          "groupElements": false
        }
      ],
      "isHidden": {
        "value": false,
        "source": "Direct"
      },
      "attributes": [
        {
          "key": "definition",
          "value": {
            "value": "MeetingRoom",
            "source": "Direct"
          }
        },
        {
          "key": "useTemporary",
          "value": {
            "value": true,
            "source": "Direct"
          }
        },
        {
          "key": "code",
          "value": {
            "value": "urlParameters.code",
            "source": "Binding"
          }
        },
        {
          "key": "dataSource",
          "value": {
            "value": "Default",
            "source": "Direct"
          }
        }
      ],
      "behaviours": [
        {
          "name": "OnSaveError",
          "expression": "    variables.isLoading = false;\n    context.uiTools.showToast(context.uiTools.toastStyle.ERROR,\"Error while saving\", params[0].message);"
        },
        {
          "name": "OnSave",
          "expression": "    const newIdentifier = params && params.length > 0 ? params[0] : '';\n    const afterSaveMessage = refs?.meetingRoomForm?.hasAfterSave ? ' An additional operation will be triggered in the next few moments.' : '';\n    const toastStyle = afterSaveMessage ? context.uiTools.toastStyle.INFO : context.uiTools.toastStyle.SUCCESS;\n    context.uiTools.showToast(toastStyle, 'MeetingRoom', `MeetingRoom with code \\\"${newIdentifier}\\\" saved successfully.${afterSaveMessage}`);\n    context.uiTools.resetHasChanges();\n    if (context.uiTools.isModal) {\n        context.uiTools.closeModal(context.uiTools.modalParameters.id);\n    } else {\n        if (variables && variables.redirectTo)\n            context.redirectToApplicationAddress(variables.redirectTo);\n        else\n            context.redirectToApplicationAddress('/');\n    }"
        },
        {
          "name": "OnDeleteError",
          "expression": "    context.uiTools.showToast(context.uiTools.toastStyle.ERROR,\"Error while deleting\", params[0].message);"
        },
        {
          "name": "OnDestroySensitiveData",
          "expression": "    const toastStyle = context.uiTools.toastStyle.SUCCESS;\r\n    context.uiTools.showToast(toastStyle, 'MeetingRoom', `MeetingRoom with code \\\"${urlParameters.code}\\\" destroyed successfully.`);\r\n    context.uiTools.resetHasChanges();\r\n    if (variables && variables.redirectTo)\r\n        context.redirectToApplicationAddress(variables.redirectTo);\r\n    else\r\n        context.redirectToApplicationAddress('/');"
        },
        {
          "name": "OnDestroySensitiveDataError",
          "expression": "    context.uiTools.showToast(context.uiTools.toastStyle.ERROR,\"Error while destroying data\", params[0].message);"
        },
        {
          "name": "OnDelete",
          "expression": "    context.uiTools.showToast(context.uiTools.toastStyle.SUCCESS, 'MeetingRoom', `MeetingRoom with code \"${refs?.meetingRoomForm?.data?._code?.value}\" deleted successfully.`);\r\n    context.uiTools.resetHasChanges();\r\n    if(variables && variables.redirectTo)\r\n        context.redirectToApplicationAddress(variables.redirectTo);\r\n    else\r\n        context.redirectToApplicationAddress('/');"
        },
        {
          "name": "OnLoad",
          "expression": "    variables.isLoading = false;\n    const decisions = refs?.meetingRoomForm?.state?.decisions.sort((a,b) => a.order - b.order);\n    variables.canDelete = (!refs?.meetingRoomForm?.state?.disableOperations || refs?.meetingRoomForm?.state?.enabledOperations?.find(operation => operation.path === '' && operation.type === 'Delete')) &&  !refs?.meetingRoomForm?.newInstance  && refs?.meetingRoomForm?.security?.canDelete;\n    variables.canDestroy = refs?.meetingRoomForm?.hasSensitiveData && !refs?.meetingRoomForm?.newInstance && refs?.meetingRoomForm?.security?.canDestroy;\n    if(decisions?.length > 0){\n        variables.mainDecision = decisions[0];\n        variables.decisions = decisions?.slice(1);\n    }\n    if (refs?.meetingRoomForm?.data?._state?.value)\n        context.uiTools.setPageTitle(refs?.meetingRoomForm?.attributes?._state?.entries?.find(key => key.key === refs?.meetingRoomForm?.data?._state?.value)?.label ?? refs?.meetingRoomForm?.data?._state?.value);\n        \n    if (refs.meetingRoomForm.data._state.value === \"Available\")\n        refs.meetingRoomForm.attributes.reservedBy.isRequired = true;"
        },
        {
          "name": "OnLoadError",
          "expression": "    variables.isLoading = false;\r\n    context.uiTools.showToast(context.uiTools.toastStyle.ERROR, `Error loading ${urlParameters.code} of MeetingRoom`, params.length > 0 ? params[0]?.message : '', false);"
        },
        {
          "name": "OnUpdateData",
          "expression": "    context.uiTools.setHasChanges();"
        },
        {
          "name": "OnUpdateDataError",
          "expression": "    variables.isLoading = false;\r\n    context.uiTools.showToast(context.uiTools.toastStyle.ERROR, `Error updating ${urlParameters.code} of MeetingRoom`, params.length > 0 ? params[0]?.message : '', false);"
        }
      ],
      "classesStyles": {
        "value": null,
        "source": "Direct"
      },
      "groupElements": false
    }
  ],
  "variables": [
    {
      "name": "redirectTo",
      "type": {
        "kind": "Primitive",
        "value": "Text"
      },
      "description": "",
      "initialValue": "",
      "multiplicity": {
        "lower": 0,
        "upper": 1
      }
    },
    {
      "name": "showErrors",
      "type": {
        "kind": "Primitive",
        "value": "Boolean"
      },
      "description": "",
      "initialValue": "",
      "multiplicity": {
        "lower": 0,
        "upper": 1
      }
    },
    {
      "name": "isLoading",
      "type": {
        "kind": "Primitive",
        "value": "Boolean"
      },
      "description": "",
      "initialValue": true,
      "multiplicity": {
        "lower": 0,
        "upper": 1
      }
    },
    {
      "name": "openCodes",
      "type": {
        "kind": "Primitive",
        "value": "Text"
      },
      "description": "",
      "initialValue": null,
      "multiplicity": {
        "lower": 0,
        "upper": null
      }
    },
    {
      "name": "decisions",
      "type": {
        "kind": "Primitive",
        "value": "Object"
      },
      "description": "",
      "initialValue": null,
      "multiplicity": {
        "lower": 0,
        "upper": null
      }
    },
    {
      "name": "mainDecision",
      "type": {
        "kind": "Primitive",
        "value": "Object"
      },
      "description": "",
      "initialValue": null,
      "multiplicity": {
        "lower": 0,
        "upper": 1
      }
    },
    {
      "name": "stateMachineDropDownOpen",
      "type": {
        "kind": "Primitive",
        "value": "Boolean"
      },
      "description": "",
      "initialValue": false,
      "multiplicity": {
        "lower": 0,
        "upper": 1
      }
    },
    {
      "name": "optionsDropDownOpen",
      "type": {
        "kind": "Primitive",
        "value": "Boolean"
      },
      "description": "",
      "initialValue": false,
      "multiplicity": {
        "lower": 0,
        "upper": 1
      }
    },
    {
      "name": "canDelete",
      "type": {
        "kind": "Primitive",
        "value": "Boolean"
      },
      "description": "",
      "initialValue": false,
      "multiplicity": {
        "lower": 0,
        "upper": 1
      }
    },
    {
      "name": "canDestroy",
      "type": {
        "kind": "Primitive",
        "value": "Boolean"
      },
      "description": "",
      "initialValue": false,
      "multiplicity": {
        "lower": 0,
        "upper": 1
      }
    }
  ],
  "behaviours": [],
  "description": "",
  "classesStyles": {
    "value": "",
    "source": "Direct"
  },
  "urlParameters": [
    {
      "name": "code",
      "type": "Text",
      "description": null,
      "multiplicity": {
        "lower": 1,
        "upper": 1
      }
    }
  ]
}