{
  "name": "MultiQuery",
  "type": "Page",
  "styles": ".filter-icon {\r\n    color: #ced4da;\r\n    float: right;\r\n}\r\n\r\n.filter-icon-active {\r\n    color: #007bff;\r\n    float: right;\r\n}\r\n\r\n.filter-entry {\r\n    padding-bottom: 8px;\r\n}",
  "scripts": "    getErrorText(errors) {\r\n        var errorMessages = 'Error:';\r\n        for (var error of errors) {\r\n            switch (error) {\r\n                case 'DATASOURCE_NOT_SELECTED':\r\n                    errorMessages = `${errorMessages} Before you can proceed, you need to select the \"System\" record you want to work on;`;\r\n                    break;\r\n                case 'DATASOURCE_NOT_EXISTS':\r\n                    errorMessages = `${errorMessages} We can't found any record of \"System\". You or anyone in your organization must create one, before you can proceed;`;\r\n                    break;\r\n                default:\r\n                    errorMessages = `${errorMessages} Invalid datasource`;\r\n            };\r\n        }\r\n        return errorMessages\r\n    }\r\n\r\n    setFilterIconStyle(variables, property) {\r\n        let columnFilter = variables.listFilters.first(elem => elem.property.name === property);\r\n        if (!columnFilter || !columnFilter.value)\r\n            return 'pt-1 filter-icon';\r\n        return 'pt-1 filter-icon-active';\r\n    }\r\n\r\n    setSortingIcon(variables, property) {\r\n        let columnSort = variables.listSorting.first(elem => elem.property === property);\r\n        if (!columnSort)\r\n            return '';\r\n\r\n        if (columnSort.direction === 'Descend')\r\n            return 'arrow-down'\r\n        else if (columnSort.direction === 'Ascend')\r\n            return 'arrow-up'\r\n        else return '';\r\n    }\r\n\r\n    setSortOnTableHeadClick(variables, property) {\r\n        let columnSort = variables.listSorting.first(elem => elem.property === property);\r\n        if (!columnSort) {\r\n            variables.listSorting.push({ property: property, direction: 'Ascend' });\r\n        } else {\r\n            if (columnSort.direction === 'Descend') {\r\n                const index = variables.listSorting.indexOf(columnSort);\r\n                variables.listSorting.splice(index, 1);\r\n            } else {\r\n                columnSort.direction = 'Descend';\r\n            }\r\n        }\r\n    }\r\n\r\n    addColumnFilter(variables, property) {\r\n        let columnFilter = variables.listFilters.first(elem => elem.property.name === property.name);\r\n        if (!columnFilter) {\r\n            const propertyType = property?.type?.toLowerCase() ?? 'uuid';\r\n            const filterType = propertyType === 'text' || propertyType === '' ? 'Like' : 'EqualTo';\r\n            variables.listFilters.push({ property: property, type: filterType });\r\n        }\r\n        variables.hideFilterPanel = false;\r\n    }\r\n\r\n    updateColumnFilter(variables, property, type, filterValue, filterValueIndex) {\r\n        let columnFilter = variables.listFilters.first(elem => elem.property.name === property.name);\r\n        if (!columnFilter)\r\n            return;\r\n\r\n        if (columnFilter.type != type) {\r\n            columnFilter.type = type;\r\n            columnFilter.value = Array.isArray(columnFilter.value) ? columnFilter.value[0] : columnFilter.value;\r\n        } else {\r\n            if (Array.isArray(columnFilter.value))\r\n                columnFilter.value[filterValueIndex] = filterValue;\r\n            else\r\n                columnFilter.value = filterValueIndex > 0 ? [columnFilter.value, filterValue] : filterValue;\r\n        }\r\n    }\r\n\r\n    removeColumnFilter(variables, property) {\r\n        let columnFilter = variables.listFilters.first(elem => elem.property.name === property.name);\r\n        const index = variables.listFilters.indexOf(columnFilter);\r\n        if (index > -1)\r\n            variables.listFilters.splice(index, 1);\r\n        if (variables.listFilters.length == 0)\r\n            variables.hideFilterPanel = true;\r\n    }",
  "elements": [
    {
      "name": "header",
      "type": "Panel",
      "package": "omniabasecomponents",
      "cssStyle": {
        "value": null,
        "source": "Direct"
      },
      "elements": [
        {
          "name": "select_1",
          "type": "Select",
          "package": "omniabasecomponents",
          "cssStyle": {
            "value": null,
            "source": "Direct"
          },
          "elements": [],
          "isHidden": {
            "value": false,
            "source": "Direct"
          },
          "attributes": [
            {
              "key": "options",
              "value": {
                "value": "variables.queries",
                "source": "Binding"
              }
            },
            {
              "key": "value",
              "value": {
                "value": "variables.selectedQuery",
                "source": "Binding"
              }
            },
            {
              "key": "readOnly",
              "value": {
                "value": null,
                "source": "Direct"
              }
            }
          ],
          "behaviours": [
            {
              "name": "OnSelect",
              "expression": "    variables.listErrors = [];\n    variables.listFilters = [];\n    variables.listSorting = [];\n    variables.hideFilterPanel = true;"
            }
          ],
          "classesStyles": {
            "value": "form-control col-4",
            "source": "Direct"
          },
          "groupElements": false
        }
      ],
      "isHidden": {
        "value": false,
        "source": "Direct"
      },
      "attributes": [],
      "behaviours": [],
      "classesStyles": {
        "value": "row justify-content-md-end m-0 pb-3",
        "source": "Direct"
      },
      "groupElements": false
    },
    {
      "name": "tablePanelErrorText",
      "type": "Text",
      "package": "omniabasecomponents",
      "cssStyle": {
        "value": null,
        "source": "Direct"
      },
      "elements": [],
      "isHidden": {
        "value": "return !(variables.listErrors && variables.listErrors.length > 0);",
        "source": "Expression"
      },
      "attributes": [
        {
          "key": "value",
          "value": {
            "value": "return scripts.getErrorText(variables.listErrors);",
            "source": "Expression"
          }
        }
      ],
      "behaviours": [],
      "classesStyles": {
        "value": "d-flex mt-2 mb-2 text-danger",
        "source": "Direct"
      },
      "groupElements": false
    },
    {
      "name": "filterPanel",
      "type": "Panel",
      "package": "omniabasecomponents",
      "cssStyle": {
        "value": "border: 1px solid #dee2e6; padding-top: 0.5rem",
        "source": "Direct"
      },
      "elements": [
        {
          "name": "labelPanel",
          "type": "Panel",
          "package": "omniabasecomponents",
          "cssStyle": {
            "value": null,
            "source": "Direct"
          },
          "elements": [
            {
              "name": "filterPanelText",
              "type": "Text",
              "package": "omniabasecomponents",
              "cssStyle": {
                "value": null,
                "source": "Direct"
              },
              "elements": [],
              "isHidden": {
                "value": false,
                "source": "Direct"
              },
              "attributes": [
                {
                  "key": "value",
                  "value": {
                    "value": "Filters",
                    "source": "Direct"
                  }
                }
              ],
              "behaviours": [],
              "classesStyles": {
                "value": "h5",
                "source": "Direct"
              },
              "groupElements": false
            },
            {
              "name": "filterFormCloseIconIcon",
              "type": "Icon",
              "package": "omniabasecomponents",
              "cssStyle": {
                "value": "float:right;position:relative;",
                "source": "Direct"
              },
              "elements": [],
              "isHidden": {
                "value": false,
                "source": "Direct"
              },
              "attributes": [
                {
                  "key": "value",
                  "value": {
                    "value": "close",
                    "source": "Direct"
                  }
                }
              ],
              "behaviours": [
                {
                  "name": "OnClick",
                  "expression": "variables.hideFilterPanel = true;"
                }
              ],
              "classesStyles": {
                "value": "pt-1",
                "source": "Direct"
              },
              "groupElements": false
            }
          ],
          "isHidden": {
            "value": false,
            "source": "Direct"
          },
          "attributes": [],
          "behaviours": [],
          "classesStyles": {
            "value": "col-md-12",
            "source": "Direct"
          },
          "groupElements": false
        },
        {
          "name": "filterFormPanel",
          "type": "Panel",
          "package": "omniabasecomponents",
          "cssStyle": {
            "value": null,
            "source": "Direct"
          },
          "elements": [
            {
              "name": "filterPanelForEach",
              "type": "_foreach",
              "package": "",
              "cssStyle": {
                "value": null,
                "source": "Direct"
              },
              "elements": [
                {
                  "name": "filterLabelPanel",
                  "type": "Panel",
                  "package": "omniabasecomponents",
                  "cssStyle": {
                    "value": null,
                    "source": "Direct"
                  },
                  "elements": [
                    {
                      "name": "filterLabelPanelIcon",
                      "type": "Icon",
                      "package": "omniabasecomponents",
                      "cssStyle": {
                        "value": "color:#fa0000;",
                        "source": "Direct"
                      },
                      "elements": [],
                      "isHidden": {
                        "value": false,
                        "source": "Direct"
                      },
                      "attributes": [
                        {
                          "key": "value",
                          "value": {
                            "value": "trash",
                            "source": "Direct"
                          }
                        }
                      ],
                      "behaviours": [
                        {
                          "name": "OnClick",
                          "expression": "    scripts.removeColumnFilter(variables, currentElement.property);"
                        }
                      ],
                      "classesStyles": {
                        "value": "",
                        "source": "Direct"
                      },
                      "groupElements": false
                    },
                    {
                      "name": "filterLabelPanelText",
                      "type": "Text",
                      "package": "omniabasecomponents",
                      "cssStyle": {
                        "value": null,
                        "source": "Direct"
                      },
                      "elements": [],
                      "isHidden": {
                        "value": false,
                        "source": "Direct"
                      },
                      "attributes": [
                        {
                          "key": "value",
                          "value": {
                            "value": "    return currentElement?.property?.label;",
                            "source": "Expression"
                          }
                        }
                      ],
                      "behaviours": [],
                      "classesStyles": {
                        "value": null,
                        "source": "Direct"
                      },
                      "groupElements": false
                    }
                  ],
                  "isHidden": {
                    "value": false,
                    "source": "Direct"
                  },
                  "attributes": [],
                  "behaviours": [],
                  "classesStyles": {
                    "value": "col-3 filter-entry",
                    "source": "Direct"
                  },
                  "groupElements": false
                },
                {
                  "name": "filterTypePanel",
                  "type": "Panel",
                  "package": "omniabasecomponents",
                  "cssStyle": {
                    "value": null,
                    "source": "Direct"
                  },
                  "elements": [
                    {
                      "name": "filterType",
                      "type": "Select",
                      "package": "omniabasecomponents",
                      "cssStyle": {
                        "value": null,
                        "source": "Direct"
                      },
                      "elements": [],
                      "isHidden": {
                        "value": false,
                        "source": "Direct"
                      },
                      "attributes": [
                        {
                          "key": "options",
                          "value": {
                            "value": "    const dataType = currentElement?.property?.type?.toLowerCase() ?? '';\n    switch (dataType) {\n        case 'text':\n        case 'uuid':\n            return [{key: \"Like\", label: \"Like\"}, {key: \"EqualTo\", label: \"Equal to\"}, {key: \"NotEqualTo\", label: \"Not equal to\"}];\n        case 'date':\n        case 'decimal':\n        case 'integer':\n            return [{key: \"EqualTo\", label: \"Equal to\"}, {key: \"Between\", label: \"Between\"},{key: \"GreaterThan\", label: \"Greater than\"}, {key: \"GreaterThanOrEqualTo\", label: \"Greater than or equal to\"}, {key: \"LessThan\", label: \"Less than\"}, {key: \"LessThanOrEqualTo\", label: \"Less than or equal to\"}, {key: \"NotEqualTo\", label: \"Not equal to\"}];\n        case 'boolean':\n        default:\n            return [{key: \"EqualTo\", label: \"Equal to\"}, {key: \"NotEqualTo\", label: \"Not equal to\"}];\n    }",
                            "source": "Expression"
                          }
                        },
                        {
                          "key": "value",
                          "value": {
                            "value": "    return currentElement && currentElement.type ? currentElement.type : '';",
                            "source": "Expression"
                          }
                        }
                      ],
                      "behaviours": [
                        {
                          "name": "OnSelect",
                          "expression": "    scripts.updateColumnFilter(variables, currentElement.property, params[0]);"
                        }
                      ],
                      "classesStyles": {
                        "value": "form-control",
                        "source": "Direct"
                      },
                      "groupElements": false
                    }
                  ],
                  "isHidden": {
                    "value": false,
                    "source": "Direct"
                  },
                  "attributes": [],
                  "behaviours": [],
                  "classesStyles": {
                    "value": "col-3 filter-entry",
                    "source": "Direct"
                  },
                  "groupElements": false
                },
                {
                  "name": "filterFromPanel",
                  "type": "Panel",
                  "package": "omniabasecomponents",
                  "cssStyle": {
                    "value": null,
                    "source": "Direct"
                  },
                  "elements": [
                    {
                      "name": "filterFromPanel_dateInput",
                      "type": "InputDate",
                      "package": "omniabasecomponents",
                      "cssStyle": {
                        "value": null,
                        "source": "Direct"
                      },
                      "elements": [],
                      "isHidden": {
                        "value": "    return (currentElement?.property?.type?.toLowerCase() ?? '') !== 'date';",
                        "source": "Expression"
                      },
                      "attributes": [
                        {
                          "key": "value",
                          "value": {
                            "value": "    if (!(currentElement && currentElement.value))\n        return null;\n    if (Array.isArray(currentElement.value))\n        return currentElement.value.length > 0 && currentElement.value[0] ? currentElement.value[0] : null;\n    else\n        return currentElement.value;",
                            "source": "Expression"
                          }
                        }
                      ],
                      "behaviours": [
                        {
                          "name": "OnChange",
                          "expression": "    scripts.updateColumnFilter(variables, currentElement.property, currentElement.type, params[0], 0);"
                        }
                      ],
                      "classesStyles": {
                        "value": "form-control",
                        "source": "Direct"
                      },
                      "groupElements": false
                    },
                    {
                      "name": "filterFromPanel_decimalInput",
                      "type": "InputDecimal",
                      "package": "omniabasecomponents",
                      "cssStyle": {
                        "value": null,
                        "source": "Direct"
                      },
                      "elements": [],
                      "isHidden": {
                        "value": "    return (currentElement?.property?.type?.toLowerCase() ?? '') !== 'decimal';",
                        "source": "Expression"
                      },
                      "attributes": [
                        {
                          "key": "minimumValue",
                          "value": {
                            "value": null,
                            "source": "Direct"
                          }
                        },
                        {
                          "key": "maximumValue",
                          "value": {
                            "value": null,
                            "source": "Direct"
                          }
                        },
                        {
                          "key": "decimalPlaces",
                          "value": {
                            "value": 2,
                            "source": "Direct"
                          }
                        },
                        {
                          "key": "value",
                          "value": {
                            "value": "    if (!(currentElement && currentElement.value))\n        return null;\n    if (Array.isArray(currentElement.value))\n        return currentElement.value.length > 0 && currentElement.value[0] ? currentElement.value[0] : null;\n    else\n        return currentElement.value;",
                            "source": "Expression"
                          }
                        }
                      ],
                      "behaviours": [
                        {
                          "name": "OnChange",
                          "expression": "    scripts.updateColumnFilter(variables, currentElement.property, currentElement.type, params[0], 0);"
                        }
                      ],
                      "classesStyles": {
                        "value": "form-control",
                        "source": "Direct"
                      },
                      "groupElements": false
                    },
                    {
                      "name": "filterFromPanel_integerInput",
                      "type": "InputInteger",
                      "package": "omniabasecomponents",
                      "cssStyle": {
                        "value": null,
                        "source": "Direct"
                      },
                      "elements": [],
                      "isHidden": {
                        "value": "    return (currentElement?.property?.type?.toLowerCase() ?? '') !== 'integer';",
                        "source": "Expression"
                      },
                      "attributes": [
                        {
                          "key": "minimumValue",
                          "value": {
                            "value": null,
                            "source": "Direct"
                          }
                        },
                        {
                          "key": "maximumValue",
                          "value": {
                            "value": null,
                            "source": "Direct"
                          }
                        },
                        {
                          "key": "value",
                          "value": {
                            "value": "    if (!(currentElement && currentElement.value))\n        return null;\n    if (Array.isArray(currentElement.value))\n        return currentElement.value.length > 0 && currentElement.value[0] ? currentElement.value[0] : null;\n    else\n        return currentElement.value;",
                            "source": "Expression"
                          }
                        }
                      ],
                      "behaviours": [
                        {
                          "name": "OnChange",
                          "expression": "    scripts.updateColumnFilter(variables, currentElement.property, currentElement.type, params[0], 0);"
                        }
                      ],
                      "classesStyles": {
                        "value": "form-control",
                        "source": "Direct"
                      },
                      "groupElements": false
                    },
                    {
                      "name": "filterFromPanel_textInput",
                      "type": "Input",
                      "package": "omniabasecomponents",
                      "cssStyle": {
                        "value": null,
                        "source": "Direct"
                      },
                      "elements": [],
                      "isHidden": {
                        "value": "    return (currentElement?.property?.type?.toLowerCase() ?? '') !== 'text';",
                        "source": "Expression"
                      },
                      "attributes": [
                        {
                          "key": "value",
                          "value": {
                            "value": "    if (!(currentElement && currentElement.value))\n        return null;\n    if (Array.isArray(currentElement.value))\n        return currentElement.value.length > 0 && currentElement.value[0] ? currentElement.value[0] : null;\n    else\n        return currentElement.value;",
                            "source": "Expression"
                          }
                        }
                      ],
                      "behaviours": [
                        {
                          "name": "OnChange",
                          "expression": "    scripts.updateColumnFilter(variables, currentElement.property, currentElement.type, params[0], 0);"
                        }
                      ],
                      "classesStyles": {
                        "value": "form-control",
                        "source": "Direct"
                      },
                      "groupElements": false
                    },
                    {
                      "name": "filterFromPanel_select",
                      "type": "Select",
                      "package": "omniabasecomponents",
                      "cssStyle": {
                        "value": null,
                        "source": "Direct"
                      },
                      "elements": [],
                      "isHidden": {
                        "value": "    return !(currentElement?.property?.type?.toLowerCase() === 'boolean' || currentElement?.property.kind === 'Enumeration');",
                        "source": "Expression"
                      },
                      "attributes": [
                        {
                          "key": "options",
                          "value": {
                            "value": "    const property = currentElement?.property;\r\n    if (property?.type?.toLowerCase() === 'boolean')\r\n        return [{ key: \"true\", label: \"True\" }, { key: \"false\", label: \"False\" }];    \r\n    if (property.kind === 'Enumeration')\r\n        return [...(property?.entries ?? [])];",
                            "source": "Expression"
                          }
                        },
                        {
                          "key": "value",
                          "value": {
                            "value": "    if (!(currentElement && currentElement.value))\n        return null;\n    if (Array.isArray(currentElement.value))\n        return currentElement.value.length > 0 && currentElement.value[0] ? currentElement.value[0] : null;\n    else\n        return currentElement.value;",
                            "source": "Expression"
                          }
                        }
                      ],
                      "behaviours": [
                        {
                          "name": "OnSelect",
                          "expression": "    scripts.updateColumnFilter(variables, currentElement?.property, currentElement?.type, currentElement?.property?.kind === \"Enumeration\" ? params[0] : params[0] === \"true\", 0);"
                        }
                      ],
                      "classesStyles": {
                        "value": "form-control",
                        "source": "Direct"
                      },
                      "groupElements": false
                    }
                  ],
                  "isHidden": {
                    "value": false,
                    "source": "Direct"
                  },
                  "attributes": [],
                  "behaviours": [],
                  "classesStyles": {
                    "value": "col-3 filter-entry",
                    "source": "Direct"
                  },
                  "groupElements": false
                },
                {
                  "name": "filterToPanel",
                  "type": "Panel",
                  "package": "omniabasecomponents",
                  "cssStyle": {
                    "value": null,
                    "source": "Direct"
                  },
                  "elements": [
                    {
                      "name": "filterToPanel_dateInput",
                      "type": "InputDate",
                      "package": "omniabasecomponents",
                      "cssStyle": {
                        "value": null,
                        "source": "Direct"
                      },
                      "elements": [],
                      "isHidden": {
                        "value": "      const dataType = currentElement?.property?.type?.toLowerCase() ?? '';\r\n    return !(dataType && dataType === 'date' && currentElement.type && currentElement.type === 'Between')",
                        "source": "Expression"
                      },
                      "attributes": [
                        {
                          "key": "value",
                          "value": {
                            "value": "    return (!(currentElement && Array.isArray(currentElement.value) && currentElement.value.length > 1 && currentElement.value[1])) ? null : currentElement.value[1];",
                            "source": "Expression"
                          }
                        }
                      ],
                      "behaviours": [
                        {
                          "name": "OnChange",
                          "expression": "    scripts.updateColumnFilter(variables, currentElement.property, currentElement.type, params[0], 1);"
                        }
                      ],
                      "classesStyles": {
                        "value": "form-control",
                        "source": "Direct"
                      },
                      "groupElements": false
                    },
                    {
                      "name": "filterToPanel_decimalInput",
                      "type": "InputDecimal",
                      "package": "omniabasecomponents",
                      "cssStyle": {
                        "value": null,
                        "source": "Direct"
                      },
                      "elements": [],
                      "isHidden": {
                        "value": "      const dataType = currentElement?.property?.type?.toLowerCase() ?? '';\r\n    return !(dataType && dataType === 'decimal' && currentElement.type && currentElement.type === 'Between')",
                        "source": "Expression"
                      },
                      "attributes": [
                        {
                          "key": "minimumValue",
                          "value": {
                            "value": null,
                            "source": "Direct"
                          }
                        },
                        {
                          "key": "maximumValue",
                          "value": {
                            "value": null,
                            "source": "Direct"
                          }
                        },
                        {
                          "key": "decimalPlaces",
                          "value": {
                            "value": 2,
                            "source": "Direct"
                          }
                        },
                        {
                          "key": "value",
                          "value": {
                            "value": "    return (!(currentElement && Array.isArray(currentElement.value) && currentElement.value.length > 1 && currentElement.value[1])) ? null : currentElement.value[1];",
                            "source": "Expression"
                          }
                        }
                      ],
                      "behaviours": [
                        {
                          "name": "OnChange",
                          "expression": "    scripts.updateColumnFilter(variables, currentElement.property, currentElement.type, params[0], 1);"
                        }
                      ],
                      "classesStyles": {
                        "value": "form-control",
                        "source": "Direct"
                      },
                      "groupElements": false
                    },
                    {
                      "name": "filterToPanel_integerInput",
                      "type": "InputInteger",
                      "package": "omniabasecomponents",
                      "cssStyle": {
                        "value": null,
                        "source": "Direct"
                      },
                      "elements": [],
                      "isHidden": {
                        "value": "      const dataType = currentElement?.property?.type?.toLowerCase() ?? '';\r\n    return !(dataType && dataType === 'integer' && currentElement.type && currentElement.type === 'Between')",
                        "source": "Expression"
                      },
                      "attributes": [
                        {
                          "key": "minimumValue",
                          "value": {
                            "value": null,
                            "source": "Direct"
                          }
                        },
                        {
                          "key": "maximumValue",
                          "value": {
                            "value": null,
                            "source": "Direct"
                          }
                        },
                        {
                          "key": "value",
                          "value": {
                            "value": "    return (!(currentElement && Array.isArray(currentElement.value) && currentElement.value.length > 1 && currentElement.value[1])) ? null : currentElement.value[1];",
                            "source": "Expression"
                          }
                        }
                      ],
                      "behaviours": [
                        {
                          "name": "OnChange",
                          "expression": "    scripts.updateColumnFilter(variables, currentElement.property, currentElement.type, params[0], 1);"
                        }
                      ],
                      "classesStyles": {
                        "value": "form-control",
                        "source": "Direct"
                      },
                      "groupElements": false
                    }
                  ],
                  "isHidden": {
                    "value": false,
                    "source": "Direct"
                  },
                  "attributes": [],
                  "behaviours": [],
                  "classesStyles": {
                    "value": "col-3 filter-entry",
                    "source": "Direct"
                  },
                  "groupElements": false
                }
              ],
              "isHidden": {
                "value": false,
                "source": "Direct"
              },
              "attributes": [
                {
                  "key": "binding",
                  "value": {
                    "value": "variables.listFilters",
                    "source": "Binding"
                  }
                }
              ],
              "behaviours": [],
              "classesStyles": {
                "value": null,
                "source": "Direct"
              },
              "groupElements": false
            }
          ],
          "isHidden": {
            "value": false,
            "source": "Direct"
          },
          "attributes": [],
          "behaviours": [],
          "classesStyles": {
            "value": "row col-12 justify-content-md-center",
            "source": "Direct"
          },
          "groupElements": false
        }
      ],
      "isHidden": {
        "value": "variables.hideFilterPanel",
        "source": "Binding"
      },
      "attributes": [],
      "behaviours": [],
      "classesStyles": {
        "value": "col-md-12",
        "source": "Direct"
      },
      "groupElements": false
    },
    {
      "name": "tablePanel",
      "type": "Panel",
      "package": "omniabasecomponents",
      "cssStyle": {
        "value": null,
        "source": "Direct"
      },
      "elements": [
        {
          "name": "runQuery",
          "type": "_runQuery",
          "package": "",
          "cssStyle": {
            "value": null,
            "source": "Direct"
          },
          "elements": [
            {
              "name": "table",
              "type": "Table",
              "package": "omniabasecomponents",
              "cssStyle": {
                "value": null,
                "source": "Direct"
              },
              "elements": [
                {
                  "name": "tableHeader",
                  "type": "TableHead",
                  "package": "omniabasecomponents",
                  "cssStyle": {
                    "value": null,
                    "source": "Direct"
                  },
                  "elements": [
                    {
                      "name": "tableRowHeaderRow",
                      "type": "TableRow",
                      "package": "omniabasecomponents",
                      "cssStyle": {
                        "value": null,
                        "source": "Direct"
                      },
                      "elements": [
                        {
                          "name": "forEachHeadColumns",
                          "type": "_foreach",
                          "package": "",
                          "cssStyle": {
                            "value": null,
                            "source": "Direct"
                          },
                          "elements": [
                            {
                              "name": "table_nameHead",
                              "type": "TableHeadCell",
                              "package": "omniabasecomponents",
                              "cssStyle": {
                                "value": null,
                                "source": "Direct"
                              },
                              "elements": [
                                {
                                  "name": "table_nameHeadPanel",
                                  "type": "Panel",
                                  "package": "omniabasecomponents",
                                  "cssStyle": {
                                    "value": null,
                                    "source": "Direct"
                                  },
                                  "elements": [
                                    {
                                      "name": "table_nameHeadTextPanel",
                                      "type": "Panel",
                                      "package": "omniabasecomponents",
                                      "cssStyle": {
                                        "value": null,
                                        "source": "Direct"
                                      },
                                      "elements": [
                                        {
                                          "name": "table_nameHeadTextText",
                                          "type": "Text",
                                          "package": "omniabasecomponents",
                                          "cssStyle": {
                                            "value": "    white-space: nowrap;",
                                            "source": "Direct"
                                          },
                                          "elements": [],
                                          "isHidden": {
                                            "value": false,
                                            "source": "Direct"
                                          },
                                          "attributes": [
                                            {
                                              "key": "value",
                                              "value": {
                                                "value": "    return currentElement.label;",
                                                "source": "Expression"
                                              }
                                            }
                                          ],
                                          "behaviours": [],
                                          "classesStyles": {
                                            "value": null,
                                            "source": "Direct"
                                          },
                                          "groupElements": false
                                        },
                                        {
                                          "name": "table_nameSortIconIcon",
                                          "type": "Icon",
                                          "package": "omniabasecomponents",
                                          "cssStyle": {
                                            "value": null,
                                            "source": "Direct"
                                          },
                                          "elements": [],
                                          "isHidden": {
                                            "value": false,
                                            "source": "Direct"
                                          },
                                          "attributes": [
                                            {
                                              "key": "value",
                                              "value": {
                                                "value": "return scripts.setSortingIcon(variables, currentElement.name);",
                                                "source": "Expression"
                                              }
                                            }
                                          ],
                                          "behaviours": [],
                                          "classesStyles": {
                                            "value": "pt-1 text-muted",
                                            "source": "Direct"
                                          },
                                          "groupElements": false
                                        }
                                      ],
                                      "isHidden": {
                                        "value": false,
                                        "source": "Direct"
                                      },
                                      "attributes": [],
                                      "behaviours": [],
                                      "classesStyles": {
                                        "value": "d-flex col p-0",
                                        "source": "Direct"
                                      },
                                      "groupElements": false
                                    },
                                    {
                                      "name": "tableanoFilterIconIcon",
                                      "type": "Icon",
                                      "package": "omniabasecomponents",
                                      "cssStyle": {
                                        "value": null,
                                        "source": "Direct"
                                      },
                                      "elements": [],
                                      "isHidden": {
                                        "value": false,
                                        "source": "Direct"
                                      },
                                      "attributes": [
                                        {
                                          "key": "value",
                                          "value": {
                                            "value": "filter",
                                            "source": "Direct"
                                          }
                                        }
                                      ],
                                      "behaviours": [
                                        {
                                          "name": "OnClick",
                                          "expression": "    return scripts.addColumnFilter(variables, currentElement);"
                                        }
                                      ],
                                      "classesStyles": {
                                        "value": "    return `col-auto ${scripts.setFilterIconStyle(variables, currentElement.name)}`;",
                                        "source": "Expression"
                                      },
                                      "groupElements": false
                                    }
                                  ],
                                  "isHidden": {
                                    "value": false,
                                    "source": "Direct"
                                  },
                                  "attributes": [],
                                  "behaviours": [],
                                  "classesStyles": {
                                    "value": "d-flex",
                                    "source": "Direct"
                                  },
                                  "groupElements": false
                                }
                              ],
                              "isHidden": {
                                "value": false,
                                "source": "Direct"
                              },
                              "attributes": [
                                {
                                  "key": "colspan",
                                  "value": {
                                    "value": null,
                                    "source": "Direct"
                                  }
                                }
                              ],
                              "behaviours": [
                                {
                                  "name": "OnClick",
                                  "expression": "    scripts.setSortOnTableHeadClick(variables, currentElement?.name);"
                                }
                              ],
                              "classesStyles": {
                                "value": null,
                                "source": "Direct"
                              },
                              "groupElements": false
                            }
                          ],
                          "isHidden": {
                            "value": false,
                            "source": "Direct"
                          },
                          "attributes": [
                            {
                              "key": "binding",
                              "value": {
                                "value": "variables.columns",
                                "source": "Binding"
                              }
                            }
                          ],
                          "behaviours": [],
                          "classesStyles": {
                            "value": null,
                            "source": "Direct"
                          },
                          "groupElements": false
                        }
                      ],
                      "isHidden": {
                        "value": false,
                        "source": "Direct"
                      },
                      "attributes": [],
                      "behaviours": [],
                      "classesStyles": {
                        "value": "thead-dark",
                        "source": "Direct"
                      },
                      "groupElements": false
                    }
                  ],
                  "isHidden": {
                    "value": false,
                    "source": "Direct"
                  },
                  "attributes": [],
                  "behaviours": [],
                  "classesStyles": {
                    "value": null,
                    "source": "Direct"
                  },
                  "groupElements": false
                },
                {
                  "name": "tableBody",
                  "type": "TableBody",
                  "package": "omniabasecomponents",
                  "cssStyle": {
                    "value": null,
                    "source": "Direct"
                  },
                  "elements": [
                    {
                      "name": "tableForEach",
                      "type": "_foreach",
                      "package": "",
                      "cssStyle": {
                        "value": null,
                        "source": "Direct"
                      },
                      "elements": [
                        {
                          "name": "tableRow",
                          "type": "TableRow",
                          "package": "omniabasecomponents",
                          "cssStyle": {
                            "value": null,
                            "source": "Direct"
                          },
                          "elements": [
                            {
                              "name": "forEachBodyColumns",
                              "type": "_foreach",
                              "package": "",
                              "cssStyle": {
                                "value": null,
                                "source": "Direct"
                              },
                              "elements": [
                                {
                                  "name": "table_nameRowCell",
                                  "type": "TableCell",
                                  "package": "omniabasecomponents",
                                  "cssStyle": {
                                    "value": null,
                                    "source": "Direct"
                                  },
                                  "elements": [
                                    {
                                      "name": "table_nameRowCellText",
                                      "type": "Text",
                                      "package": "omniabasecomponents",
                                      "cssStyle": {
                                        "value": null,
                                        "source": "Direct"
                                      },
                                      "elements": [],
                                      "isHidden": {
                                        "value": false,
                                        "source": "Direct"
                                      },
                                      "attributes": [
                                        {
                                          "key": "value",
                                          "value": {
                                            "value": "    return refs.runQuery.records[indexes.tableForEach][currentElement.name];",
                                            "source": "Expression"
                                          }
                                        }
                                      ],
                                      "behaviours": [],
                                      "classesStyles": {
                                        "value": null,
                                        "source": "Direct"
                                      },
                                      "groupElements": false
                                    }
                                  ],
                                  "isHidden": {
                                    "value": false,
                                    "source": "Direct"
                                  },
                                  "attributes": [
                                    {
                                      "key": "colspan",
                                      "value": {
                                        "value": null,
                                        "source": "Direct"
                                      }
                                    }
                                  ],
                                  "behaviours": [],
                                  "classesStyles": {
                                    "value": null,
                                    "source": "Direct"
                                  },
                                  "groupElements": false
                                }
                              ],
                              "isHidden": {
                                "value": false,
                                "source": "Direct"
                              },
                              "attributes": [
                                {
                                  "key": "binding",
                                  "value": {
                                    "value": "variables.columns",
                                    "source": "Binding"
                                  }
                                }
                              ],
                              "behaviours": [],
                              "classesStyles": {
                                "value": null,
                                "source": "Direct"
                              },
                              "groupElements": false
                            }
                          ],
                          "isHidden": {
                            "value": false,
                            "source": "Direct"
                          },
                          "attributes": [],
                          "behaviours": [],
                          "classesStyles": {
                            "value": "grid-line",
                            "source": "Direct"
                          },
                          "groupElements": false
                        }
                      ],
                      "isHidden": {
                        "value": "refs.runQuery.isLoading",
                        "source": "Binding"
                      },
                      "attributes": [
                        {
                          "key": "binding",
                          "value": {
                            "value": "refs.runQuery.records",
                            "source": "Binding"
                          }
                        }
                      ],
                      "behaviours": [],
                      "classesStyles": {
                        "value": null,
                        "source": "Direct"
                      },
                      "groupElements": false
                    },
                    {
                      "name": "tableNoRowsRow",
                      "type": "TableRow",
                      "package": "omniabasecomponents",
                      "cssStyle": {
                        "value": null,
                        "source": "Direct"
                      },
                      "elements": [
                        {
                          "name": "tableNoRowsCell",
                          "type": "TableCell",
                          "package": "omniabasecomponents",
                          "cssStyle": {
                            "value": null,
                            "source": "Direct"
                          },
                          "elements": [
                            {
                              "name": "tableText",
                              "type": "Text",
                              "package": "omniabasecomponents",
                              "cssStyle": {
                                "value": null,
                                "source": "Direct"
                              },
                              "elements": [],
                              "isHidden": {
                                "value": false,
                                "source": "Direct"
                              },
                              "attributes": [
                                {
                                  "key": "value",
                                  "value": {
                                    "value": "No records found",
                                    "source": "Direct"
                                  }
                                }
                              ],
                              "behaviours": [],
                              "classesStyles": {
                                "value": null,
                                "source": "Direct"
                              },
                              "groupElements": false
                            }
                          ],
                          "isHidden": {
                            "value": false,
                            "source": "Direct"
                          },
                          "attributes": [
                            {
                              "key": "colspan",
                              "value": {
                                "value": 7,
                                "source": "Direct"
                              }
                            }
                          ],
                          "behaviours": [],
                          "classesStyles": {
                            "value": "text-center",
                            "source": "Direct"
                          },
                          "groupElements": false
                        }
                      ],
                      "isHidden": {
                        "value": "    return (refs?.runQuery?.records?.length ?? -1) > 0 || refs?.runQuery?.isLoading;",
                        "source": "Expression"
                      },
                      "attributes": [],
                      "behaviours": [],
                      "classesStyles": {
                        "value": null,
                        "source": "Direct"
                      },
                      "groupElements": false
                    },
                    {
                      "name": "tableLoaderSpinnerRow",
                      "type": "TableRow",
                      "package": "omniabasecomponents",
                      "cssStyle": {
                        "value": null,
                        "source": "Direct"
                      },
                      "elements": [
                        {
                          "name": "tableSpinnerCell",
                          "type": "TableCell",
                          "package": "omniabasecomponents",
                          "cssStyle": {
                            "value": null,
                            "source": "Direct"
                          },
                          "elements": [
                            {
                              "name": "tableSpinner",
                              "type": "Panel",
                              "package": "omniabasecomponents",
                              "cssStyle": {
                                "value": null,
                                "source": "Direct"
                              },
                              "elements": [],
                              "isHidden": {
                                "value": false,
                                "source": "Direct"
                              },
                              "attributes": [],
                              "behaviours": [],
                              "classesStyles": {
                                "value": "spinner-border text-primary",
                                "source": "Direct"
                              },
                              "groupElements": false
                            }
                          ],
                          "isHidden": {
                            "value": false,
                            "source": "Direct"
                          },
                          "attributes": [
                            {
                              "key": "colspan",
                              "value": {
                                "value": "    return variables?.columns?.length ?? 1;",
                                "source": "Expression"
                              }
                            }
                          ],
                          "behaviours": [],
                          "classesStyles": {
                            "value": "text-center",
                            "source": "Direct"
                          },
                          "groupElements": false
                        }
                      ],
                      "isHidden": {
                        "value": "    return !refs?.runQuery?.isLoading;",
                        "source": "Expression"
                      },
                      "attributes": [],
                      "behaviours": [],
                      "classesStyles": {
                        "value": null,
                        "source": "Direct"
                      },
                      "groupElements": false
                    }
                  ],
                  "isHidden": {
                    "value": false,
                    "source": "Direct"
                  },
                  "attributes": [],
                  "behaviours": [],
                  "classesStyles": {
                    "value": null,
                    "source": "Direct"
                  },
                  "groupElements": false
                },
                {
                  "name": "tableFooter",
                  "type": "TableFoot",
                  "package": "omniabasecomponents",
                  "cssStyle": {
                    "value": null,
                    "source": "Direct"
                  },
                  "elements": [
                    {
                      "name": "tableRowFootRow",
                      "type": "TableRow",
                      "package": "omniabasecomponents",
                      "cssStyle": {
                        "value": null,
                        "source": "Direct"
                      },
                      "elements": [
                        {
                          "name": "tableFootCell",
                          "type": "TableCell",
                          "package": "omniabasecomponents",
                          "cssStyle": {
                            "value": "text-align:right",
                            "source": "Direct"
                          },
                          "elements": [
                            {
                              "name": "tablePaginationPanel",
                              "type": "Panel",
                              "package": "omniabasecomponents",
                              "cssStyle": {
                                "value": null,
                                "source": "Direct"
                              },
                              "elements": [
                                {
                                  "name": "btnPaginationFirstButton",
                                  "type": "Button",
                                  "package": "omniabasecomponents",
                                  "cssStyle": {
                                    "value": null,
                                    "source": "Direct"
                                  },
                                  "elements": [
                                    {
                                      "name": "btnPaginationFirstButtonIcon",
                                      "type": "Icon",
                                      "package": "omniabasecomponents",
                                      "cssStyle": {
                                        "value": null,
                                        "source": "Direct"
                                      },
                                      "elements": [],
                                      "isHidden": {
                                        "value": false,
                                        "source": "Direct"
                                      },
                                      "attributes": [
                                        {
                                          "key": "value",
                                          "value": {
                                            "value": "step-backward",
                                            "source": "Direct"
                                          }
                                        }
                                      ],
                                      "behaviours": [],
                                      "classesStyles": {
                                        "value": "w-100 pt-1",
                                        "source": "Direct"
                                      },
                                      "groupElements": false
                                    }
                                  ],
                                  "isHidden": {
                                    "value": false,
                                    "source": "Direct"
                                  },
                                  "attributes": [
                                    {
                                      "key": "disabled",
                                      "value": {
                                        "value": false,
                                        "source": "Direct"
                                      }
                                    }
                                  ],
                                  "behaviours": [
                                    {
                                      "name": "OnClick",
                                      "expression": "variables.currentPage = 1;"
                                    }
                                  ],
                                  "classesStyles": {
                                    "value": "page-link",
                                    "source": "Direct"
                                  },
                                  "groupElements": true
                                },
                                {
                                  "name": "btnPaginationPreviewButton",
                                  "type": "Button",
                                  "package": "omniabasecomponents",
                                  "cssStyle": {
                                    "value": null,
                                    "source": "Direct"
                                  },
                                  "elements": [
                                    {
                                      "name": "btnPaginationPreviewButtonIcon",
                                      "type": "Icon",
                                      "package": "omniabasecomponents",
                                      "cssStyle": {
                                        "value": null,
                                        "source": "Direct"
                                      },
                                      "elements": [],
                                      "isHidden": {
                                        "value": false,
                                        "source": "Direct"
                                      },
                                      "attributes": [
                                        {
                                          "key": "value",
                                          "value": {
                                            "value": "chevron-left",
                                            "source": "Direct"
                                          }
                                        }
                                      ],
                                      "behaviours": [],
                                      "classesStyles": {
                                        "value": "w-100 pt-1",
                                        "source": "Direct"
                                      },
                                      "groupElements": false
                                    }
                                  ],
                                  "isHidden": {
                                    "value": false,
                                    "source": "Direct"
                                  },
                                  "attributes": [
                                    {
                                      "key": "disabled",
                                      "value": {
                                        "value": false,
                                        "source": "Direct"
                                      }
                                    }
                                  ],
                                  "behaviours": [
                                    {
                                      "name": "OnClick",
                                      "expression": "if(variables.currentPage > 1) variables.currentPage = variables.currentPage - 1;"
                                    }
                                  ],
                                  "classesStyles": {
                                    "value": "page-link",
                                    "source": "Direct"
                                  },
                                  "groupElements": true
                                },
                                {
                                  "name": "lblPaginationCurrentePageText",
                                  "type": "Text",
                                  "package": "omniabasecomponents",
                                  "cssStyle": {
                                    "value": "padding-top:7px;\r\nborder-right-style:none;",
                                    "source": "Direct"
                                  },
                                  "elements": [],
                                  "isHidden": {
                                    "value": false,
                                    "source": "Direct"
                                  },
                                  "attributes": [
                                    {
                                      "key": "value",
                                      "value": {
                                        "value": "variables.currentPage",
                                        "source": "Binding"
                                      }
                                    }
                                  ],
                                  "behaviours": [],
                                  "classesStyles": {
                                    "value": "page-link",
                                    "source": "Direct"
                                  },
                                  "groupElements": false
                                },
                                {
                                  "name": "lblPaginationPageOfPagesText",
                                  "type": "Text",
                                  "package": "omniabasecomponents",
                                  "cssStyle": {
                                    "value": "padding-top:7px;\r\nborder-right-style:none;\r\nborder-left-style:none;",
                                    "source": "Direct"
                                  },
                                  "elements": [],
                                  "isHidden": {
                                    "value": false,
                                    "source": "Direct"
                                  },
                                  "attributes": [
                                    {
                                      "key": "value",
                                      "value": {
                                        "value": "/",
                                        "source": "Direct"
                                      }
                                    }
                                  ],
                                  "behaviours": [],
                                  "classesStyles": {
                                    "value": "page-link",
                                    "source": "Direct"
                                  },
                                  "groupElements": false
                                },
                                {
                                  "name": "lblPaginationTotalPagesText",
                                  "type": "Text",
                                  "package": "omniabasecomponents",
                                  "cssStyle": {
                                    "value": "padding-top:7px;\r\nborder-left-style:none;",
                                    "source": "Direct"
                                  },
                                  "elements": [],
                                  "isHidden": {
                                    "value": false,
                                    "source": "Direct"
                                  },
                                  "attributes": [
                                    {
                                      "key": "value",
                                      "value": {
                                        "value": "refs.runQuery.totalPages",
                                        "source": "Binding"
                                      }
                                    }
                                  ],
                                  "behaviours": [],
                                  "classesStyles": {
                                    "value": "page-link",
                                    "source": "Direct"
                                  },
                                  "groupElements": false
                                },
                                {
                                  "name": "btnPaginationNextButton",
                                  "type": "Button",
                                  "package": "omniabasecomponents",
                                  "cssStyle": {
                                    "value": null,
                                    "source": "Direct"
                                  },
                                  "elements": [
                                    {
                                      "name": "btnPaginationNextButtonIcon",
                                      "type": "Icon",
                                      "package": "omniabasecomponents",
                                      "cssStyle": {
                                        "value": null,
                                        "source": "Direct"
                                      },
                                      "elements": [],
                                      "isHidden": {
                                        "value": false,
                                        "source": "Direct"
                                      },
                                      "attributes": [
                                        {
                                          "key": "value",
                                          "value": {
                                            "value": "chevron-right",
                                            "source": "Direct"
                                          }
                                        }
                                      ],
                                      "behaviours": [],
                                      "classesStyles": {
                                        "value": "w-100 pt-1",
                                        "source": "Direct"
                                      },
                                      "groupElements": false
                                    }
                                  ],
                                  "isHidden": {
                                    "value": false,
                                    "source": "Direct"
                                  },
                                  "attributes": [
                                    {
                                      "key": "disabled",
                                      "value": {
                                        "value": false,
                                        "source": "Direct"
                                      }
                                    }
                                  ],
                                  "behaviours": [
                                    {
                                      "name": "OnClick",
                                      "expression": "if (variables.currentPage < refs.runQuery.totalPages) variables.currentPage = variables.currentPage + 1;"
                                    }
                                  ],
                                  "classesStyles": {
                                    "value": "page-link",
                                    "source": "Direct"
                                  },
                                  "groupElements": true
                                },
                                {
                                  "name": "btnPaginationLastButton",
                                  "type": "Button",
                                  "package": "omniabasecomponents",
                                  "cssStyle": {
                                    "value": null,
                                    "source": "Direct"
                                  },
                                  "elements": [
                                    {
                                      "name": "btnPaginationLastButtonIcon",
                                      "type": "Icon",
                                      "package": "omniabasecomponents",
                                      "cssStyle": {
                                        "value": null,
                                        "source": "Direct"
                                      },
                                      "elements": [],
                                      "isHidden": {
                                        "value": false,
                                        "source": "Direct"
                                      },
                                      "attributes": [
                                        {
                                          "key": "value",
                                          "value": {
                                            "value": "step-forward",
                                            "source": "Direct"
                                          }
                                        }
                                      ],
                                      "behaviours": [],
                                      "classesStyles": {
                                        "value": "w-100 pt-1",
                                        "source": "Direct"
                                      },
                                      "groupElements": false
                                    }
                                  ],
                                  "isHidden": {
                                    "value": false,
                                    "source": "Direct"
                                  },
                                  "attributes": [
                                    {
                                      "key": "disabled",
                                      "value": {
                                        "value": false,
                                        "source": "Direct"
                                      }
                                    }
                                  ],
                                  "behaviours": [
                                    {
                                      "name": "OnClick",
                                      "expression": "variables.currentPage = refs.runQuery.totalPages;"
                                    }
                                  ],
                                  "classesStyles": {
                                    "value": "page-link",
                                    "source": "Direct"
                                  },
                                  "groupElements": true
                                },
                                {
                                  "name": "btnPaginationRefreshButton",
                                  "type": "Button",
                                  "package": "omniabasecomponents",
                                  "cssStyle": {
                                    "value": null,
                                    "source": "Direct"
                                  },
                                  "elements": [
                                    {
                                      "name": "btnPaginationRefreshButtonIcon",
                                      "type": "Icon",
                                      "package": "omniabasecomponents",
                                      "cssStyle": {
                                        "value": null,
                                        "source": "Direct"
                                      },
                                      "elements": [],
                                      "isHidden": {
                                        "value": false,
                                        "source": "Direct"
                                      },
                                      "attributes": [
                                        {
                                          "key": "value",
                                          "value": {
                                            "value": "refresh",
                                            "source": "Direct"
                                          }
                                        }
                                      ],
                                      "behaviours": [],
                                      "classesStyles": {
                                        "value": "w-100 pt-1",
                                        "source": "Direct"
                                      },
                                      "groupElements": false
                                    }
                                  ],
                                  "isHidden": {
                                    "value": false,
                                    "source": "Direct"
                                  },
                                  "attributes": [
                                    {
                                      "key": "disabled",
                                      "value": {
                                        "value": false,
                                        "source": "Direct"
                                      }
                                    }
                                  ],
                                  "behaviours": [
                                    {
                                      "name": "OnClick",
                                      "expression": "    refs?.runQuery?.refresh?.();"
                                    }
                                  ],
                                  "classesStyles": {
                                    "value": "page-link",
                                    "source": "Direct"
                                  },
                                  "groupElements": true
                                },
                                {
                                  "name": "btnPaginationExportCSVButton",
                                  "type": "Button",
                                  "package": "omniabasecomponents",
                                  "cssStyle": {
                                    "value": null,
                                    "source": "Direct"
                                  },
                                  "elements": [
                                    {
                                      "name": "btnPaginationExportCSVButtonIcon",
                                      "type": "Icon",
                                      "package": "omniabasecomponents",
                                      "cssStyle": {
                                        "value": null,
                                        "source": "Direct"
                                      },
                                      "elements": [],
                                      "isHidden": {
                                        "value": false,
                                        "source": "Direct"
                                      },
                                      "attributes": [
                                        {
                                          "key": "value",
                                          "value": {
                                            "value": "table",
                                            "source": "Direct"
                                          }
                                        }
                                      ],
                                      "behaviours": [],
                                      "classesStyles": {
                                        "value": "w-100 pt-1",
                                        "source": "Direct"
                                      },
                                      "groupElements": false
                                    }
                                  ],
                                  "isHidden": {
                                    "value": false,
                                    "source": "Direct"
                                  },
                                  "attributes": [
                                    {
                                      "key": "disabled",
                                      "value": {
                                        "value": false,
                                        "source": "Direct"
                                      }
                                    }
                                  ],
                                  "behaviours": [
                                    {
                                      "name": "OnClick",
                                      "expression": "    refs?.runQuery?.exportCSV?.();"
                                    }
                                  ],
                                  "classesStyles": {
                                    "value": "page-link",
                                    "source": "Direct"
                                  },
                                  "groupElements": true
                                },
                                {
                                  "name": "cbPaginationPageSize",
                                  "type": "Select",
                                  "package": "omniabasecomponents",
                                  "cssStyle": {
                                    "value": null,
                                    "source": "Direct"
                                  },
                                  "elements": [],
                                  "isHidden": {
                                    "value": false,
                                    "source": "Direct"
                                  },
                                  "attributes": [
                                    {
                                      "key": "options",
                                      "value": {
                                        "value": "    return [\r\n        { key: 10, label: 10 },\r\n        { key: 25, label: 25 },\r\n        { key: 50, label: 50 },\r\n        { key: 100, label: 100 }\r\n    ]",
                                        "source": "Expression"
                                      }
                                    },
                                    {
                                      "key": "value",
                                      "value": {
                                        "value": "return variables.pageSize;",
                                        "source": "Expression"
                                      }
                                    }
                                  ],
                                  "behaviours": [
                                    {
                                      "name": "OnSelect",
                                      "expression": "variables.currentPage = 1;\nvariables.pageSize = parseInt(params[0]);"
                                    }
                                  ],
                                  "classesStyles": {
                                    "value": "page-link omniatabledefaultbutton",
                                    "source": "Direct"
                                  },
                                  "groupElements": false
                                }
                              ],
                              "isHidden": {
                                "value": false,
                                "source": "Direct"
                              },
                              "attributes": [],
                              "behaviours": [],
                              "classesStyles": {
                                "value": "pagination pagination-sm float-right",
                                "source": "Direct"
                              },
                              "groupElements": false
                            }
                          ],
                          "isHidden": {
                            "value": false,
                            "source": "Direct"
                          },
                          "attributes": [
                            {
                              "key": "colspan",
                              "value": {
                                "value": "    return variables?.columns?.length ?? 1;",
                                "source": "Expression"
                              }
                            }
                          ],
                          "behaviours": [],
                          "classesStyles": {
                            "value": null,
                            "source": "Direct"
                          },
                          "groupElements": false
                        }
                      ],
                      "isHidden": {
                        "value": false,
                        "source": "Direct"
                      },
                      "attributes": [],
                      "behaviours": [],
                      "classesStyles": {
                        "value": null,
                        "source": "Direct"
                      },
                      "groupElements": false
                    }
                  ],
                  "isHidden": {
                    "value": false,
                    "source": "Direct"
                  },
                  "attributes": [],
                  "behaviours": [],
                  "classesStyles": {
                    "value": null,
                    "source": "Direct"
                  },
                  "groupElements": false
                }
              ],
              "isHidden": {
                "value": false,
                "source": "Direct"
              },
              "attributes": [],
              "behaviours": [],
              "classesStyles": {
                "value": "table table-striped table-bordered table-hover mt-4",
                "source": "Direct"
              },
              "groupElements": false
            }
          ],
          "isHidden": {
            "value": false,
            "source": "Direct"
          },
          "attributes": [
            {
              "key": "dataSource",
              "value": {
                "value": "Default",
                "source": "Direct"
              }
            },
            {
              "key": "query",
              "value": {
                "value": "variables.selectedQuery",
                "source": "Binding"
              }
            },
            {
              "key": "currentPage",
              "value": {
                "value": "variables.currentPage",
                "source": "Binding"
              }
            },
            {
              "key": "pageSize",
              "value": {
                "value": "variables.pageSize",
                "source": "Binding"
              }
            },
            {
              "key": "parameters",
              "value": {
                "value": null,
                "source": "Direct"
              }
            },
            {
              "key": "filters",
              "value": {
                "value": "    let filters = {};\n    if (variables.listFilters) {\n        for (const filter of variables.listFilters) {\n            if(filter.property && filter.type && filter.value){\n                    filters[filter.property.name] = { operator: filter.type, value: filter.value };    \n            }\n        }\n    }\n    return filters;",
                "source": "Expression"
              }
            },
            {
              "key": "sorting",
              "value": {
                "value": "if (variables.listSorting)\n        return variables.listSorting;\n    else\n        return [];",
                "source": "Expression"
              }
            }
          ],
          "behaviours": [
            {
              "name": "OnLoadError",
              "expression": "        context.uiTools.showToast(context.uiTools.toastStyle.ERROR, `Error executing query`, params.length > 0 ? params[0]?.message : '', false);"
            },
            {
              "name": "OnLoad",
              "expression": "    variables.columns =  Object.values(refs.runQuery.columns);"
            }
          ],
          "classesStyles": {
            "value": null,
            "source": "Direct"
          },
          "groupElements": false
        }
      ],
      "isHidden": {
        "value": false,
        "source": "Direct"
      },
      "attributes": [],
      "behaviours": [],
      "classesStyles": {
        "value": null,
        "source": "Direct"
      },
      "groupElements": false
    }
  ],
  "variables": [
    {
      "name": "currentPage",
      "type": {
        "kind": "Primitive",
        "value": "Integer"
      },
      "description": null,
      "initialValue": 1,
      "multiplicity": {
        "lower": 0,
        "upper": 1
      }
    },
    {
      "name": "pageSize",
      "type": {
        "kind": "Primitive",
        "value": "Integer"
      },
      "description": null,
      "initialValue": 10,
      "multiplicity": {
        "lower": 0,
        "upper": 1
      }
    },
    {
      "name": "selectedQuery",
      "type": {
        "kind": "Primitive",
        "value": "Text"
      },
      "description": "",
      "initialValue": "MyProductQuery",
      "multiplicity": {
        "lower": 0,
        "upper": 1
      }
    },
    {
      "name": "columns",
      "type": {
        "kind": "Primitive",
        "value": "Object"
      },
      "description": "",
      "initialValue": null,
      "multiplicity": {
        "lower": 0,
        "upper": null
      }
    },
    {
      "name": "listSorting",
      "type": {
        "kind": "Primitive",
        "value": "Object"
      },
      "description": "",
      "initialValue": null,
      "multiplicity": {
        "lower": 0,
        "upper": null
      }
    },
    {
      "name": "listFilters",
      "type": {
        "kind": "Primitive",
        "value": "Object"
      },
      "description": "",
      "initialValue": null,
      "multiplicity": {
        "lower": 0,
        "upper": null
      }
    },
    {
      "name": "hideFilterPanel",
      "type": {
        "kind": "Primitive",
        "value": "Boolean"
      },
      "description": "",
      "initialValue": true,
      "multiplicity": {
        "lower": 0,
        "upper": 1
      }
    },
    {
      "name": "listErrors",
      "type": {
        "kind": "Primitive",
        "value": "Text"
      },
      "description": "",
      "initialValue": null,
      "multiplicity": {
        "lower": 0,
        "upper": null
      }
    },
    {
      "name": "Queries",
      "type": {
        "kind": "ComponentType",
        "value": "omniabasecomponents_SelectOption"
      },
      "description": "",
      "initialValue": null,
      "multiplicity": {
        "lower": 0,
        "upper": null
      }
    }
  ],
  "behaviours": [
    {
      "name": "Initialize",
      "expression": "    variables.queries = [{\n            key: 'MyProductQuery',\n            label: context.languageTexts.products\n        },\n        {\n            key: 'MyVehicleQuery',\n            label: context.languageTexts.vehicles\n        },\n        {\n            key: 'MyCountryQuery',\n            label: context.languageTexts.countries\n        },\n        {\n            key: 'MyMeetingRoomQuery',\n            label: context.languageTexts.meetingrooms\n        }\n    ]"
    }
  ],
  "description": null,
  "classesStyles": {
    "value": "p-5",
    "source": "Direct"
  },
  "urlParameters": []
}