{
  "name": "ProductListPage",
  "type": "Page",
  "styles": ".page {\r\n    background-color: rgb(241, 241, 241);\r\n    min-height: 95%;\r\n    overflow: hidden;\r\n}",
  "scripts": "    goDetails(context, code, layout) {\n        context.redirectToApplicationAddress(`Page/ProductPage?code=${code}&returnURL=Page/ProductListPage?layout=${layout}`);\n    }",
  "elements": [
    {
      "name": "twoRow",
      "type": "Panel",
      "package": "omniabasecomponents",
      "cssStyle": {
        "value": null,
        "source": "Direct"
      },
      "elements": [
        {
          "name": "twoRowLeft",
          "type": "Panel",
          "package": "omniabasecomponents",
          "cssStyle": {
            "value": null,
            "source": "Direct"
          },
          "elements": [
            {
              "name": "panel_1",
              "type": "Panel",
              "package": "omniabasecomponents",
              "cssStyle": {
                "value": null,
                "source": "Direct"
              },
              "elements": [
                {
                  "name": "button_4",
                  "type": "Button",
                  "package": "omniabasecomponents",
                  "cssStyle": {
                    "value": null,
                    "source": "Direct"
                  },
                  "elements": [
                    {
                      "name": "image_4",
                      "type": "Image",
                      "package": "omniabasecomponents",
                      "cssStyle": {
                        "value": "width:50px;",
                        "source": "Direct"
                      },
                      "elements": [],
                      "isHidden": {
                        "value": false,
                        "source": "Direct"
                      },
                      "attributes": [
                        {
                          "key": "source",
                          "value": {
                            "value": "    return variables?.filter?.['gender'] ? context.applicationAssets.Clear : context.applicationAssets.ClearDisable;",
                            "source": "Expression"
                          }
                        },
                        {
                          "key": "omniaUrl",
                          "value": {
                            "value": null,
                            "source": "Direct"
                          }
                        },
                        {
                          "key": "title",
                          "value": {
                            "value": null,
                            "source": "Direct"
                          }
                        }
                      ],
                      "behaviours": [],
                      "classesStyles": {
                        "value": null,
                        "source": "Direct"
                      },
                      "groupElements": false
                    }
                  ],
                  "isHidden": {
                    "value": false,
                    "source": "Direct"
                  },
                  "attributes": [
                    {
                      "key": "disabled",
                      "value": {
                        "value": false,
                        "source": "Direct"
                      }
                    }
                  ],
                  "behaviours": [
                    {
                      "name": "OnClick",
                      "expression": "    variables.currentPage = 1;\n    variables.filter = {};"
                    }
                  ],
                  "classesStyles": {
                    "value": "border-0",
                    "source": "Direct"
                  },
                  "groupElements": false
                },
                {
                  "name": "_foreach",
                  "type": "_foreach",
                  "package": "",
                  "cssStyle": {
                    "value": null,
                    "source": "Direct"
                  },
                  "elements": [
                    {
                      "name": "button_2",
                      "type": "Button",
                      "package": "omniabasecomponents",
                      "cssStyle": {
                        "value": null,
                        "source": "Direct"
                      },
                      "elements": [
                        {
                          "name": "image_2",
                          "type": "Image",
                          "package": "omniabasecomponents",
                          "cssStyle": {
                            "value": "width:50px;",
                            "source": "Direct"
                          },
                          "elements": [],
                          "isHidden": {
                            "value": false,
                            "source": "Direct"
                          },
                          "attributes": [
                            {
                              "key": "source",
                              "value": {
                                "value": "    return variables?.filter?.['gender']?.value === currentElement.filter ? currentElement.image : currentElement.imageDisable;",
                                "source": "Expression"
                              }
                            },
                            {
                              "key": "omniaUrl",
                              "value": {
                                "value": null,
                                "source": "Direct"
                              }
                            },
                            {
                              "key": "title",
                              "value": {
                                "value": null,
                                "source": "Direct"
                              }
                            }
                          ],
                          "behaviours": [],
                          "classesStyles": {
                            "value": null,
                            "source": "Direct"
                          },
                          "groupElements": false
                        }
                      ],
                      "isHidden": {
                        "value": false,
                        "source": "Direct"
                      },
                      "attributes": [
                        {
                          "key": "disabled",
                          "value": {
                            "value": false,
                            "source": "Direct"
                          }
                        }
                      ],
                      "behaviours": [
                        {
                          "name": "OnClick",
                          "expression": "    variables.currentPage = 1;\n    variables.filter = {\n        gender: {\n            operator: \"EqualTo\",\n            value: currentElement.filter\n        }\n    };"
                        }
                      ],
                      "classesStyles": {
                        "value": "border-0",
                        "source": "Direct"
                      },
                      "groupElements": true
                    }
                  ],
                  "isHidden": {
                    "value": false,
                    "source": "Direct"
                  },
                  "attributes": [
                    {
                      "key": "binding",
                      "value": {
                        "value": "variables.filterOptions",
                        "source": "Binding"
                      }
                    }
                  ],
                  "behaviours": [],
                  "classesStyles": {
                    "value": null,
                    "source": "Direct"
                  },
                  "groupElements": false
                }
              ],
              "isHidden": {
                "value": false,
                "source": "Direct"
              },
              "attributes": [],
              "behaviours": [],
              "classesStyles": {
                "value": "row",
                "source": "Direct"
              },
              "groupElements": false
            }
          ],
          "isHidden": {
            "value": false,
            "source": "Direct"
          },
          "attributes": [],
          "behaviours": [],
          "classesStyles": {
            "value": "col-6",
            "source": "Direct"
          },
          "groupElements": false
        },
        {
          "name": "twoRowRight",
          "type": "Panel",
          "package": "omniabasecomponents",
          "cssStyle": {
            "value": "text-align:right;",
            "source": "Direct"
          },
          "elements": [
            {
              "name": "button_6",
              "type": "Button",
              "package": "omniabasecomponents",
              "cssStyle": {
                "value": null,
                "source": "Direct"
              },
              "elements": [
                {
                  "name": "image_6",
                  "type": "Image",
                  "package": "omniabasecomponents",
                  "cssStyle": {
                    "value": "width:50px;",
                    "source": "Direct"
                  },
                  "elements": [],
                  "isHidden": {
                    "value": false,
                    "source": "Direct"
                  },
                  "attributes": [
                    {
                      "key": "source",
                      "value": {
                        "value": "    return variables.layout === 'Column' ? context.applicationAssets.LayoutColumn : context.applicationAssets.LayoutColumnDisable;",
                        "source": "Expression"
                      }
                    },
                    {
                      "key": "omniaUrl",
                      "value": {
                        "value": null,
                        "source": "Direct"
                      }
                    },
                    {
                      "key": "title",
                      "value": {
                        "value": null,
                        "source": "Direct"
                      }
                    }
                  ],
                  "behaviours": [],
                  "classesStyles": {
                    "value": null,
                    "source": "Direct"
                  },
                  "groupElements": false
                }
              ],
              "isHidden": {
                "value": false,
                "source": "Direct"
              },
              "attributes": [
                {
                  "key": "disabled",
                  "value": {
                    "value": false,
                    "source": "Direct"
                  }
                }
              ],
              "behaviours": [
                {
                  "name": "OnClick",
                  "expression": "    variables.layout = 'Column';"
                }
              ],
              "classesStyles": {
                "value": "border-0",
                "source": "Direct"
              },
              "groupElements": true
            },
            {
              "name": "button_5",
              "type": "Button",
              "package": "omniabasecomponents",
              "cssStyle": {
                "value": null,
                "source": "Direct"
              },
              "elements": [
                {
                  "name": "image_5",
                  "type": "Image",
                  "package": "omniabasecomponents",
                  "cssStyle": {
                    "value": "width:50px;",
                    "source": "Direct"
                  },
                  "elements": [],
                  "isHidden": {
                    "value": false,
                    "source": "Direct"
                  },
                  "attributes": [
                    {
                      "key": "source",
                      "value": {
                        "value": "    return variables.layout === 'Line' ? context.applicationAssets.LayoutLine : context.applicationAssets.LayoutLineDisable;",
                        "source": "Expression"
                      }
                    },
                    {
                      "key": "omniaUrl",
                      "value": {
                        "value": null,
                        "source": "Direct"
                      }
                    },
                    {
                      "key": "title",
                      "value": {
                        "value": null,
                        "source": "Direct"
                      }
                    }
                  ],
                  "behaviours": [],
                  "classesStyles": {
                    "value": null,
                    "source": "Direct"
                  },
                  "groupElements": false
                }
              ],
              "isHidden": {
                "value": false,
                "source": "Direct"
              },
              "attributes": [
                {
                  "key": "disabled",
                  "value": {
                    "value": false,
                    "source": "Direct"
                  }
                }
              ],
              "behaviours": [
                {
                  "name": "OnClick",
                  "expression": "        variables.layout = 'Line';"
                }
              ],
              "classesStyles": {
                "value": "border-0",
                "source": "Direct"
              },
              "groupElements": true
            }
          ],
          "isHidden": {
            "value": false,
            "source": "Direct"
          },
          "attributes": [],
          "behaviours": [],
          "classesStyles": {
            "value": "col-6",
            "source": "Direct"
          },
          "groupElements": false
        }
      ],
      "isHidden": {
        "value": false,
        "source": "Direct"
      },
      "attributes": [],
      "behaviours": [],
      "classesStyles": {
        "value": "row justify-content-md-center mb-3",
        "source": "Direct"
      },
      "groupElements": false
    },
    {
      "name": "runQueryProducts",
      "type": "_runQuery",
      "package": "",
      "cssStyle": {
        "value": null,
        "source": "Direct"
      },
      "elements": [
        {
          "name": "panel",
          "type": "Panel",
          "package": "omniabasecomponents",
          "cssStyle": {
            "value": "    height: 89%;    \n    overflow-x: auto;\n    text-align: left;",
            "source": "Direct"
          },
          "elements": [
            {
              "name": "foreachProducts",
              "type": "_foreach",
              "package": "",
              "cssStyle": {
                "value": null,
                "source": "Direct"
              },
              "elements": [
                {
                  "name": "card",
                  "type": "Panel",
                  "package": "omniabasecomponents",
                  "cssStyle": {
                    "value": "    border-radius: 25px;\r\n    border: 0px;",
                    "source": "Direct"
                  },
                  "elements": [
                    {
                      "name": "cardImage",
                      "type": "Image",
                      "package": "omniabasecomponents",
                      "cssStyle": {
                        "value": "border-top-left-radius:25px;\r\nborder-top-right-radius:25px;\r\nborder-bottom-left-radius:0px !important;\r\nborder-bottom-right-radius:0px !important;\r\nobject-fit:scale-down;\r\nheight:190px;",
                        "source": "Direct"
                      },
                      "elements": [],
                      "isHidden": {
                        "value": false,
                        "source": "Direct"
                      },
                      "attributes": [
                        {
                          "key": "source",
                          "value": {
                            "value": null,
                            "source": "Direct"
                          }
                        },
                        {
                          "key": "omniaUrl",
                          "value": {
                            "value": "refs.runQueryProducts.records[indexes.foreachProducts].image",
                            "source": "Binding"
                          }
                        },
                        {
                          "key": "title",
                          "value": {
                            "value": null,
                            "source": "Direct"
                          }
                        }
                      ],
                      "behaviours": [],
                      "classesStyles": {
                        "value": "card-img-top",
                        "source": "Direct"
                      },
                      "groupElements": false
                    },
                    {
                      "name": "cardContainer",
                      "type": "Panel",
                      "package": "omniabasecomponents",
                      "cssStyle": {
                        "value": null,
                        "source": "Direct"
                      },
                      "elements": [
                        {
                          "name": "cardContainerTitle",
                          "type": "Panel",
                          "package": "omniabasecomponents",
                          "cssStyle": {
                            "value": null,
                            "source": "Direct"
                          },
                          "elements": [
                            {
                              "name": "cardContainerTitleText",
                              "type": "Text",
                              "package": "omniabasecomponents",
                              "cssStyle": {
                                "value": null,
                                "source": "Direct"
                              },
                              "elements": [],
                              "isHidden": {
                                "value": false,
                                "source": "Direct"
                              },
                              "attributes": [
                                {
                                  "key": "value",
                                  "value": {
                                    "value": "refs.runQueryProducts.records[indexes.foreachProducts]._name",
                                    "source": "Binding"
                                  }
                                }
                              ],
                              "behaviours": [],
                              "classesStyles": {
                                "value": "font-weight-bold",
                                "source": "Direct"
                              },
                              "groupElements": false
                            }
                          ],
                          "isHidden": {
                            "value": false,
                            "source": "Direct"
                          },
                          "attributes": [],
                          "behaviours": [],
                          "classesStyles": {
                            "value": null,
                            "source": "Direct"
                          },
                          "groupElements": false
                        },
                        {
                          "name": "cardContainerDescription",
                          "type": "Panel",
                          "package": "omniabasecomponents",
                          "cssStyle": {
                            "value": null,
                            "source": "Direct"
                          },
                          "elements": [
                            {
                              "name": "rightRow",
                              "type": "Panel",
                              "package": "omniabasecomponents",
                              "cssStyle": {
                                "value": null,
                                "source": "Direct"
                              },
                              "elements": [
                                {
                                  "name": "text",
                                  "type": "Text",
                                  "package": "omniabasecomponents",
                                  "cssStyle": {
                                    "value": null,
                                    "source": "Direct"
                                  },
                                  "elements": [],
                                  "isHidden": {
                                    "value": false,
                                    "source": "Direct"
                                  },
                                  "attributes": [
                                    {
                                      "key": "value",
                                      "value": {
                                        "value": "refs.runQueryProducts.records[indexes.foreachProducts].gender",
                                        "source": "Binding"
                                      }
                                    }
                                  ],
                                  "behaviours": [],
                                  "classesStyles": {
                                    "value": null,
                                    "source": "Direct"
                                  },
                                  "groupElements": false
                                }
                              ],
                              "isHidden": {
                                "value": false,
                                "source": "Direct"
                              },
                              "attributes": [],
                              "behaviours": [],
                              "classesStyles": {
                                "value": "row justify-content-md-end m-0",
                                "source": "Direct"
                              },
                              "groupElements": false
                            }
                          ],
                          "isHidden": {
                            "value": false,
                            "source": "Direct"
                          },
                          "attributes": [],
                          "behaviours": [],
                          "classesStyles": {
                            "value": null,
                            "source": "Direct"
                          },
                          "groupElements": false
                        }
                      ],
                      "isHidden": {
                        "value": false,
                        "source": "Direct"
                      },
                      "attributes": [],
                      "behaviours": [],
                      "classesStyles": {
                        "value": "card-body",
                        "source": "Direct"
                      },
                      "groupElements": false
                    },
                    {
                      "name": "carfooter",
                      "type": "Panel",
                      "package": "omniabasecomponents",
                      "cssStyle": {
                        "value": "    border-bottom-left-radius: 25px;\r\n    border-bottom-right-radius: 25px;\r\n    border-top-left-radius: 0px !important;\r\n    border-top-right-radius: 0px !important;",
                        "source": "Direct"
                      },
                      "elements": [
                        {
                          "name": "carfooterbutton",
                          "type": "Button",
                          "package": "omniabasecomponents",
                          "cssStyle": {
                            "value": "    border-bottom-left-radius: 25px;\r\n    border-bottom-right-radius: 25px;\r\n    border-top-left-radius: 0px !important;\r\n    border-top-right-radius: 0px !important;",
                            "source": "Direct"
                          },
                          "elements": [
                            {
                              "name": "buttonIcon",
                              "type": "Icon",
                              "package": "omniabasecomponents",
                              "cssStyle": {
                                "value": null,
                                "source": "Direct"
                              },
                              "elements": [],
                              "isHidden": {
                                "value": false,
                                "source": "Direct"
                              },
                              "attributes": [
                                {
                                  "key": "value",
                                  "value": {
                                    "value": "pencil",
                                    "source": "Direct"
                                  }
                                }
                              ],
                              "behaviours": [],
                              "classesStyles": {
                                "value": "pt-1",
                                "source": "Direct"
                              },
                              "groupElements": false
                            },
                            {
                              "name": "buttonText",
                              "type": "Text",
                              "package": "omniabasecomponents",
                              "cssStyle": {
                                "value": null,
                                "source": "Direct"
                              },
                              "elements": [],
                              "isHidden": {
                                "value": false,
                                "source": "Direct"
                              },
                              "attributes": [
                                {
                                  "key": "value",
                                  "value": {
                                    "value": "Edit",
                                    "source": "Direct"
                                  }
                                }
                              ],
                              "behaviours": [],
                              "classesStyles": {
                                "value": null,
                                "source": "Direct"
                              },
                              "groupElements": false
                            }
                          ],
                          "isHidden": {
                            "value": false,
                            "source": "Direct"
                          },
                          "attributes": [
                            {
                              "key": "disabled",
                              "value": {
                                "value": false,
                                "source": "Direct"
                              }
                            }
                          ],
                          "behaviours": [
                            {
                              "name": "OnClick",
                              "expression": "    scripts.goDetails(context, currentElement._code, variables.layout);    "
                            }
                          ],
                          "classesStyles": {
                            "value": "w-100 btn btn-primary",
                            "source": "Direct"
                          },
                          "groupElements": true
                        }
                      ],
                      "isHidden": {
                        "value": false,
                        "source": "Direct"
                      },
                      "attributes": [],
                      "behaviours": [],
                      "classesStyles": {
                        "value": "card-footer row justify-content-md-center m-0 p-0",
                        "source": "Direct"
                      },
                      "groupElements": false
                    }
                  ],
                  "isHidden": {
                    "value": "    return variables.layout !== 'Column';",
                    "source": "Expression"
                  },
                  "attributes": [],
                  "behaviours": [],
                  "classesStyles": {
                    "value": "card col-2 ml-2 mb-3 p-0",
                    "source": "Direct"
                  },
                  "groupElements": false
                },
                {
                  "name": "card_1",
                  "type": "Panel",
                  "package": "omniabasecomponents",
                  "cssStyle": {
                    "value": "",
                    "source": "Direct"
                  },
                  "elements": [
                    {
                      "name": "image_7",
                      "type": "Image",
                      "package": "omniabasecomponents",
                      "cssStyle": {
                        "value": "object-fit:scale-down;\r\nheight:100px;\r\nwidth:100px;\r\nmargin-left:30px;\r\nmargin-right:30px;\r\nmargin-top:30px;\r\nmargin-bottom:30px;",
                        "source": "Direct"
                      },
                      "elements": [],
                      "isHidden": {
                        "value": false,
                        "source": "Direct"
                      },
                      "attributes": [
                        {
                          "key": "source",
                          "value": {
                            "value": null,
                            "source": "Direct"
                          }
                        },
                        {
                          "key": "omniaUrl",
                          "value": {
                            "value": "refs.runQueryProducts.records[indexes.foreachProducts].image",
                            "source": "Binding"
                          }
                        },
                        {
                          "key": "title",
                          "value": {
                            "value": null,
                            "source": "Direct"
                          }
                        }
                      ],
                      "behaviours": [],
                      "classesStyles": {
                        "value": "card-img-top",
                        "source": "Direct"
                      },
                      "groupElements": false
                    },
                    {
                      "name": "cardContainer_1",
                      "type": "Panel",
                      "package": "omniabasecomponents",
                      "cssStyle": {
                        "value": null,
                        "source": "Direct"
                      },
                      "elements": [
                        {
                          "name": "cardContainerDescription_1",
                          "type": "Panel",
                          "package": "omniabasecomponents",
                          "cssStyle": {
                            "value": null,
                            "source": "Direct"
                          },
                          "elements": [
                            {
                              "name": "cardContainerDescriptionText",
                              "type": "Text",
                              "package": "omniabasecomponents",
                              "cssStyle": {
                                "value": null,
                                "source": "Direct"
                              },
                              "elements": [],
                              "isHidden": {
                                "value": false,
                                "source": "Direct"
                              },
                              "attributes": [
                                {
                                  "key": "value",
                                  "value": {
                                    "value": "refs.runQueryProducts.records[indexes.foreachProducts]._name",
                                    "source": "Binding"
                                  }
                                }
                              ],
                              "behaviours": [],
                              "classesStyles": {
                                "value": "font-weight-bold",
                                "source": "Direct"
                              },
                              "groupElements": false
                            }
                          ],
                          "isHidden": {
                            "value": false,
                            "source": "Direct"
                          },
                          "attributes": [],
                          "behaviours": [],
                          "classesStyles": {
                            "value": null,
                            "source": "Direct"
                          },
                          "groupElements": false
                        },
                        {
                          "name": "cardContainerDescription_3",
                          "type": "Panel",
                          "package": "omniabasecomponents",
                          "cssStyle": {
                            "value": null,
                            "source": "Direct"
                          },
                          "elements": [
                            {
                              "name": "cardContainerDescriptionText_2",
                              "type": "Text",
                              "package": "omniabasecomponents",
                              "cssStyle": {
                                "value": null,
                                "source": "Direct"
                              },
                              "elements": [],
                              "isHidden": {
                                "value": false,
                                "source": "Direct"
                              },
                              "attributes": [
                                {
                                  "key": "value",
                                  "value": {
                                    "value": "refs.runQueryProducts.records[indexes.foreachProducts].category",
                                    "source": "Binding"
                                  }
                                }
                              ],
                              "behaviours": [],
                              "classesStyles": {
                                "value": "",
                                "source": "Direct"
                              },
                              "groupElements": false
                            }
                          ],
                          "isHidden": {
                            "value": false,
                            "source": "Direct"
                          },
                          "attributes": [],
                          "behaviours": [],
                          "classesStyles": {
                            "value": null,
                            "source": "Direct"
                          },
                          "groupElements": false
                        },
                        {
                          "name": "cardContainerDescription_4",
                          "type": "Panel",
                          "package": "omniabasecomponents",
                          "cssStyle": {
                            "value": null,
                            "source": "Direct"
                          },
                          "elements": [
                            {
                              "name": "cardContainerDescriptionText_3",
                              "type": "Text",
                              "package": "omniabasecomponents",
                              "cssStyle": {
                                "value": null,
                                "source": "Direct"
                              },
                              "elements": [],
                              "isHidden": {
                                "value": false,
                                "source": "Direct"
                              },
                              "attributes": [
                                {
                                  "key": "value",
                                  "value": {
                                    "value": "refs.runQueryProducts.records[indexes.foreachProducts].gender",
                                    "source": "Binding"
                                  }
                                }
                              ],
                              "behaviours": [],
                              "classesStyles": {
                                "value": "",
                                "source": "Direct"
                              },
                              "groupElements": false
                            }
                          ],
                          "isHidden": {
                            "value": false,
                            "source": "Direct"
                          },
                          "attributes": [],
                          "behaviours": [],
                          "classesStyles": {
                            "value": "refs.runQueryProducts.records[indexes.foreachProducts].gender",
                            "source": "Binding"
                          },
                          "groupElements": false
                        },
                        {
                          "name": "cardContainerDescription_2",
                          "type": "Panel",
                          "package": "omniabasecomponents",
                          "cssStyle": {
                            "value": null,
                            "source": "Direct"
                          },
                          "elements": [
                            {
                              "name": "cardContainerDescriptionText_1",
                              "type": "Text",
                              "package": "omniabasecomponents",
                              "cssStyle": {
                                "value": null,
                                "source": "Direct"
                              },
                              "elements": [],
                              "isHidden": {
                                "value": false,
                                "source": "Direct"
                              },
                              "attributes": [
                                {
                                  "key": "value",
                                  "value": {
                                    "value": "refs.runQueryProducts.records[indexes.foreachProducts]._description",
                                    "source": "Binding"
                                  }
                                }
                              ],
                              "behaviours": [],
                              "classesStyles": {
                                "value": null,
                                "source": "Direct"
                              },
                              "groupElements": false
                            }
                          ],
                          "isHidden": {
                            "value": false,
                            "source": "Direct"
                          },
                          "attributes": [],
                          "behaviours": [],
                          "classesStyles": {
                            "value": null,
                            "source": "Direct"
                          },
                          "groupElements": false
                        },
                        {
                          "name": "rightRow_1",
                          "type": "Panel",
                          "package": "omniabasecomponents",
                          "cssStyle": {
                            "value": null,
                            "source": "Direct"
                          },
                          "elements": [
                            {
                              "name": "cardFooterButton",
                              "type": "Button",
                              "package": "omniabasecomponents",
                              "cssStyle": {
                                "value": null,
                                "source": "Direct"
                              },
                              "elements": [
                                {
                                  "name": "buttonIcon_1",
                                  "type": "Icon",
                                  "package": "omniabasecomponents",
                                  "cssStyle": {
                                    "value": null,
                                    "source": "Direct"
                                  },
                                  "elements": [],
                                  "isHidden": {
                                    "value": false,
                                    "source": "Direct"
                                  },
                                  "attributes": [
                                    {
                                      "key": "value",
                                      "value": {
                                        "value": "pencil-square-o",
                                        "source": "Direct"
                                      }
                                    }
                                  ],
                                  "behaviours": [],
                                  "classesStyles": {
                                    "value": "pt-1",
                                    "source": "Direct"
                                  },
                                  "groupElements": false
                                },
                                {
                                  "name": "buttonText_1",
                                  "type": "Text",
                                  "package": "omniabasecomponents",
                                  "cssStyle": {
                                    "value": null,
                                    "source": "Direct"
                                  },
                                  "elements": [],
                                  "isHidden": {
                                    "value": false,
                                    "source": "Direct"
                                  },
                                  "attributes": [
                                    {
                                      "key": "value",
                                      "value": {
                                        "value": "Edit",
                                        "source": "Direct"
                                      }
                                    }
                                  ],
                                  "behaviours": [],
                                  "classesStyles": {
                                    "value": null,
                                    "source": "Direct"
                                  },
                                  "groupElements": false
                                }
                              ],
                              "isHidden": {
                                "value": false,
                                "source": "Direct"
                              },
                              "attributes": [
                                {
                                  "key": "disabled",
                                  "value": {
                                    "value": false,
                                    "source": "Direct"
                                  }
                                }
                              ],
                              "behaviours": [
                                {
                                  "name": "OnClick",
                                  "expression": "    scripts.goDetails(context, currentElement._code, variables.layout);"
                                }
                              ],
                              "classesStyles": {
                                "value": "d-inline-flex btn btn-success",
                                "source": "Direct"
                              },
                              "groupElements": true
                            }
                          ],
                          "isHidden": {
                            "value": false,
                            "source": "Direct"
                          },
                          "attributes": [],
                          "behaviours": [],
                          "classesStyles": {
                            "value": "row justify-content-md-end m-0",
                            "source": "Direct"
                          },
                          "groupElements": false
                        }
                      ],
                      "isHidden": {
                        "value": false,
                        "source": "Direct"
                      },
                      "attributes": [],
                      "behaviours": [],
                      "classesStyles": {
                        "value": "card-body",
                        "source": "Direct"
                      },
                      "groupElements": false
                    }
                  ],
                  "isHidden": {
                    "value": "    return variables.layout !== 'Line';",
                    "source": "Expression"
                  },
                  "attributes": [],
                  "behaviours": [],
                  "classesStyles": {
                    "value": "card col-11 ml-3 mb-3 p-0 d-flex flex-row",
                    "source": "Direct"
                  },
                  "groupElements": false
                }
              ],
              "isHidden": {
                "value": false,
                "source": "Direct"
              },
              "attributes": [
                {
                  "key": "binding",
                  "value": {
                    "value": "refs.runQueryProducts.records",
                    "source": "Binding"
                  }
                }
              ],
              "behaviours": [],
              "classesStyles": {
                "value": null,
                "source": "Direct"
              },
              "groupElements": false
            }
          ],
          "isHidden": {
            "value": false,
            "source": "Direct"
          },
          "attributes": [],
          "behaviours": [],
          "classesStyles": {
            "value": "row  justify-content-md-center m-0",
            "source": "Direct"
          },
          "groupElements": false
        }
      ],
      "isHidden": {
        "value": false,
        "source": "Direct"
      },
      "attributes": [
        {
          "key": "query",
          "value": {
            "value": "ProductQuery",
            "source": "Direct"
          }
        },
        {
          "key": "dataSource",
          "value": {
            "value": "Default",
            "source": "Direct"
          }
        },
        {
          "key": "parameters",
          "value": {
            "value": null,
            "source": "Direct"
          }
        },
        {
          "key": "filters",
          "value": {
            "value": "    return variables.filter;",
            "source": "Expression"
          }
        },
        {
          "key": "sorting",
          "value": {
            "value": null,
            "source": "Direct"
          }
        },
        {
          "key": "currentPage",
          "value": {
            "value": "variables.currentPage",
            "source": "Binding"
          }
        },
        {
          "key": "pageSize",
          "value": {
            "value": "variables.pageSize",
            "source": "Binding"
          }
        }
      ],
      "behaviours": [],
      "classesStyles": {
        "value": null,
        "source": "Direct"
      },
      "groupElements": false
    },
    {
      "name": "centerRow_1",
      "type": "Panel",
      "package": "omniabasecomponents",
      "cssStyle": {
        "value": null,
        "source": "Direct"
      },
      "elements": [
        {
          "name": "PaginationPanel",
          "type": "Panel",
          "package": "omniabasecomponents",
          "cssStyle": {
            "value": null,
            "source": "Direct"
          },
          "elements": [
            {
              "name": "btnPaginationFirst",
              "type": "Button",
              "package": "omniabasecomponents",
              "cssStyle": {
                "value": null,
                "source": "Direct"
              },
              "elements": [
                {
                  "name": "btnPaginationFirstIcon",
                  "type": "Icon",
                  "package": "omniabasecomponents",
                  "cssStyle": {
                    "value": null,
                    "source": "Direct"
                  },
                  "elements": [],
                  "isHidden": {
                    "value": false,
                    "source": "Direct"
                  },
                  "attributes": [
                    {
                      "key": "value",
                      "value": {
                        "value": "step-backward",
                        "source": "Direct"
                      }
                    }
                  ],
                  "behaviours": [],
                  "classesStyles": {
                    "value": null,
                    "source": "Direct"
                  },
                  "groupElements": false
                }
              ],
              "isHidden": {
                "value": false,
                "source": "Direct"
              },
              "attributes": [
                {
                  "key": "disabled",
                  "value": {
                    "value": false,
                    "source": "Direct"
                  }
                }
              ],
              "behaviours": [
                {
                  "name": "OnClick",
                  "expression": "    variables.currentPage = 1;"
                }
              ],
              "classesStyles": {
                "value": "page-link",
                "source": "Direct"
              },
              "groupElements": true
            },
            {
              "name": "btnPaginationPreview",
              "type": "Button",
              "package": "omniabasecomponents",
              "cssStyle": {
                "value": null,
                "source": "Direct"
              },
              "elements": [
                {
                  "name": "btnPaginationPreviewIcon",
                  "type": "Icon",
                  "package": "omniabasecomponents",
                  "cssStyle": {
                    "value": null,
                    "source": "Direct"
                  },
                  "elements": [],
                  "isHidden": {
                    "value": false,
                    "source": "Direct"
                  },
                  "attributes": [
                    {
                      "key": "value",
                      "value": {
                        "value": "chevron-left",
                        "source": "Direct"
                      }
                    }
                  ],
                  "behaviours": [],
                  "classesStyles": {
                    "value": null,
                    "source": "Direct"
                  },
                  "groupElements": false
                }
              ],
              "isHidden": {
                "value": false,
                "source": "Direct"
              },
              "attributes": [
                {
                  "key": "disabled",
                  "value": {
                    "value": false,
                    "source": "Direct"
                  }
                }
              ],
              "behaviours": [
                {
                  "name": "OnClick",
                  "expression": "    variables.currentPage = Math.max(variables.currentPage - 1, 1);"
                }
              ],
              "classesStyles": {
                "value": "page-link",
                "source": "Direct"
              },
              "groupElements": true
            },
            {
              "name": "paginationLabel1",
              "type": "Text",
              "package": "omniabasecomponents",
              "cssStyle": {
                "value": "padding-top:7px;\r\nborder-right-style:none;",
                "source": "Direct"
              },
              "elements": [],
              "isHidden": {
                "value": false,
                "source": "Direct"
              },
              "attributes": [
                {
                  "key": "value",
                  "value": {
                    "value": "variables.currentPage",
                    "source": "Binding"
                  }
                }
              ],
              "behaviours": [],
              "classesStyles": {
                "value": "page-link",
                "source": "Direct"
              },
              "groupElements": false
            },
            {
              "name": "paginationLabel2",
              "type": "Text",
              "package": "omniabasecomponents",
              "cssStyle": {
                "value": "padding-top:7px;\r\nborder-right-style:none;\r\nborder-left-style:none;",
                "source": "Direct"
              },
              "elements": [],
              "isHidden": {
                "value": false,
                "source": "Direct"
              },
              "attributes": [
                {
                  "key": "value",
                  "value": {
                    "value": "of",
                    "source": "Direct"
                  }
                }
              ],
              "behaviours": [],
              "classesStyles": {
                "value": "page-link",
                "source": "Direct"
              },
              "groupElements": false
            },
            {
              "name": "paginationLabel3",
              "type": "Text",
              "package": "omniabasecomponents",
              "cssStyle": {
                "value": "padding-top:7px;\r\nborder-right-style:none;\r\nborder-left-style:none;",
                "source": "Direct"
              },
              "elements": [],
              "isHidden": {
                "value": false,
                "source": "Direct"
              },
              "attributes": [
                {
                  "key": "value",
                  "value": {
                    "value": "refs.runQueryProducts.totalPages",
                    "source": "Binding"
                  }
                }
              ],
              "behaviours": [],
              "classesStyles": {
                "value": "page-link",
                "source": "Direct"
              },
              "groupElements": false
            },
            {
              "name": "btnPaginationNext",
              "type": "Button",
              "package": "omniabasecomponents",
              "cssStyle": {
                "value": null,
                "source": "Direct"
              },
              "elements": [
                {
                  "name": "btnPaginationNextIcon",
                  "type": "Icon",
                  "package": "omniabasecomponents",
                  "cssStyle": {
                    "value": null,
                    "source": "Direct"
                  },
                  "elements": [],
                  "isHidden": {
                    "value": false,
                    "source": "Direct"
                  },
                  "attributes": [
                    {
                      "key": "value",
                      "value": {
                        "value": "chevron-right",
                        "source": "Direct"
                      }
                    }
                  ],
                  "behaviours": [],
                  "classesStyles": {
                    "value": null,
                    "source": "Direct"
                  },
                  "groupElements": false
                }
              ],
              "isHidden": {
                "value": false,
                "source": "Direct"
              },
              "attributes": [
                {
                  "key": "disabled",
                  "value": {
                    "value": false,
                    "source": "Direct"
                  }
                }
              ],
              "behaviours": [
                {
                  "name": "OnClick",
                  "expression": "    variables.currentPage = Math.min(variables.currentPage + 1, refs?.runQueryProducts?.totalPages ?? 1)"
                }
              ],
              "classesStyles": {
                "value": "page-link",
                "source": "Direct"
              },
              "groupElements": true
            },
            {
              "name": "btnPaginationLast",
              "type": "Button",
              "package": "omniabasecomponents",
              "cssStyle": {
                "value": null,
                "source": "Direct"
              },
              "elements": [
                {
                  "name": "btnPaginationLastIcon",
                  "type": "Icon",
                  "package": "omniabasecomponents",
                  "cssStyle": {
                    "value": null,
                    "source": "Direct"
                  },
                  "elements": [],
                  "isHidden": {
                    "value": false,
                    "source": "Direct"
                  },
                  "attributes": [
                    {
                      "key": "value",
                      "value": {
                        "value": "step-forward",
                        "source": "Direct"
                      }
                    }
                  ],
                  "behaviours": [],
                  "classesStyles": {
                    "value": null,
                    "source": "Direct"
                  },
                  "groupElements": false
                }
              ],
              "isHidden": {
                "value": false,
                "source": "Direct"
              },
              "attributes": [
                {
                  "key": "disabled",
                  "value": {
                    "value": false,
                    "source": "Direct"
                  }
                }
              ],
              "behaviours": [
                {
                  "name": "OnClick",
                  "expression": "    variables.currentPage = refs?.runQueryProducts?.totalPages ?? 1;"
                }
              ],
              "classesStyles": {
                "value": "page-link",
                "source": "Direct"
              },
              "groupElements": true
            },
            {
              "name": "cbPaginationRefresh",
              "type": "Button",
              "package": "omniabasecomponents",
              "cssStyle": {
                "value": null,
                "source": "Direct"
              },
              "elements": [
                {
                  "name": "cbPaginationRefreshIcon",
                  "type": "Icon",
                  "package": "omniabasecomponents",
                  "cssStyle": {
                    "value": null,
                    "source": "Direct"
                  },
                  "elements": [],
                  "isHidden": {
                    "value": false,
                    "source": "Direct"
                  },
                  "attributes": [
                    {
                      "key": "value",
                      "value": {
                        "value": "refresh",
                        "source": "Direct"
                      }
                    }
                  ],
                  "behaviours": [],
                  "classesStyles": {
                    "value": null,
                    "source": "Direct"
                  },
                  "groupElements": false
                }
              ],
              "isHidden": {
                "value": false,
                "source": "Direct"
              },
              "attributes": [
                {
                  "key": "disabled",
                  "value": {
                    "value": false,
                    "source": "Direct"
                  }
                }
              ],
              "behaviours": [
                {
                  "name": "OnClick",
                  "expression": "    refs.runQueryProducts.refresh();"
                }
              ],
              "classesStyles": {
                "value": "page-link",
                "source": "Direct"
              },
              "groupElements": true
            },
            {
              "name": "cbPaginationPageSize",
              "type": "Select",
              "package": "omniabasecomponents",
              "cssStyle": {
                "value": null,
                "source": "Direct"
              },
              "elements": [],
              "isHidden": {
                "value": false,
                "source": "Direct"
              },
              "attributes": [
                {
                  "key": "options",
                  "value": {
                    "value": "    return [\n        { key: 10, label: 10 },\n        { key: 25, label: 25 },\n        { key: 50, label: 50 },\n        { key: 100, label: 100 }\n    ]",
                    "source": "Expression"
                  }
                },
                {
                  "key": "value",
                  "value": {
                    "value": "    return variables.pageSize;",
                    "source": "Expression"
                  }
                },
                {
                  "key": "readOnly",
                  "value": {
                    "value": null,
                    "source": "Direct"
                  }
                }
              ],
              "behaviours": [
                {
                  "name": "OnSelect",
                  "expression": "    variables.currentPage = 1;\n    variables.pageSize = Number(params[0]);"
                }
              ],
              "classesStyles": {
                "value": "page-link",
                "source": "Direct"
              },
              "groupElements": false
            }
          ],
          "isHidden": {
            "value": false,
            "source": "Direct"
          },
          "attributes": [],
          "behaviours": [],
          "classesStyles": {
            "value": "pagination pagination-sm",
            "source": "Direct"
          },
          "groupElements": true
        }
      ],
      "isHidden": {
        "value": false,
        "source": "Direct"
      },
      "attributes": [],
      "behaviours": [],
      "classesStyles": {
        "value": "row justify-content-md-center m-0 p-2",
        "source": "Direct"
      },
      "groupElements": false
    }
  ],
  "variables": [
    {
      "name": "Filter",
      "type": {
        "kind": "Primitive",
        "value": "Object"
      },
      "description": "",
      "initialValue": null,
      "multiplicity": {
        "lower": 0,
        "upper": 1
      }
    },
    {
      "name": "Layout",
      "type": {
        "kind": "Primitive",
        "value": "Text"
      },
      "description": "",
      "initialValue": "Column",
      "multiplicity": {
        "lower": 0,
        "upper": 1
      }
    },
    {
      "name": "FilterOptions",
      "type": {
        "kind": "Primitive",
        "value": "Object"
      },
      "description": "",
      "initialValue": null,
      "multiplicity": {
        "lower": 0,
        "upper": null
      }
    },
    {
      "name": "PageSize",
      "type": {
        "kind": "Primitive",
        "value": "Integer"
      },
      "description": "",
      "initialValue": 10,
      "multiplicity": {
        "lower": 0,
        "upper": 1
      }
    },
    {
      "name": "CurrentPage",
      "type": {
        "kind": "Primitive",
        "value": "Integer"
      },
      "description": "",
      "initialValue": 1,
      "multiplicity": {
        "lower": 0,
        "upper": 1
      }
    }
  ],
  "behaviours": [
    {
      "name": "Initialize",
      "expression": "    context.uiTools.setBreadcrumbText([{text: context.languageTexts.productslist}]);\n    variables.filterOptions = [{\n            filter: \"Men\",\n            image: context.applicationAssets.Man,\n            imageDisable: context.applicationAssets.ManDisable,\n        },\n        {\n            filter: \"Women\",\n            image: context.applicationAssets.Woman,\n            imageDisable: context.applicationAssets.WomanDisable,\n        },\n        {\n            filter: \"Boys\",\n            image: context.applicationAssets.Boy,\n            imageDisable: context.applicationAssets.BoyDisable,\n        },\n        {\n            filter: \"Girls\",\n            image: context.applicationAssets.Girls,\n            imageDisable: context.applicationAssets.GirlsDisable,\n        }\n    ];\n\n    if (urlParameters.layout)\n        variables.layout = urlParameters.layout;"
    }
  ],
  "description": "",
  "classesStyles": {
    "value": "p-4 page",
    "source": "Direct"
  },
  "urlParameters": [
    {
      "name": "layout",
      "type": "Text",
      "description": "",
      "multiplicity": {
        "lower": 1,
        "upper": 1
      }
    }
  ]
}