{
  "name": "RoomReservationPage",
  "type": "Page",
  "styles": ".page {\r\n    background-image: var(--assetUrl_OmniaBG);\r\n    background-size:100% 100%;\r\n    height: 100%;\r\n}\r\n\r\n.inactive-menu-button {\r\n    //background-color: rgba(255, 255, 255, 1);\r\n    background-color: #72aafc;\r\n}\r\n\r\n.active-menu-button {\r\n    //background-color: rgba(226, 226, 226, 1);\r\n    background-color: rgba(255, 255, 255, 1);\r\n    \r\n}\r\n\r\n.active-menu-button:focus {\r\n    outline: none;\r\n    box-shadow: none;\r\n}\r\n\r\n.inactive-menu-button:focus {\r\n    outline: none;\r\n    box-shadow: none;\r\n}\r\n\r\n.available-background {\r\n    background-color: #8dc251;\r\n    \r\n}\r\n\r\n.occupied-background {\r\n    background-color: #dd4654\r\n;\r\n    \r\n}",
  "scripts": "    nthNumber(number) {\n        let suffix = \"\";\n        if (number > 3 && number < 21) suffix = \"th\";\n        switch (number % 10) {\n            case 1:\n                suffix = \"st\";\n                break;\n            case 2:\n                suffix = \"nd\";\n                break;\n            case 3:\n                suffix = \"rd\";\n                break;\n            default:\n                suffix = \"th\";\n                break;\n        }\n        return `${number}${suffix}`;\n    };",
  "elements": [
    {
      "name": "panel_1",
      "type": "Panel",
      "package": "omniabasecomponents",
      "cssStyle": {
        "value": "    width: 100%;\n    margin-right: 0;\n    margin-left: 0;",
        "source": "Direct"
      },
      "elements": [
        {
          "name": "panel_2",
          "type": "Panel",
          "package": "omniabasecomponents",
          "cssStyle": {
            "value": "padding-top: 10px;\n    min-height: 100%;",
            "source": "Direct"
          },
          "elements": [
            {
              "name": "_runQuery_1",
              "type": "_runQuery",
              "package": "",
              "cssStyle": {
                "value": null,
                "source": "Direct"
              },
              "elements": [
                {
                  "name": "_foreach_1",
                  "type": "_foreach",
                  "package": "",
                  "cssStyle": {
                    "value": null,
                    "source": "Direct"
                  },
                  "elements": [
                    {
                      "name": "panel_3",
                      "type": "Panel",
                      "package": "omniabasecomponents",
                      "cssStyle": {
                        "value": "    height: 3rem;\n    justify-content: center;\n    ",
                        "source": "Direct"
                      },
                      "elements": [
                        {
                          "name": "button",
                          "type": "Button",
                          "package": "omniabasecomponents",
                          "cssStyle": {
                            "value": "border-radius: 0px;",
                            "source": "Direct"
                          },
                          "elements": [
                            {
                              "name": "text",
                              "type": "Text",
                              "package": "omniabasecomponents",
                              "cssStyle": {
                                "value": null,
                                "source": "Expression"
                              },
                              "elements": [],
                              "isHidden": {
                                "value": false,
                                "source": "Direct"
                              },
                              "attributes": [
                                {
                                  "key": "value",
                                  "value": {
                                    "value": "return `${scripts.nthNumber(currentElement.floor)} Floor`",
                                    "source": "Expression"
                                  }
                                }
                              ],
                              "behaviours": [],
                              "classesStyles": {
                                "value": "return `${variables.filters?.floor?.value !== currentElement.floor ? \"font-weight-normal\" : \"font-weight-bold\"}`",
                                "source": "Expression"
                              },
                              "groupElements": false
                            }
                          ],
                          "isHidden": {
                            "value": false,
                            "source": "Direct"
                          },
                          "attributes": [
                            {
                              "key": "disabled",
                              "value": {
                                "value": false,
                                "source": "Direct"
                              }
                            }
                          ],
                          "behaviours": [
                            {
                              "name": "OnClick",
                              "expression": "    variables.filters = {\n        floor: {\n            operator: \"EqualTo\",\n            value: currentElement.floor\n        }\n    };"
                            }
                          ],
                          "classesStyles": {
                            "value": "\n   return `btn btn-block border-0 ${variables.filters?.floor?.value !== currentElement.floor ? \"inactive-menu-button\" : \"active-menu-button\"}`",
                            "source": "Expression"
                          },
                          "groupElements": true
                        }
                      ],
                      "isHidden": {
                        "value": false,
                        "source": "Direct"
                      },
                      "attributes": [],
                      "behaviours": [],
                      "classesStyles": {
                        "value": "row ",
                        "source": "Direct"
                      },
                      "groupElements": false
                    }
                  ],
                  "isHidden": {
                    "value": false,
                    "source": "Direct"
                  },
                  "attributes": [
                    {
                      "key": "binding",
                      "value": {
                        "value": "refs._runQuery_1.records",
                        "source": "Binding"
                      }
                    }
                  ],
                  "behaviours": [],
                  "classesStyles": {
                    "value": null,
                    "source": "Direct"
                  },
                  "groupElements": false
                }
              ],
              "isHidden": {
                "value": false,
                "source": "Direct"
              },
              "attributes": [
                {
                  "key": "query",
                  "value": {
                    "value": "RoomFloorsQuery",
                    "source": "Direct"
                  }
                },
                {
                  "key": "dataSource",
                  "value": {
                    "value": "Default",
                    "source": "Direct"
                  }
                },
                {
                  "key": "parameters",
                  "value": {
                    "value": null,
                    "source": "Direct"
                  }
                },
                {
                  "key": "filters",
                  "value": {
                    "value": null,
                    "source": "Direct"
                  }
                },
                {
                  "key": "sorting",
                  "value": {
                    "value": null,
                    "source": "Direct"
                  }
                },
                {
                  "key": "currentPage",
                  "value": {
                    "value": 1,
                    "source": "Direct"
                  }
                },
                {
                  "key": "pageSize",
                  "value": {
                    "value": 25,
                    "source": "Direct"
                  }
                }
              ],
              "behaviours": [
                {
                  "name": "OnLoad",
                  "expression": "    if (refs._runQuery_1.records?.length > 0)\n        variables.filters = {\n            floor: {\n                operator: \"EqualTo\",\n                value: refs._runQuery_1.records[0].floor\n            }\n        };"
                }
              ],
              "classesStyles": {
                "value": null,
                "source": "Direct"
              },
              "groupElements": false
            }
          ],
          "isHidden": {
            "value": false,
            "source": "Direct"
          },
          "attributes": [],
          "behaviours": [],
          "classesStyles": {
            "value": "col-2",
            "source": "Direct"
          },
          "groupElements": false
        },
        {
          "name": "panel",
          "type": "Panel",
          "package": "omniabasecomponents",
          "cssStyle": {
            "value": "\n    padding-top: 10px;\n    justify-content: center;",
            "source": "Direct"
          },
          "elements": [
            {
              "name": "_runQuery",
              "type": "_runQuery",
              "package": "",
              "cssStyle": {
                "value": null,
                "source": "Direct"
              },
              "elements": [
                {
                  "name": "_foreach",
                  "type": "_foreach",
                  "package": "",
                  "cssStyle": {
                    "value": null,
                    "source": "Direct"
                  },
                  "elements": [
                    {
                      "name": "card",
                      "type": "Panel",
                      "package": "omniabasecomponents",
                      "cssStyle": {
                        "value": "    border-radius: 0px;\n    border: 0px;",
                        "source": "Direct"
                      },
                      "elements": [
                        {
                          "name": "cardContainer",
                          "type": "Panel",
                          "package": "omniabasecomponents",
                          "cssStyle": {
                            "value": null,
                            "source": "Direct"
                          },
                          "elements": [
                            {
                              "name": "cardContainerDescription_1",
                              "type": "Panel",
                              "package": "omniabasecomponents",
                              "cssStyle": {
                                "value": null,
                                "source": "Direct"
                              },
                              "elements": [
                                {
                                  "name": "cardContainerTitle",
                                  "type": "Panel",
                                  "package": "omniabasecomponents",
                                  "cssStyle": {
                                    "value": null,
                                    "source": "Direct"
                                  },
                                  "elements": [
                                    {
                                      "name": "cardContainerTitleText",
                                      "type": "Text",
                                      "package": "omniabasecomponents",
                                      "cssStyle": {
                                        "value": null,
                                        "source": "Direct"
                                      },
                                      "elements": [],
                                      "isHidden": {
                                        "value": false,
                                        "source": "Direct"
                                      },
                                      "attributes": [
                                        {
                                          "key": "value",
                                          "value": {
                                            "value": "refs._runQuery.records[indexes._foreach]._code",
                                            "source": "Binding"
                                          }
                                        }
                                      ],
                                      "behaviours": [],
                                      "classesStyles": {
                                        "value": "font-weight-bold",
                                        "source": "Direct"
                                      },
                                      "groupElements": false
                                    }
                                  ],
                                  "isHidden": {
                                    "value": false,
                                    "source": "Direct"
                                  },
                                  "attributes": [],
                                  "behaviours": [],
                                  "classesStyles": {
                                    "value": "col-3 hover-img",
                                    "source": "Direct"
                                  },
                                  "groupElements": false
                                },
                                {
                                  "name": "cardContainerDescription",
                                  "type": "Panel",
                                  "package": "omniabasecomponents",
                                  "cssStyle": {
                                    "value": null,
                                    "source": "Direct"
                                  },
                                  "elements": [
                                    {
                                      "name": "panel_5",
                                      "type": "Panel",
                                      "package": "omniabasecomponents",
                                      "cssStyle": {
                                        "value": null,
                                        "source": "Direct"
                                      },
                                      "elements": [
                                        {
                                          "name": "cardContainerDescriptionText",
                                          "type": "Text",
                                          "package": "omniabasecomponents",
                                          "cssStyle": {
                                            "value": null,
                                            "source": "Direct"
                                          },
                                          "elements": [],
                                          "isHidden": {
                                            "value": false,
                                            "source": "Direct"
                                          },
                                          "attributes": [
                                            {
                                              "key": "value",
                                              "value": {
                                                "value": "refs._runQuery.records[indexes._foreach]._description",
                                                "source": "Binding"
                                              }
                                            }
                                          ],
                                          "behaviours": [],
                                          "classesStyles": {
                                            "value": null,
                                            "source": "Direct"
                                          },
                                          "groupElements": false
                                        }
                                      ],
                                      "isHidden": {
                                        "value": false,
                                        "source": "Direct"
                                      },
                                      "attributes": [],
                                      "behaviours": [],
                                      "classesStyles": {
                                        "value": "row",
                                        "source": "Direct"
                                      },
                                      "groupElements": false
                                    },
                                    {
                                      "name": "panel_4",
                                      "type": "Panel",
                                      "package": "omniabasecomponents",
                                      "cssStyle": {
                                        "value": null,
                                        "source": "Direct"
                                      },
                                      "elements": [
                                        {
                                          "name": "cardContainerDescriptionText_1",
                                          "type": "Text",
                                          "package": "omniabasecomponents",
                                          "cssStyle": {
                                            "value": null,
                                            "source": "Direct"
                                          },
                                          "elements": [],
                                          "isHidden": {
                                            "value": false,
                                            "source": "Direct"
                                          },
                                          "attributes": [
                                            {
                                              "key": "value",
                                              "value": {
                                                "value": "    return `Lotation: ${currentElement.numberofseats} seats`",
                                                "source": "Expression"
                                              }
                                            }
                                          ],
                                          "behaviours": [],
                                          "classesStyles": {
                                            "value": null,
                                            "source": "Direct"
                                          },
                                          "groupElements": false
                                        }
                                      ],
                                      "isHidden": {
                                        "value": false,
                                        "source": "Direct"
                                      },
                                      "attributes": [],
                                      "behaviours": [],
                                      "classesStyles": {
                                        "value": "row",
                                        "source": "Direct"
                                      },
                                      "groupElements": false
                                    },
                                    {
                                      "name": "panel_6",
                                      "type": "Panel",
                                      "package": "omniabasecomponents",
                                      "cssStyle": {
                                        "value": null,
                                        "source": "Direct"
                                      },
                                      "elements": [
                                        {
                                          "name": "cardContainerDescriptionText_2",
                                          "type": "Text",
                                          "package": "omniabasecomponents",
                                          "cssStyle": {
                                            "value": null,
                                            "source": "Direct"
                                          },
                                          "elements": [],
                                          "isHidden": {
                                            "value": false,
                                            "source": "Direct"
                                          },
                                          "attributes": [
                                            {
                                              "key": "value",
                                              "value": {
                                                "value": "Features: ",
                                                "source": "Direct"
                                              }
                                            }
                                          ],
                                          "behaviours": [],
                                          "classesStyles": {
                                            "value": null,
                                            "source": "Direct"
                                          },
                                          "groupElements": false
                                        },
                                        {
                                          "name": "icon",
                                          "type": "Icon",
                                          "package": "omniabasecomponents",
                                          "cssStyle": {
                                            "value": "align-self: center;",
                                            "source": "Direct"
                                          },
                                          "elements": [],
                                          "isHidden": {
                                            "value": "    return !currentElement.hastv;",
                                            "source": "Expression"
                                          },
                                          "attributes": [
                                            {
                                              "key": "value",
                                              "value": {
                                                "value": "tv",
                                                "source": "Direct"
                                              }
                                            }
                                          ],
                                          "behaviours": [],
                                          "classesStyles": {
                                            "value": null,
                                            "source": "Direct"
                                          },
                                          "groupElements": false
                                        },
                                        {
                                          "name": "icon_1",
                                          "type": "Icon",
                                          "package": "omniabasecomponents",
                                          "cssStyle": {
                                            "value": "align-self: center;",
                                            "source": "Direct"
                                          },
                                          "elements": [],
                                          "isHidden": {
                                            "value": "    return !currentElement.hascoffeemachine;",
                                            "source": "Expression"
                                          },
                                          "attributes": [
                                            {
                                              "key": "value",
                                              "value": {
                                                "value": "coffee",
                                                "source": "Direct"
                                              }
                                            }
                                          ],
                                          "behaviours": [],
                                          "classesStyles": {
                                            "value": null,
                                            "source": "Direct"
                                          },
                                          "groupElements": false
                                        },
                                        {
                                          "name": "icon_2",
                                          "type": "Icon",
                                          "package": "omniabasecomponents",
                                          "cssStyle": {
                                            "value": "align-self: center;",
                                            "source": "Direct"
                                          },
                                          "elements": [],
                                          "isHidden": {
                                            "value": "return !currentElement.hasconferencephone;",
                                            "source": "Expression"
                                          },
                                          "attributes": [
                                            {
                                              "key": "value",
                                              "value": {
                                                "value": "phone",
                                                "source": "Direct"
                                              }
                                            }
                                          ],
                                          "behaviours": [],
                                          "classesStyles": {
                                            "value": null,
                                            "source": "Direct"
                                          },
                                          "groupElements": false
                                        },
                                        {
                                          "name": "icon_3",
                                          "type": "Icon",
                                          "package": "omniabasecomponents",
                                          "cssStyle": {
                                            "value": "align-self: center;",
                                            "source": "Direct"
                                          },
                                          "elements": [],
                                          "isHidden": {
                                            "value": "return !currentElement.hasprojector;",
                                            "source": "Expression"
                                          },
                                          "attributes": [
                                            {
                                              "key": "value",
                                              "value": {
                                                "value": "film",
                                                "source": "Direct"
                                              }
                                            }
                                          ],
                                          "behaviours": [],
                                          "classesStyles": {
                                            "value": null,
                                            "source": "Direct"
                                          },
                                          "groupElements": false
                                        }
                                      ],
                                      "isHidden": {
                                        "value": false,
                                        "source": "Direct"
                                      },
                                      "attributes": [],
                                      "behaviours": [],
                                      "classesStyles": {
                                        "value": "row",
                                        "source": "Direct"
                                      },
                                      "groupElements": false
                                    }
                                  ],
                                  "isHidden": {
                                    "value": false,
                                    "source": "Direct"
                                  },
                                  "attributes": [],
                                  "behaviours": [],
                                  "classesStyles": {
                                    "value": "col-9",
                                    "source": "Direct"
                                  },
                                  "groupElements": false
                                }
                              ],
                              "isHidden": {
                                "value": false,
                                "source": "Direct"
                              },
                              "attributes": [],
                              "behaviours": [],
                              "classesStyles": {
                                "value": "row",
                                "source": "Direct"
                              },
                              "groupElements": false
                            }
                          ],
                          "isHidden": {
                            "value": false,
                            "source": "Direct"
                          },
                          "attributes": [],
                          "behaviours": [],
                          "classesStyles": {
                            "value": "return `card-body ${currentElement._state === \"Available\" ? \"available-background\" : \"occupied-background\"}`;",
                            "source": "Expression"
                          },
                          "groupElements": false
                        },
                        {
                          "name": "carfooter",
                          "type": "Panel",
                          "package": "omniabasecomponents",
                          "cssStyle": {
                            "value": null,
                            "source": "Direct"
                          },
                          "elements": [
                            {
                              "name": "carfooterbutton",
                              "type": "Button",
                              "package": "omniabasecomponents",
                              "cssStyle": {
                                "value": "    border-radius: 0px;\n    outline: none;\n    box-shadow: none;\n    ",
                                "source": "Direct"
                              },
                              "elements": [
                                {
                                  "name": "buttonIcon",
                                  "type": "Icon",
                                  "package": "omniabasecomponents",
                                  "cssStyle": {
                                    "value": null,
                                    "source": "Direct"
                                  },
                                  "elements": [],
                                  "isHidden": {
                                    "value": false,
                                    "source": "Direct"
                                  },
                                  "attributes": [
                                    {
                                      "key": "value",
                                      "value": {
                                        "value": "return currentElement._state === \"Available\" ? \"check-square\" : \"times\";",
                                        "source": "Expression"
                                      }
                                    }
                                  ],
                                  "behaviours": [],
                                  "classesStyles": {
                                    "value": "pt-1",
                                    "source": "Direct"
                                  },
                                  "groupElements": false
                                },
                                {
                                  "name": "buttonText",
                                  "type": "Text",
                                  "package": "omniabasecomponents",
                                  "cssStyle": {
                                    "value": null,
                                    "source": "Direct"
                                  },
                                  "elements": [],
                                  "isHidden": {
                                    "value": false,
                                    "source": "Direct"
                                  },
                                  "attributes": [
                                    {
                                      "key": "value",
                                      "value": {
                                        "value": "    return currentElement._state === \"Available\" ? \"Mark as Busy\" : \"Mark as Free\";",
                                        "source": "Expression"
                                      }
                                    }
                                  ],
                                  "behaviours": [],
                                  "classesStyles": {
                                    "value": null,
                                    "source": "Direct"
                                  },
                                  "groupElements": false
                                }
                              ],
                              "isHidden": {
                                "value": false,
                                "source": "Direct"
                              },
                              "attributes": [
                                {
                                  "key": "disabled",
                                  "value": {
                                    "value": false,
                                    "source": "Direct"
                                  }
                                }
                              ],
                              "behaviours": [
                                {
                                  "name": "OnClick",
                                  "expression": "\n    const id = context.createUUID();\n    context.uiTools.openModal({\n        id: id,\n        name: \"ManageReservation\",\n        type: \"page\",\n        hideFooter: true,\n        title: `${currentElement._state === \"Available\" ? \"Create booking\" : \"End booking\"}`,\n        size: \"small\",\n        parameters: {\n            \"id\": id\n        },\n        pageConfiguration: {\n            urlParameters: {\n                \"code\": currentElement._code\n            }\n        },\n        onClose: () => {\n            refs._runQuery.refresh();\n        }\n    })\n\n    // var apiClient = context.createApiHttpClient();\n    // var newState = currentElement._state === \"Available\" ? \"Occupied\" : \"Available\";\n    // return apiClient.doPatch(`/api/v1/${context.tenant.code}/${context.tenant.environmentCode}/application/MeetingRoom/Default/${currentElement._code}`, [{\n    //     path: \"/state\",\n    //     value: newState,\n    //     op: \"replace\"\n    // }]).then(response => {\n    //     currentElement._state = newState;\n    // }).catch((error) => {\n    //     alert(error?.message);\n    // });"
                                }
                              ],
                              "classesStyles": {
                                "value": "return `w-100 btn ${currentElement._state === \"Available\" ? \" available-background\" : \"occupied-background\"}`;",
                                "source": "Expression"
                              },
                              "groupElements": true
                            }
                          ],
                          "isHidden": {
                            "value": false,
                            "source": "Direct"
                          },
                          "attributes": [],
                          "behaviours": [],
                          "classesStyles": {
                            "value": "card-footer row justify-content-md-center m-0 p-0",
                            "source": "Direct"
                          },
                          "groupElements": false
                        }
                      ],
                      "isHidden": {
                        "value": false,
                        "source": "Direct"
                      },
                      "attributes": [],
                      "behaviours": [],
                      "classesStyles": {
                        "value": "card col-3 ml-3 mb-3 p-0",
                        "source": "Direct"
                      },
                      "groupElements": false
                    }
                  ],
                  "isHidden": {
                    "value": false,
                    "source": "Direct"
                  },
                  "attributes": [
                    {
                      "key": "binding",
                      "value": {
                        "value": "refs._runQuery.records",
                        "source": "Binding"
                      }
                    }
                  ],
                  "behaviours": [],
                  "classesStyles": {
                    "value": null,
                    "source": "Direct"
                  },
                  "groupElements": false
                }
              ],
              "isHidden": {
                "value": false,
                "source": "Direct"
              },
              "attributes": [
                {
                  "key": "query",
                  "value": {
                    "value": "MeetingRoomQuery",
                    "source": "Direct"
                  }
                },
                {
                  "key": "dataSource",
                  "value": {
                    "value": "Default",
                    "source": "Direct"
                  }
                },
                {
                  "key": "parameters",
                  "value": {
                    "value": null,
                    "source": "Direct"
                  }
                },
                {
                  "key": "filters",
                  "value": {
                    "value": "    return variables.filters;",
                    "source": "Expression"
                  }
                },
                {
                  "key": "sorting",
                  "value": {
                    "value": null,
                    "source": "Direct"
                  }
                },
                {
                  "key": "currentPage",
                  "value": {
                    "value": 1,
                    "source": "Direct"
                  }
                },
                {
                  "key": "pageSize",
                  "value": {
                    "value": 100,
                    "source": "Direct"
                  }
                }
              ],
              "behaviours": [],
              "classesStyles": {
                "value": null,
                "source": "Direct"
              },
              "groupElements": false
            }
          ],
          "isHidden": {
            "value": false,
            "source": "Direct"
          },
          "attributes": [],
          "behaviours": [],
          "classesStyles": {
            "value": "row col-10",
            "source": "Direct"
          },
          "groupElements": false
        }
      ],
      "isHidden": {
        "value": false,
        "source": "Direct"
      },
      "attributes": [],
      "behaviours": [],
      "classesStyles": {
        "value": "row",
        "source": "Direct"
      },
      "groupElements": false
    }
  ],
  "variables": [
    {
      "name": "Filters",
      "type": {
        "kind": "Primitive",
        "value": "Object"
      },
      "description": "",
      "initialValue": null,
      "multiplicity": {
        "lower": 0,
        "upper": 1
      }
    }
  ],
  "behaviours": [],
  "description": "",
  "classesStyles": {
    "value": "p-4 page",
    "source": "Direct"
  },
  "urlParameters": []
}