{
  "name": "FileLibraryList",
  "type": "List",
  "label": "File Library",
  "query": "FileLibraryQuery",
  "elements": [
    {
      "row": 0,
      "name": "_code",
      "size": 11,
      "type": "ListColumn",
      "label": "Code",
      "column": 1,
      "elements": [],
      "helpText": null,
      "isHidden": true,
      "attributes": [
        {
          "key": "formattingType",
          "value": "Text"
        }
      ],
      "behaviours": [],
      "description": null,
      "visibleFrom": null
    },
    {
      "row": 1,
      "name": "FileDownload",
      "size": 1,
      "type": "WebComponent",
      "label": "Download",
      "column": 2,
      "elements": [],
      "helpText": "",
      "isHidden": false,
      "attributes": [
        {
          "key": "webComponentName",
          "value": "OmniaConnectorDownload"
        },
        {
          "key": "customElementName",
          "value": "omnia-connector-download"
        }
      ],
      "behaviours": [],
      "description": null,
      "visibleFrom": "Mobile"
    },
    {
      "row": 0,
      "name": "_name",
      "size": 11,
      "type": "ListColumn",
      "label": "File name",
      "column": 1,
      "elements": [],
      "helpText": "",
      "isHidden": false,
      "attributes": [
        {
          "key": "formattingType",
          "value": "Text"
        }
      ],
      "behaviours": [],
      "description": null,
      "visibleFrom": "Mobile"
    }
  ],
  "helpText": null,
  "attributes": [
    {
      "key": "queryTableDefinition",
      "value": "FileLibrary"
    }
  ],
  "behaviours": [],
  "dataSource": "FileServer",
  "description": null
}