{
  "name": "Application",
  "policies": [],
  "description": "Application authorization policy.",
  "permissions": [
    {
      "name": "PrimaveraForm_read",
      "roles": [
        "Administration"
      ],
      "description": "Read permission for PrimaveraForm."
    },
    {
      "name": "PrimaveraQuery_read",
      "roles": [
        "Administration"
      ],
      "description": "Read permission for PrimaveraQuery."
    },
    {
      "name": "PrimaveraDbInstanceQuery_read",
      "roles": [
        "Administration"
      ],
      "description": "Read permission for PrimaveraDbInstanceQuery."
    },
    {
      "name": "PrimaveraDashboard_read",
      "roles": [
        "Administration"
      ],
      "description": "Read permission for PrimaveraDashboard."
    },
    {
      "name": "Primavera_read",
      "roles": [
        "Administration"
      ],
      "description": "Read permission for Primavera."
    },
    {
      "name": "Primavera_write",
      "roles": [
        "Administration"
      ],
      "description": "Write permission for Primavera."
    },
    {
      "name": "Primavera_delete",
      "roles": [
        "Administration"
      ],
      "description": "Delete permission for Primavera."
    },
    {
      "name": "Primavera_destroy",
      "roles": [
        "Administration"
      ],
      "description": "Destroy Sensitive Data permission for Primavera."
    },
    {
      "name": "System_read",
      "roles": [
        "Administration"
      ],
      "description": "Read permission for System."
    },
    {
      "name": "System_write",
      "roles": [
        "Administration"
      ],
      "description": "Write permission for System."
    },
    {
      "name": "System_delete",
      "roles": [
        "Administration"
      ],
      "description": "Delete permission for System."
    },
    {
      "name": "System_destroy",
      "roles": [
        "Administration"
      ],
      "description": "Destroy Sensitive Data permission for System."
    }
  ]
}