{
  "name": "MeetingRoomStateMachineAvailableDecisionsSelector",
  "type": "Selector",
  "label": "Meeting Room State Machine Available Decisions",
  "elements": [
    {
      "row": 1,
      "name": "Reserve",
      "size": 12,
      "type": "SelectorEntry",
      "label": "Reserve",
      "column": 1,
      "elements": [],
      "helpText": null,
      "isHidden": false,
      "attributes": [
        {
          "key": "EnumerationValue",
          "value": "Reserve"
        }
      ],
      "behaviours": [],
      "description": null,
      "visibleFrom": null
    }
  ],
  "helpText": null,
  "attributes": [
    {
      "key": "Enumeration",
      "value": "MeetingRoomStateMachineAvailableDecisions"
    }
  ],
  "behaviours": [],
  "description": null
}