{
  "name": "MeetingRoomStateMachineStatesSelector",
  "type": "Selector",
  "label": "Meeting Room State Machine States",
  "elements": [
    {
      "row": 1,
      "name": "Available",
      "size": 12,
      "type": "SelectorEntry",
      "label": "${Texts.Available}",
      "column": 1,
      "elements": [],
      "helpText": null,
      "isHidden": false,
      "attributes": [
        {
          "key": "EnumerationValue",
          "value": "Available"
        }
      ],
      "behaviours": [],
      "description": null,
      "visibleFrom": null
    },
    {
      "row": 2,
      "name": "Busy",
      "size": 12,
      "type": "SelectorEntry",
      "label": "${Texts.Busy}",
      "column": 1,
      "elements": [],
      "helpText": null,
      "isHidden": false,
      "attributes": [
        {
          "key": "EnumerationValue",
          "value": "Busy"
        }
      ],
      "behaviours": [],
      "description": null,
      "visibleFrom": null
    }
  ],
  "helpText": null,
  "attributes": [
    {
      "key": "Enumeration",
      "value": "MeetingRoomStateMachineStates"
    }
  ],
  "behaviours": [],
  "description": null
}