{
  "name": "OrdersStateMachineStatesSelector",
  "type": "Selector",
  "label": "Orders State Machine States",
  "elements": [
    {
      "row": 1,
      "name": "Initial",
      "size": 12,
      "type": "SelectorEntry",
      "label": "Initial",
      "column": 1,
      "elements": [],
      "helpText": null,
      "isHidden": false,
      "attributes": [
        {
          "key": "EnumerationValue",
          "value": "Initial"
        }
      ],
      "behaviours": [],
      "description": null,
      "visibleFrom": null
    },
    {
      "row": 2,
      "name": "Completed",
      "size": 12,
      "type": "SelectorEntry",
      "label": "Completed",
      "column": 1,
      "elements": [],
      "helpText": null,
      "isHidden": false,
      "attributes": [
        {
          "key": "EnumerationValue",
          "value": "Completed"
        }
      ],
      "behaviours": [],
      "description": null,
      "visibleFrom": null
    }
  ],
  "helpText": null,
  "attributes": [
    {
      "key": "Enumeration",
      "value": "OrdersStateMachineStates"
    }
  ],
  "behaviours": [],
  "description": null
}