{
  "name": "Application",
  "policies": [],
  "description": "Application authorization policy.",
  "permissions": [
    {
      "name": "MeetingRoomDashboard_read",
      "roles": [
        "Administration"
      ],
      "description": "Read permission for MeetingRoomDashboard."
    },
    {
      "name": "MeetingRoomQuery_read",
      "roles": [
        "Administration"
      ],
      "description": "Read permission for MeetingRoomQuery."
    },
    {
      "name": "MeetingRoomForm_read",
      "roles": [
        "Administration"
      ],
      "description": "Read permission for MeetingRoomForm."
    },
    {
      "name": "MeetingRoom_read",
      "roles": [
        "Administration"
      ],
      "description": "Read permission for MeetingRoom."
    },
    {
      "name": "MeetingRoom_write",
      "roles": [
        "Administration"
      ],
      "description": "Write permission for MeetingRoom."
    },
    {
      "name": "MeetingRoom_delete",
      "roles": [
        "Administration"
      ],
      "description": "Delete permission for MeetingRoom."
    },
    {
      "name": "MeetingRoom_destroy",
      "roles": [
        "Administration"
      ],
      "description": "Destroy Sensitive Data permission for MeetingRoom."
    },
    {
      "name": "RoomReservationPage_read",
      "roles": [
        "Administration"
      ],
      "description": "Read permission for RoomReservationPage."
    },
    {
      "name": "System_read",
      "roles": [
        "Administration"
      ],
      "description": "Read permission for System."
    },
    {
      "name": "System_write",
      "roles": [
        "Administration"
      ],
      "description": "Write permission for System."
    },
    {
      "name": "System_delete",
      "roles": [
        "Administration"
      ],
      "description": "Delete permission for System."
    },
    {
      "name": "System_destroy",
      "roles": [
        "Administration"
      ],
      "description": "Destroy Sensitive Data permission for System."
    },
    {
      "name": "RoomFloorsQuery_read",
      "roles": [
        "Administration"
      ],
      "description": "Read permission for RoomFloorsQuery."
    },
    {
      "name": "EmptyPage_read",
      "roles": [
        "Administration"
      ],
      "description": "Read permission for EmptyPage."
    },
    {
      "name": "EmployeeDashboard_read",
      "roles": [
        "Administration"
      ],
      "description": "Read permission for EmployeeDashboard."
    },
    {
      "name": "EmployeeQuery_read",
      "roles": [
        "Administration"
      ],
      "description": "Read permission for EmployeeQuery."
    },
    {
      "name": "EmployeeForm_read",
      "roles": [
        "Administration"
      ],
      "description": "Read permission for EmployeeForm."
    },
    {
      "name": "Employee_read",
      "roles": [
        "Administration"
      ],
      "description": "Read permission for Employee."
    },
    {
      "name": "Employee_write",
      "roles": [
        "Administration"
      ],
      "description": "Write permission for Employee."
    },
    {
      "name": "Employee_delete",
      "roles": [
        "Administration"
      ],
      "description": "Delete permission for Employee."
    },
    {
      "name": "Employee_destroy",
      "roles": [
        "Administration"
      ],
      "description": "Destroy Sensitive Data permission for Employee."
    },
    {
      "name": "ManageReservation_read",
      "roles": [
        "Administration"
      ],
      "description": "Read permission for ManageReservation."
    },
    {
      "name": "UsageDashboard_read",
      "roles": [
        "Administration"
      ],
      "description": "Read permission for UsageDashboard."
    },
    {
      "name": "UsageQuery_read",
      "roles": [
        "Administration"
      ],
      "description": "Read permission for UsageQuery."
    },
    {
      "name": "UsageForm_read",
      "roles": [
        "Administration"
      ],
      "description": "Read permission for UsageForm."
    },
    {
      "name": "Usage_read",
      "roles": [
        "Administration"
      ],
      "description": "Read permission for Usage."
    },
    {
      "name": "Usage_write",
      "roles": [
        "Administration"
      ],
      "description": "Write permission for Usage."
    },
    {
      "name": "Usage_delete",
      "roles": [
        "Administration"
      ],
      "description": "Delete permission for Usage."
    },
    {
      "name": "Usage_destroy",
      "roles": [
        "Administration"
      ],
      "description": "Destroy Sensitive Data permission for Usage."
    },
    {
      "name": "ColourDashboard_read",
      "roles": [
        "Administration"
      ],
      "description": "Read permission for ColourDashboard."
    },
    {
      "name": "ColourQuery_read",
      "roles": [
        "Administration"
      ],
      "description": "Read permission for ColourQuery."
    },
    {
      "name": "ColourForm_read",
      "roles": [
        "Administration"
      ],
      "description": "Read permission for ColourForm."
    },
    {
      "name": "Colour_read",
      "roles": [
        "Administration"
      ],
      "description": "Read permission for Colour."
    },
    {
      "name": "Colour_write",
      "roles": [
        "Administration"
      ],
      "description": "Write permission for Colour."
    },
    {
      "name": "Colour_delete",
      "roles": [
        "Administration"
      ],
      "description": "Delete permission for Colour."
    },
    {
      "name": "Colour_destroy",
      "roles": [
        "Administration"
      ],
      "description": "Destroy Sensitive Data permission for Colour."
    },
    {
      "name": "ProductTypeDashboard_read",
      "roles": [
        "Administration"
      ],
      "description": "Read permission for ProductTypeDashboard."
    },
    {
      "name": "ProductTypeQuery_read",
      "roles": [
        "Administration"
      ],
      "description": "Read permission for ProductTypeQuery."
    },
    {
      "name": "ProductTypeForm_read",
      "roles": [
        "Administration"
      ],
      "description": "Read permission for ProductTypeForm."
    },
    {
      "name": "ProductType_read",
      "roles": [
        "Administration"
      ],
      "description": "Read permission for ProductType."
    },
    {
      "name": "ProductType_write",
      "roles": [
        "Administration"
      ],
      "description": "Write permission for ProductType."
    },
    {
      "name": "ProductType_delete",
      "roles": [
        "Administration"
      ],
      "description": "Delete permission for ProductType."
    },
    {
      "name": "ProductType_destroy",
      "roles": [
        "Administration"
      ],
      "description": "Destroy Sensitive Data permission for ProductType."
    },
    {
      "name": "SubCategoryDashboard_read",
      "roles": [
        "Administration"
      ],
      "description": "Read permission for SubCategoryDashboard."
    },
    {
      "name": "SubCategoryQuery_read",
      "roles": [
        "Administration"
      ],
      "description": "Read permission for SubCategoryQuery."
    },
    {
      "name": "SubCategoryForm_read",
      "roles": [
        "Administration"
      ],
      "description": "Read permission for SubCategoryForm."
    },
    {
      "name": "SubCategory_read",
      "roles": [
        "Administration"
      ],
      "description": "Read permission for SubCategory."
    },
    {
      "name": "SubCategory_write",
      "roles": [
        "Administration"
      ],
      "description": "Write permission for SubCategory."
    },
    {
      "name": "SubCategory_delete",
      "roles": [
        "Administration"
      ],
      "description": "Delete permission for SubCategory."
    },
    {
      "name": "SubCategory_destroy",
      "roles": [
        "Administration"
      ],
      "description": "Destroy Sensitive Data permission for SubCategory."
    },
    {
      "name": "CategoryDashboard_read",
      "roles": [
        "Administration"
      ],
      "description": "Read permission for CategoryDashboard."
    },
    {
      "name": "CategoryQuery_read",
      "roles": [
        "Administration"
      ],
      "description": "Read permission for CategoryQuery."
    },
    {
      "name": "CategoryForm_read",
      "roles": [
        "Administration"
      ],
      "description": "Read permission for CategoryForm."
    },
    {
      "name": "Category_read",
      "roles": [
        "Administration"
      ],
      "description": "Read permission for Category."
    },
    {
      "name": "Category_write",
      "roles": [
        "Administration"
      ],
      "description": "Write permission for Category."
    },
    {
      "name": "Category_delete",
      "roles": [
        "Administration"
      ],
      "description": "Delete permission for Category."
    },
    {
      "name": "Category_destroy",
      "roles": [
        "Administration"
      ],
      "description": "Destroy Sensitive Data permission for Category."
    },
    {
      "name": "GenderDashboard_read",
      "roles": [
        "Administration"
      ],
      "description": "Read permission for GenderDashboard."
    },
    {
      "name": "GenderQuery_read",
      "roles": [
        "Administration"
      ],
      "description": "Read permission for GenderQuery."
    },
    {
      "name": "GenderForm_read",
      "roles": [
        "Administration"
      ],
      "description": "Read permission for GenderForm."
    },
    {
      "name": "Gender_read",
      "roles": [
        "Administration"
      ],
      "description": "Read permission for Gender."
    },
    {
      "name": "Gender_write",
      "roles": [
        "Administration"
      ],
      "description": "Write permission for Gender."
    },
    {
      "name": "Gender_delete",
      "roles": [
        "Administration"
      ],
      "description": "Delete permission for Gender."
    },
    {
      "name": "Gender_destroy",
      "roles": [
        "Administration"
      ],
      "description": "Destroy Sensitive Data permission for Gender."
    },
    {
      "name": "ProductDashboard_read",
      "roles": [
        "Administration"
      ],
      "description": "Read permission for ProductDashboard."
    },
    {
      "name": "ProductQuery_read",
      "roles": [
        "Administration"
      ],
      "description": "Read permission for ProductQuery."
    },
    {
      "name": "ProductForm_read",
      "roles": [
        "Administration"
      ],
      "description": "Read permission for ProductForm."
    },
    {
      "name": "Product_read",
      "roles": [
        "Administration"
      ],
      "description": "Read permission for Product."
    },
    {
      "name": "Product_write",
      "roles": [
        "Administration"
      ],
      "description": "Write permission for Product."
    },
    {
      "name": "Product_delete",
      "roles": [
        "Administration"
      ],
      "description": "Delete permission for Product."
    },
    {
      "name": "Product_destroy",
      "roles": [
        "Administration"
      ],
      "description": "Destroy Sensitive Data permission for Product."
    },
    {
      "name": "ProudctPage_read",
      "roles": [
        "Administration"
      ],
      "description": "Read permission for ProudctPage."
    },
    {
      "name": "ProudctListPage_read",
      "roles": [
        "Administration"
      ],
      "description": "Read permission for ProudctListPage."
    },
    {
      "name": "ProductListPage_read",
      "roles": [
        "Administration"
      ],
      "description": "Read permission for ProductListPage."
    },
    {
      "name": "ProductPage_read",
      "roles": [
        "Administration"
      ],
      "description": "Read permission for ProductPage."
    },
    {
      "name": "ProducListCardPage_read",
      "roles": [
        "Administration"
      ],
      "description": "Read permission for ProducListCardPage."
    },
    {
      "name": "ProductListaPage2_read",
      "roles": [
        "Administration"
      ],
      "description": "Read permission for ProductListaPage2."
    },
    {
      "name": "VehicleDashboard_read",
      "roles": [
        "Administration"
      ],
      "description": "Read permission for VehicleDashboard."
    },
    {
      "name": "VehicleQuery_read",
      "roles": [
        "Administration"
      ],
      "description": "Read permission for VehicleQuery."
    },
    {
      "name": "VehicleForm_read",
      "roles": [
        "Administration"
      ],
      "description": "Read permission for VehicleForm."
    },
    {
      "name": "Vehicle_read",
      "roles": [
        "Administration"
      ],
      "description": "Read permission for Vehicle."
    },
    {
      "name": "Vehicle_write",
      "roles": [
        "Administration"
      ],
      "description": "Write permission for Vehicle."
    },
    {
      "name": "Vehicle_delete",
      "roles": [
        "Administration"
      ],
      "description": "Delete permission for Vehicle."
    },
    {
      "name": "Vehicle_destroy",
      "roles": [
        "Administration"
      ],
      "description": "Destroy Sensitive Data permission for Vehicle."
    },
    {
      "name": "MyVehicleQuery_read",
      "roles": [
        "Administration"
      ],
      "description": "Read permission for MyVehicleQuery."
    },
    {
      "name": "MyProductQuery_read",
      "roles": [
        "Administration"
      ],
      "description": "Read permission for MyProductQuery."
    },
    {
      "name": "MultiQuery_read",
      "roles": [
        "Administration"
      ],
      "description": "Read permission for MultiQuery."
    },
    {
      "name": "CountryDashboard_read",
      "roles": [
        "Administration"
      ],
      "description": "Read permission for CountryDashboard."
    },
    {
      "name": "CountryQuery_read",
      "roles": [
        "Administration"
      ],
      "description": "Read permission for CountryQuery."
    },
    {
      "name": "CountryForm_read",
      "roles": [
        "Administration"
      ],
      "description": "Read permission for CountryForm."
    },
    {
      "name": "Country_read",
      "roles": [
        "Administration"
      ],
      "description": "Read permission for Country."
    },
    {
      "name": "Country_write",
      "roles": [
        "Administration"
      ],
      "description": "Write permission for Country."
    },
    {
      "name": "Country_delete",
      "roles": [
        "Administration"
      ],
      "description": "Delete permission for Country."
    },
    {
      "name": "Country_destroy",
      "roles": [
        "Administration"
      ],
      "description": "Destroy Sensitive Data permission for Country."
    },
    {
      "name": "MyCountryQuery_read",
      "roles": [
        "Administration"
      ],
      "description": "Read permission for MyCountryQuery."
    },
    {
      "name": "MyMeetingRoomQuery_read",
      "roles": [
        "Administration"
      ],
      "description": "Read permission for MyMeetingRoomQuery."
    },
    {
      "name": "CarouselPage_read",
      "roles": [
        "Administration"
      ],
      "description": "Read permission for CarouselPage."
    },
    {
      "name": "TaskDashboard_read",
      "roles": [
        "Administration"
      ],
      "description": "Read permission for TaskDashboard."
    },
    {
      "name": "TaskQuery_read",
      "roles": [
        "Administration"
      ],
      "description": "Read permission for TaskQuery."
    },
    {
      "name": "TaskForm_read",
      "roles": [
        "Administration"
      ],
      "description": "Read permission for TaskForm."
    },
    {
      "name": "Task_read",
      "roles": [
        "Administration"
      ],
      "description": "Read permission for Task."
    },
    {
      "name": "Task_write",
      "roles": [
        "Administration"
      ],
      "description": "Write permission for Task."
    },
    {
      "name": "Task_delete",
      "roles": [
        "Administration"
      ],
      "description": "Delete permission for Task."
    },
    {
      "name": "Task_destroy",
      "roles": [
        "Administration"
      ],
      "description": "Destroy Sensitive Data permission for Task."
    },
    {
      "name": "TasksPage_read",
      "roles": [
        "Administration"
      ],
      "description": "Read permission for TasksPage."
    },
    {
      "name": "BankMovementDashboard_read",
      "roles": [
        "Administration"
      ],
      "description": "Read permission for BankMovementDashboard."
    },
    {
      "name": "BankMovementQuery_read",
      "roles": [
        "Administration"
      ],
      "description": "Read permission for BankMovementQuery."
    },
    {
      "name": "BankMovementForm_read",
      "roles": [
        "Administration"
      ],
      "description": "Read permission for BankMovementForm."
    },
    {
      "name": "BankMovement_read",
      "roles": [
        "Administration"
      ],
      "description": "Read permission for BankMovement."
    },
    {
      "name": "BankMovement_write",
      "roles": [
        "Administration"
      ],
      "description": "Write permission for BankMovement."
    },
    {
      "name": "BankMovement_delete",
      "roles": [
        "Administration"
      ],
      "description": "Delete permission for BankMovement."
    },
    {
      "name": "BankMovement_destroy",
      "roles": [
        "Administration"
      ],
      "description": "Destroy Sensitive Data permission for BankMovement."
    },
    {
      "name": "BankMovementsPage_read",
      "roles": [
        "Administration"
      ],
      "description": "Read permission for BankMovementsPage."
    },
    {
      "name": "BankMovementPage_read",
      "roles": [
        "Administration"
      ],
      "description": "Read permission for BankMovementPage."
    },
    {
      "name": "Wizard_read",
      "roles": [
        "Administration"
      ],
      "description": "Read permission for Wizard."
    },
    {
      "name": "OrdersDashboard_read",
      "roles": [
        "Administration"
      ],
      "description": "Read permission for OrdersDashboard."
    },
    {
      "name": "OrdersQuery_read",
      "roles": [
        "Administration"
      ],
      "description": "Read permission for OrdersQuery."
    },
    {
      "name": "OrdersForm_read",
      "roles": [
        "Administration"
      ],
      "description": "Read permission for OrdersForm."
    },
    {
      "name": "Orders_read",
      "roles": [
        "Administration"
      ],
      "description": "Read permission for Orders."
    },
    {
      "name": "Orders_write",
      "roles": [
        "Administration"
      ],
      "description": "Write permission for Orders."
    },
    {
      "name": "Orders_delete",
      "roles": [
        "Administration"
      ],
      "description": "Delete permission for Orders."
    },
    {
      "name": "Orders_destroy",
      "roles": [
        "Administration"
      ],
      "description": "Destroy Sensitive Data permission for Orders."
    },
    {
      "name": "OrdersSerieDashboard_read",
      "roles": [
        "Administration"
      ],
      "description": "Read permission for OrdersSerieDashboard."
    },
    {
      "name": "OrdersSerieQuery_read",
      "roles": [
        "Administration"
      ],
      "description": "Read permission for OrdersSerieQuery."
    },
    {
      "name": "OrdersSerieForm_read",
      "roles": [
        "Administration"
      ],
      "description": "Read permission for OrdersSerieForm."
    },
    {
      "name": "OrdersSerie_read",
      "roles": [
        "Administration"
      ],
      "description": "Read permission for OrdersSerie."
    },
    {
      "name": "OrdersSerie_write",
      "roles": [
        "Administration"
      ],
      "description": "Write permission for OrdersSerie."
    },
    {
      "name": "OrdersSerie_delete",
      "roles": [
        "Administration"
      ],
      "description": "Delete permission for OrdersSerie."
    },
    {
      "name": "OrdersSerie_destroy",
      "roles": [
        "Administration"
      ],
      "description": "Destroy Sensitive Data permission for OrdersSerie."
    },
    {
      "name": "OrderLine_read",
      "roles": [
        "Administration"
      ],
      "description": "Read permission for OrderLine."
    },
    {
      "name": "OrderLine_write",
      "roles": [
        "Administration"
      ],
      "description": "Write permission for OrderLine."
    },
    {
      "name": "OrderLine_delete",
      "roles": [
        "Administration"
      ],
      "description": "Delete permission for OrderLine."
    },
    {
      "name": "OrderLine_destroy",
      "roles": [
        "Administration"
      ],
      "description": "Destroy Sensitive Data permission for OrderLine."
    },
    {
      "name": "OrderPage_read",
      "roles": [
        "Administration"
      ],
      "description": "Read permission for OrderPage."
    },
    {
      "name": "OrderListPage_read",
      "roles": [
        "Administration"
      ],
      "description": "Read permission for OrderListPage."
    },
    {
      "name": "EmptyPage11_read",
      "roles": [
        "Administration"
      ],
      "description": "Read permission for EmptyPage11."
    },
    {
      "name": "PageList_read",
      "roles": [
        "Administration"
      ],
      "description": "Read permission for PageList."
    },
    {
      "name": "PageForm1_read",
      "roles": [
        "Administration"
      ],
      "description": "Read permission for PageForm1."
    },
    {
      "name": "NewEmptyPage_read",
      "roles": [
        "Administration"
      ],
      "description": "Read permission for NewEmptyPage."
    },
    {
      "name": "ProductListPageDemo_read",
      "roles": [
        "Administration"
      ],
      "description": "Read permission for ProductListPageDemo."
    },
    {
      "name": "ProductPageDemo_read",
      "roles": [
        "Administration"
      ],
      "description": "Read permission for ProductPageDemo."
    },
    {
      "name": "DemoPage_read",
      "roles": [
        "Administration"
      ],
      "description": "Read permission for DemoPage."
    }
  ]
}