{
  "name": "DefaultTheme",
  "label": "Default",
  "helpText": "",
  "expression": "\r\n// OMNIA Low-Code\r\n// Original Theme 1.0\r\n// Developer Note: the styles below are just a suggestion, you can choose to use them or not as a base for your new theme.\r\n\r\n// Bootstrap Default Color System\r\n$white:    #fff;\r\n$gray-100: #f8f9fa;\r\n$gray-200: #ecf0f1;\r\n$gray-300: #dee2e6;\r\n$gray-400: #ced4da;\r\n$gray-500: #b4bcc2;\r\n$gray-600: #95a5a6;\r\n$gray-700: #7b8a8b;\r\n$gray-800: #343a40;\r\n$gray-900: #212529;\r\n$black:    #000;\r\n\r\n$blue:    #2C3E50;\r\n$indigo:  #6610f2;\r\n$purple:  #6f42c1;\r\n$pink:    #e83e8c;\r\n$red:     #E74C3C;\r\n$orange:  #fd7e14;\r\n$yellow:  #F39C12;\r\n$green:   #18BC9C;\r\n$teal:    #20c997;\r\n$cyan:    #3498DB;\r\n\r\n$primary:       $blue;\r\n$secondary:     $gray-600;\r\n$success:       $green;\r\n$info:          $cyan;\r\n$warning:       $yellow;\r\n$danger:        $red;\r\n$light:         $gray-200;\r\n$dark:          $gray-700;\r\n\r\n// BODY\r\n$body-bg: #fff;\r\n$body-color: #212529;\r\n\r\n \r\n// GENERAL\r\n$content-size: 96%;\r\n$color-page-indicator-bar-height: 0.25rem;\r\n$section-border-color: rgba(0, 0, 0, 0.16);\r\n\r\n\r\n// OMNIA Custom Variables\r\n\r\n// SIDE PANEL\r\n// Right-side panel that opens when the user accesses Notifications or History Tab.\r\n$side-panel-bg-color: $body-bg;\r\n$side-panel-min-size-open: 300px;\r\n$side-panel-size-sm-open: 70%;\r\n$side-panel-border-color: $section-border-color;\r\n \r\n// SIDEBAR\r\n// Sidebar Menu\r\n$sidebar-bg-color: $body-bg;\r\n$sidebar-border-color: $section-border-color;\r\n$sidebar-color: $body-color;\r\n$sidebar-icon-color: lighten($sidebar-color, 35%);\r\n$sidebar-min-size: 50px;\r\n$sidebar-min-size-open: $side-panel-min-size-open;\r\n$sidebar-height-sm-open: 50px;\r\n$sidebar-size-sm: $sidebar-min-size;\r\n$sidebar-size-sm-open: $side-panel-size-sm-open;\r\n \r\n// TOPBAR\r\n// Topbar navigation\r\n$topbar-height: 56px;\r\n$topbar-bg-color: $body-bg;\r\n$topbar-border-color: $section-border-color;\r\n$topbar-color: $body-color;\r\n\r\n\r\n.sidebar-container{\r\n    display:none !important;\r\n}\r\n\r\n.content-container{\r\n    width:100% !important;\r\n    margin: 0 !important;\r\n  //  padding: 0 2rem 2rem 2rem !important;\r\n}\r\n\r\n\r\n.col {\r\n    width:100% !important;\r\n    margin: 0 !important;\r\n    padding: 0 1.5rem 1.5rem 1.5rem !important;\r\n}\r\n\r\n#element-dashboard-btn-refresh{\r\n    display:none !important;\r\n}\r\n\r\n.breadcrumb-container{\r\n    margin-top:55px !important;\r\n}\r\n\r\n.breadcrumb-container .breadcrumb {\r\n    padding-left: 10px !important;\r\n}\r\n\r\n.element-web-component {\r\n    width:100% !important;\r\n}\r\n\r\n// CARDS\r\n\r\n.card {\r\n    box-shadow: 0 1px 4px rgba(0, 0, 0, .3) !important;\r\n    border-radius: 15px !important;\r\n    border: none !important;\r\n    background-color: lighten($body-bg, $amount: 3);\r\n    transition: all .2s ease-in-out;\r\n}\r\n\r\n.card:hover {\r\n    transform: scale(1.01);\r\n}\r\n\r\n.card-body {\r\n    border-radius: 15px !important;\r\n    transition: all .2s ease-in-out;\r\n}\r\n\r\n.card-body:hover {\r\n    transform: scale(1.01);\r\n}\r\n\r\n.text-right p {\r\n    font-size:22px !important;\r\n}\r\n\r\n\r\n\r\n// Lists\r\n.list {\r\n    background-color: lighten($body-bg, $amount: 3);\r\n    border-radius: 10px;\r\n    box-shadow: 0 1px 4px rgba(0, 0, 0, .3) !important;\r\n    margin-top: 0.8rem;\r\n}\r\n\r\n.list-header-label span{\r\n    font-size: 16px;\r\n}\r\n\r\n.col-form-label {\r\n    padding-bottom: 0;\r\n}\r\n\r\n.input-group {\r\n    float: left !important;\r\n    max-width: 60%;\r\n}\r\n\r\n.float-right{\r\n    float: left !important;\r\n}\r\n\r\n.element-list label {\r\n    font-size: 22px;\r\n    padding-left: 10px;\r\n    margin-top: 1.5rem;\r\n}\r\n\r\n.list .list-footer .form-field input.form-field-text {\r\n    background-color: lighten($body-bg, $amount: 3) !important;\r\n}\r\n\r\nth span {\r\n    font-size: 16px;\r\n    border: none;\r\n}\r\n\r\n.table thead th {\r\n    border: none;\r\n}\r\n\r\n.list .list-footer .form-field input {\r\n    border: none;\r\n}\r\n\r\n.list .list-footer .form-field .form-field-reference-window-toggler {\r\n    border: none !important;\r\n}\r\n\r\n.list .list-header.list-header-sortable {\r\n    border: none;\r\n}\r\n\r\n.list .table tbody td {\r\n    border: none;\r\n    padding-left: 25px;\r\n}\r\n\r\n.list .table thead th {\r\n    border: none;\r\n}\r\n\r\n.list-cell div{\r\n    text-align: left;\r\n}\r\n\r\np a span{\r\n    word-break: break-all;\r\n}\r\n\r\n.text-right p {\r\n    font-size: 1.3rem !important;\r\n}\r\n\r\nlabel .col-form-label {\r\n    display: none !important;\r\n}\r\n\r\n.toolbar-container-options {\r\n    display: none !important;\r\n}",
  "description": ""
}