{
  "name": "FileLibraryDashboard",
  "type": "Dashboard",
  "label": "File Library",
  "elements": [
    {
      "row": 1,
      "name": "FileLibraryList",
      "size": 12,
      "type": "List",
      "label": "File Library",
      "column": 1,
      "elements": [],
      "helpText": null,
      "isHidden": false,
      "attributes": [
        {
          "key": "listCode",
          "value": "FileLibraryList"
        }
      ],
      "behaviours": [
        {
          "name": "OnChange_FileLibraryList",
          "type": "Change",
          "expression": "if(newValue){\n    for(const entry of newValue){\n        entry.behaviour = \"Library_DownloadFile\";\n        entry.args = {\n            filename: entry._code\n      };\n    }\n}    ",
          "description": ""
        }
      ],
      "description": null,
      "visibleFrom": null
    }
  ],
  "helpText": null,
  "attributes": [],
  "behaviours": [],
  "description": null
}