{
  "name": "IdeaStateMachineVotingDecisionsSelector",
  "type": "Selector",
  "label": "Idea State Machine Voting Decisions",
  "elements": [
    {
      "row": 1,
      "name": "MoveToValidation",
      "size": 12,
      "type": "SelectorEntry",
      "label": "Move To Validation",
      "column": 1,
      "elements": [],
      "helpText": null,
      "isHidden": false,
      "attributes": [
        {
          "key": "EnumerationValue",
          "value": "MoveToValidation"
        }
      ],
      "behaviours": [],
      "description": null,
      "visibleFrom": null
    },
    {
      "row": 2,
      "name": "Review",
      "size": 12,
      "type": "SelectorEntry",
      "label": "Review",
      "column": 1,
      "elements": [],
      "helpText": null,
      "isHidden": false,
      "attributes": [
        {
          "key": "EnumerationValue",
          "value": "Review"
        }
      ],
      "behaviours": [],
      "description": null,
      "visibleFrom": null
    }
  ],
  "helpText": null,
  "attributes": [
    {
      "key": "Enumeration",
      "value": "IdeaStateMachineVotingDecisions"
    }
  ],
  "behaviours": [],
  "description": null
}