{
  "name": "IdeaStateMachineStatesSelector",
  "type": "Selector",
  "label": "Idea State Machine States",
  "elements": [
    {
      "row": 1,
      "name": "Draft",
      "size": 12,
      "type": "SelectorEntry",
      "label": "Draft",
      "column": 1,
      "elements": [],
      "helpText": null,
      "isHidden": false,
      "attributes": [
        {
          "key": "EnumerationValue",
          "value": "Draft"
        }
      ],
      "behaviours": [],
      "description": null,
      "visibleFrom": null
    },
    {
      "row": 2,
      "name": "InValidation",
      "size": 12,
      "type": "SelectorEntry",
      "label": "In Validation",
      "column": 1,
      "elements": [],
      "helpText": null,
      "isHidden": false,
      "attributes": [
        {
          "key": "EnumerationValue",
          "value": "InValidation"
        }
      ],
      "behaviours": [],
      "description": null,
      "visibleFrom": null
    },
    {
      "row": 3,
      "name": "Adjustments",
      "size": 12,
      "type": "SelectorEntry",
      "label": "Adjustments",
      "column": 1,
      "elements": [],
      "helpText": null,
      "isHidden": false,
      "attributes": [
        {
          "key": "EnumerationValue",
          "value": "Adjustments"
        }
      ],
      "behaviours": [],
      "description": null,
      "visibleFrom": null
    },
    {
      "row": 4,
      "name": "Approved",
      "size": 12,
      "type": "SelectorEntry",
      "label": "Approved",
      "column": 1,
      "elements": [],
      "helpText": null,
      "isHidden": false,
      "attributes": [
        {
          "key": "EnumerationValue",
          "value": "Approved"
        }
      ],
      "behaviours": [],
      "description": null,
      "visibleFrom": null
    },
    {
      "row": 5,
      "name": "Rejected",
      "size": 12,
      "type": "SelectorEntry",
      "label": "Rejected",
      "column": 1,
      "elements": [],
      "helpText": null,
      "isHidden": false,
      "attributes": [
        {
          "key": "EnumerationValue",
          "value": "Rejected"
        }
      ],
      "behaviours": [],
      "description": null,
      "visibleFrom": null
    },
    {
      "row": 6,
      "name": "Voting",
      "size": 12,
      "type": "SelectorEntry",
      "label": "Voting",
      "column": 1,
      "elements": [],
      "helpText": null,
      "isHidden": false,
      "attributes": [
        {
          "key": "EnumerationValue",
          "value": "Voting"
        }
      ],
      "behaviours": [],
      "description": null,
      "visibleFrom": null
    },
    {
      "row": 7,
      "name": "Discarded",
      "size": 12,
      "type": "SelectorEntry",
      "label": "Discarded",
      "column": 1,
      "elements": [],
      "helpText": null,
      "isHidden": false,
      "attributes": [
        {
          "key": "EnumerationValue",
          "value": "Discarded"
        }
      ],
      "behaviours": [],
      "description": null,
      "visibleFrom": null
    }
  ],
  "helpText": null,
  "attributes": [
    {
      "key": "Enumeration",
      "value": "IdeaStateMachineStates"
    }
  ],
  "behaviours": [],
  "description": null
}