{
    "name": "PrimaveraForm",
    "type": "Form",
    "label": "Primavera",
    "entity": "Primavera",
    "elements": [{
            "row": 1,
            "name": "_code",
            "size": 6,
            "type": "Input",
            "label": "Code",
            "column": 1,
            "elements": [],
            "helpText": null,
            "isHidden": false,
            "attributes": [{
                    "key": "aggregationKind",
                    "value": "None"
                },
                {
                    "key": "isReadOnly",
                    "value": "false"
                },
                {
                    "key": "max",
                    "value": "1"
                },
                {
                    "key": "min",
                    "value": "1"
                },
                {
                    "key": "formattingType",
                    "value": "Text"
                },
                {
                    "key": "isSensitiveData",
                    "value": "false"
                }
            ],
            "behaviours": [],
            "description": null,
            "visibleFrom": null
        },
        {
            "row": 1,
            "name": "_name",
            "size": 6,
            "type": "Input",
            "label": "Name",
            "column": 7,
            "elements": [],
            "helpText": null,
            "isHidden": false,
            "attributes": [{
                    "key": "aggregationKind",
                    "value": "None"
                },
                {
                    "key": "isReadOnly",
                    "value": "false"
                },
                {
                    "key": "max",
                    "value": "1"
                },
                {
                    "key": "min",
                    "value": "1"
                },
                {
                    "key": "formattingType",
                    "value": "Text"
                },
                {
                    "key": "isSensitiveData",
                    "value": "false"
                }
            ],
            "behaviours": [],
            "description": null,
            "visibleFrom": null
        },
        {
            "row": 2,
            "name": "_description",
            "size": 6,
            "type": "Input",
            "label": "Description",
            "column": 1,
            "elements": [],
            "helpText": null,
            "isHidden": false,
            "attributes": [{
                    "key": "aggregationKind",
                    "value": "None"
                },
                {
                    "key": "isReadOnly",
                    "value": "false"
                },
                {
                    "key": "max",
                    "value": "1"
                },
                {
                    "key": "min",
                    "value": "0"
                },
                {
                    "key": "formattingType",
                    "value": "Text"
                },
                {
                    "key": "isSensitiveData",
                    "value": "false"
                }
            ],
            "behaviours": [],
            "description": null,
            "visibleFrom": null
        },
        {
            "row": 2,
            "name": "_inactive",
            "size": 6,
            "type": "Input",
            "label": "Inactive",
            "column": 7,
            "elements": [],
            "helpText": null,
            "isHidden": false,
            "attributes": [{
                    "key": "aggregationKind",
                    "value": "None"
                },
                {
                    "key": "isReadOnly",
                    "value": "false"
                },
                {
                    "key": "max",
                    "value": "1"
                },
                {
                    "key": "min",
                    "value": "1"
                },
                {
                    "key": "formattingType",
                    "value": "Boolean"
                },
                {
                    "key": "isSensitiveData",
                    "value": "false"
                }
            ],
            "behaviours": [],
            "description": null,
            "visibleFrom": null
        },
        {
            "row": 3,
            "name": "_connector",
            "size": 6,
            "type": "Input",
            "label": "Connector",
            "column": 1,
            "elements": [],
            "helpText": null,
            "isHidden": false,
            "attributes": [{
                    "key": "aggregationKind",
                    "value": "None"
                },
                {
                    "key": "isReadOnly",
                    "value": "false"
                },
                {
                    "key": "max",
                    "value": "1"
                },
                {
                    "key": "min",
                    "value": "1"
                },
                {
                    "key": "formattingType",
                    "value": "Text"
                },
                {
                    "key": "isSensitiveData",
                    "value": "false"
                }
            ],
            "behaviours": [],
            "description": null,
            "visibleFrom": null
        },
        {
            "row": 3,
            "name": "ConnectorUsername",
            "size": 6,
            "type": "Input",
            "label": "Connector Username",
            "column": 7,
            "elements": [],
            "helpText": null,
            "isHidden": false,
            "attributes": [{
                    "key": "aggregationKind",
                    "value": "None"
                },
                {
                    "key": "isReadOnly",
                    "value": "false"
                },
                {
                    "key": "max",
                    "value": "1"
                },
                {
                    "key": "min",
                    "value": "1"
                },
                {
                    "key": "formattingType",
                    "value": "Text"
                },
                {
                    "key": "isSensitiveData",
                    "value": "false"
                }
            ],
            "behaviours": [],
            "description": null,
            "visibleFrom": null
        },
        {
            "row": 4,
            "name": "Username",
            "size": 3,
            "type": "Input",
            "label": "Username",
            "column": 1,
            "elements": [],
            "helpText": null,
            "isHidden": false,
            "attributes": [{
                    "key": "aggregationKind",
                    "value": "None"
                },
                {
                    "key": "isReadOnly",
                    "value": "false"
                },
                {
                    "key": "max",
                    "value": "1"
                },
                {
                    "key": "min",
                    "value": "1"
                },
                {
                    "key": "formattingType",
                    "value": "Text"
                },
                {
                    "key": "isSensitiveData",
                    "value": "false"
                }
            ],
            "behaviours": [],
            "description": null,
            "visibleFrom": null
        },
        {
            "row": 4,
            "name": "NewPassword",
            "size": 6,
            "type": "Input",
            "label": "New Password",
            "column": 7,
            "elements": [],
            "helpText": null,
            "isHidden": false,
            "attributes": [{
                    "key": "aggregationKind",
                    "value": "None"
                },
                {
                    "key": "isReadOnly",
                    "value": "true"
                },
                {
                    "key": "max",
                    "value": "1"
                },
                {
                    "key": "min",
                    "value": "0"
                },
                {
                    "key": "formattingType",
                    "value": "Text"
                },
                {
                    "key": "isSensitiveData",
                    "value": "false"
                }
            ],
            "behaviours": [],
            "description": null,
            "visibleFrom": null
        },
        {
            "row": 4,
            "name": "ChangePassword",
            "size": 3,
            "type": "Input",
            "label": "Change Password",
            "column": 4,
            "elements": [],
            "helpText": null,
            "isHidden": false,
            "attributes": [{
                    "key": "aggregationKind",
                    "value": "None"
                },
                {
                    "key": "isReadOnly",
                    "value": "false"
                },
                {
                    "key": "max",
                    "value": "1"
                },
                {
                    "key": "min",
                    "value": "0"
                },
                {
                    "key": "formattingType",
                    "value": "Boolean"
                },
                {
                    "key": "isSensitiveData",
                    "value": "false"
                }
            ],
            "behaviours": [{
                "name": "OnChange_ChangePassword",
                "type": "Change",
                "expression": "this._metadata.elements.newPassword.attributes.isReadOnly = !newValue;\n\nif (!newValue)\n    this.newPassword = null;",
                "description": ""
            }],
            "description": null,
            "visibleFrom": null
        },
        {
            "row": 5,
            "name": "PlatformTypeSelect",
            "size": 6,
            "type": "WebComponent",
            "label": "Platform Type",
            "column": 1,
            "elements": [],
            "helpText": "",
            "isHidden": false,
            "attributes": [{
                    "key": "webComponentName",
                    "value": "SelectBox"
                },
                {
                    "key": "customElementName",
                    "value": "omnia-select"
                },
                {
                    "key": "mapping",
                    "value": "PlatformType"
                }
            ],
            "behaviours": [],
            "description": null,
            "visibleFrom": null
        },
        {
            "row": 5,
            "name": "DatabaseInstance",
            "size": 6,
            "type": "Input",
            "label": "Database Instance",
            "column": 7,
            "elements": [],
            "helpText": null,
            "isHidden": false,
            "attributes": [{
                    "key": "aggregationKind",
                    "value": "None"
                },
                {
                    "key": "isReadOnly",
                    "value": "false"
                },
                {
                    "key": "max",
                    "value": "1"
                },
                {
                    "key": "min",
                    "value": "1"
                },
                {
                    "key": "formattingType",
                    "value": "Text"
                },
                {
                    "key": "isSensitiveData",
                    "value": "false"
                }
            ],
            "behaviours": [],
            "description": null,
            "visibleFrom": null
        }
    ],
    "helpText": null,
    "attributes": [],
    "behaviours": [{
        "name": "Initializer",
        "type": "Initialize",
        "expression": "this.platformTypeSelect.options = [\r\n    { value : \"tpProfissional\", text : \"Professional\" },\r\n    { value : \"tpEmpresarial\", text : \"Executive\" }\r\n];\r\n\r\nthis._metadata.elements.newPassword.attributes.isReadOnly = !this.changePassword;",
        "description": ""
    }],
    "dataSource": null,
    "description": null
}