{
  "name": "FileLibrary",
  "isRoot": true,
  "attributes": [
    {
      "name": "_code",
      "type": "Text",
      "isSystem": true,
      "isReadOnly": false,
      "description": null,
      "multiplicity": {
        "lower": 1,
        "upper": 1
      },
      "aggregationKind": "None",
      "isSensitiveData": null,
      "dependsOnAttribute": null
    },
    {
      "name": "_name",
      "type": "Text",
      "isSystem": true,
      "isReadOnly": false,
      "description": null,
      "multiplicity": {
        "lower": 1,
        "upper": 1
      },
      "aggregationKind": "None",
      "isSensitiveData": null,
      "dependsOnAttribute": null
    },
    {
      "name": "_description",
      "type": "Text",
      "isSystem": true,
      "isReadOnly": false,
      "description": null,
      "multiplicity": {
        "lower": 0,
        "upper": 1
      },
      "aggregationKind": "None",
      "isSensitiveData": null,
      "dependsOnAttribute": null
    },
    {
      "name": "_inactive",
      "type": "Boolean",
      "isSystem": true,
      "isReadOnly": false,
      "description": null,
      "multiplicity": {
        "lower": 1,
        "upper": 1
      },
      "aggregationKind": "None",
      "isSensitiveData": null,
      "dependsOnAttribute": null
    }
  ],
  "dataSource": "FileServer",
  "description": "",
  "dataBehaviours": [
    {
      "name": "Create",
      "type": "Create",
      "expression": " ",
      "description": ""
    },
    {
      "name": "Delete",
      "type": "Delete",
      "expression": " ",
      "description": ""
    },
    {
      "name": "Read",
      "type": "Read",
      "expression": " ",
      "description": ""
    },
    {
      "name": "ReadList",
      "type": "ReadList",
      "expression": "            var fileData = new List<IDictionary<string, object>>();\r\n\r\n            var httpClient = this._Context.CreateApplicationHttpClient();\r\n            var dataSourceResult = httpClient.GetAsync($\"{this._Context.Operation.DataSourceType}/Default/{this._Context.Operation.DataSource}\").Result;\r\n            FileServerDto fileServer = dataSourceResult.Content.ReadAsAsync<FileServerDto>().Result;\r\n            string[] files = Directory.GetFiles(fileServer.Folder).Select(Path.GetFileName).ToArray();\r\n\r\n            int minFileIndex = (page.Value - 1) * pageSize.Value;\r\n\r\n            var predictedIndex = page.Value * pageSize.Value;\r\n            int maxFileIndex = predictedIndex <= files.Length ? predictedIndex : files.Length;\r\n            \r\n            for (int i = minFileIndex; i < maxFileIndex; i++)\r\n                fileData.Add(new Dictionary<string, object>() { { \"_code\", files[i] } });\r\n            \r\n            return (fileData.Count, fileData);",
      "description": ""
    },
    {
      "name": "Update",
      "type": "Update",
      "expression": " ",
      "description": ""
    }
  ],
  "entityBehaviours": [],
  "behaviourNamespaces": [
    {
      "name": "SystemIO",
      "description": "",
      "executionLocation": "External",
      "fullyQualifiedName": "System.IO"
    },
    {
      "name": "SystemNetHttp",
      "description": "",
      "executionLocation": "External",
      "fullyQualifiedName": "System.Net.Http"
    }
  ]
}