{
  "name": "Application",
  "policies": [],
  "description": "Application authorization policy.",
  "permissions": [
    {
      "name": "Dashboard_Symptoms_WhatToDo_read",
      "roles": [
        "Administration",
        "Consult"
      ],
      "description": "Read permission for Dashboard_Symptoms_WhatToDo."
    },
    {
      "name": "DocumentVariablesDashboard_read",
      "roles": [
        "Administration"
      ],
      "description": "Read permission for DocumentVariablesDashboard."
    },
    {
      "name": "DocumentVariablesQuery_read",
      "roles": [
        "Administration",
        "Consult"
      ],
      "description": "Read permission for DocumentVariablesQuery."
    },
    {
      "name": "DocumentVariablesForm_read",
      "roles": [
        "Administration"
      ],
      "description": "Read permission for DocumentVariablesForm."
    },
    {
      "name": "DocumentVariables_read",
      "roles": [
        "Administration",
        "Consult"
      ],
      "description": "Read permission for DocumentVariables."
    },
    {
      "name": "DocumentVariables_write",
      "roles": [
        "Administration"
      ],
      "description": "Write permission for DocumentVariables."
    },
    {
      "name": "DocumentVariables_delete",
      "roles": [
        "Administration"
      ],
      "description": "Delete permission for DocumentVariables."
    },
    {
      "name": "DocumentVariables_destroy",
      "roles": [
        "Administration"
      ],
      "description": "Destroy Sensitive Data permission for DocumentVariables."
    },
    {
      "name": "CompanyNameDashboard_read",
      "roles": [
        "Administration"
      ],
      "description": "Read permission for CompanyNameDashboard."
    },
    {
      "name": "CompanyNameQuery_read",
      "roles": [
        "Administration"
      ],
      "description": "Read permission for CompanyNameQuery."
    },
    {
      "name": "CompanyNameForm_read",
      "roles": [
        "Administration"
      ],
      "description": "Read permission for CompanyNameForm."
    },
    {
      "name": "CompanyName_read",
      "roles": [
        "Administration"
      ],
      "description": "Read permission for CompanyName."
    },
    {
      "name": "CompanyName_write",
      "roles": [
        "Administration"
      ],
      "description": "Write permission for CompanyName."
    },
    {
      "name": "CompanyName_delete",
      "roles": [
        "Administration"
      ],
      "description": "Delete permission for CompanyName."
    },
    {
      "name": "CompanyName_destroy",
      "roles": [
        "Administration"
      ],
      "description": "Destroy Sensitive Data permission for CompanyName."
    },
    {
      "name": "System_read",
      "roles": [
        "Administration",
        "Consult"
      ],
      "description": "Read permission for System."
    },
    {
      "name": "System_write",
      "roles": [
        "Administration"
      ],
      "description": "Write permission for System."
    },
    {
      "name": "System_delete",
      "roles": [
        "Administration"
      ],
      "description": "Delete permission for System."
    },
    {
      "name": "System_destroy",
      "roles": [
        "Administration"
      ],
      "description": "Destroy Sensitive Data permission for System."
    },
    {
      "name": "Home_read",
      "roles": [
        "Administration",
        "Consult"
      ],
      "description": "Read permission for Home."
    },
    {
      "name": "BulletinsDashboard_read",
      "roles": [
        "Administration"
      ],
      "description": "Read permission for BulletinsDashboard."
    },
    {
      "name": "BulletinsQuery_read",
      "roles": [
        "Administration"
      ],
      "description": "Read permission for BulletinsQuery."
    },
    {
      "name": "BulletinsForm_read",
      "roles": [
        "Administration"
      ],
      "description": "Read permission for BulletinsForm."
    },
    {
      "name": "Bulletins_read",
      "roles": [
        "Administration"
      ],
      "description": "Read permission for Bulletins."
    },
    {
      "name": "Bulletins_write",
      "roles": [
        "Administration"
      ],
      "description": "Write permission for Bulletins."
    },
    {
      "name": "Bulletins_delete",
      "roles": [
        "Administration"
      ],
      "description": "Delete permission for Bulletins."
    },
    {
      "name": "Bulletins_destroy",
      "roles": [
        "Administration"
      ],
      "description": "Destroy Sensitive Data permission for Bulletins."
    },
    {
      "name": "BulletinsDownloadQuery_read",
      "roles": [
        "Administration"
      ],
      "description": "Read permission for BulletinsDownloadQuery."
    },
    {
      "name": "BulletinsLibrary_read",
      "roles": [
        "Administration"
      ],
      "description": "Read permission for BulletinsLibrary."
    },
    {
      "name": "BulletinsLibrary_write",
      "roles": [
        "Administration"
      ],
      "description": "Write permission for BulletinsLibrary."
    },
    {
      "name": "BulletinsLibrary_delete",
      "roles": [
        "Administration"
      ],
      "description": "Delete permission for BulletinsLibrary."
    },
    {
      "name": "BulletinsLibrary_destroy",
      "roles": [
        "Administration"
      ],
      "description": "Destroy Sensitive Data permission for BulletinsLibrary."
    },
    {
      "name": "BulletinsLibraryQuery_read",
      "roles": [
        "Administration",
        "Consult"
      ],
      "description": "Read permission for BulletinsLibraryQuery."
    },
    {
      "name": "DocumentsLibraryQuery_read",
      "roles": [
        "Administration",
        "Consult"
      ],
      "description": "Read permission for DocumentsLibraryQuery."
    },
    {
      "name": "Dashboard_UsefulLinks_read",
      "roles": [
        "Administration",
        "Consult"
      ],
      "description": "Read permission for Dashboard_UsefulLinks."
    },
    {
      "name": "Dashboard_PreventionMeasures_read",
      "roles": [
        "Administration",
        "Consult"
      ],
      "description": "Read permission for Dashboard_PreventionMeasures."
    },
    {
      "name": "Dashboard_HowToAssist_read",
      "roles": [
        "Administration",
        "Consult"
      ],
      "description": "Read permission for Dashboard_HowToAssist."
    },
    {
      "name": "Dashboard_Guidelines_read",
      "roles": [
        "Administration",
        "Consult"
      ],
      "description": "Read permission for Dashboard_Guidelines."
    },
    {
      "name": "Dashboard_Status_read",
      "roles": [
        "Administration",
        "Consult"
      ],
      "description": "Read permission for Dashboard_Status."
    }
  ]
}