{
  "name": "ProjectCategoryPercentageList",
  "type": "List",
  "label": "Project time consumed per category",
  "query": "ProjectCategoryPercentage",
  "elements": [
    {
      "row": 0,
      "name": "identifier",
      "size": 2,
      "type": "ListColumn",
      "label": "Project",
      "column": 1,
      "elements": [],
      "helpText": "",
      "isHidden": false,
      "attributes": [
        {
          "key": "formattingType",
          "value": "Text"
        }
      ],
      "behaviours": [],
      "description": null,
      "visibleFrom": "Mobile"
    },
    {
      "row": 0,
      "name": "category",
      "size": 2,
      "type": "ListColumn",
      "label": "Category",
      "column": 3,
      "elements": [],
      "helpText": "",
      "isHidden": false,
      "attributes": [
        {
          "key": "formattingType",
          "value": "Text"
        }
      ],
      "behaviours": [],
      "description": null,
      "visibleFrom": "Mobile"
    },
    {
      "row": 0,
      "name": "percentage",
      "size": 1,
      "type": "ListColumn",
      "label": "%",
      "column": 5,
      "elements": [],
      "helpText": "",
      "isHidden": false,
      "attributes": [
        {
          "key": "formattingType",
          "value": "Integer"
        }
      ],
      "behaviours": [],
      "description": null,
      "visibleFrom": "Mobile"
    }
  ],
  "helpText": "",
  "attributes": [
    {
      "key": "queryTableDefinition",
      "value": "Project"
    }
  ],
  "behaviours": [],
  "dataSource": "System",
  "description": ""
}