{
  "name": "ProjEstimationVsConsumptionList",
  "type": "List",
  "label": "Project Estimation vs Consumption",
  "query": "ProjectEstimationVsConsumption",
  "elements": [
    {
      "row": 0,
      "name": "identifier",
      "size": 2,
      "type": "ListColumn",
      "label": "Project",
      "column": 1,
      "elements": [],
      "helpText": "",
      "isHidden": false,
      "attributes": [
        {
          "key": "formattingType",
          "value": "Text"
        }
      ],
      "behaviours": [],
      "description": null,
      "visibleFrom": "Mobile"
    },
    {
      "row": 0,
      "name": "planned",
      "size": 1,
      "type": "ListColumn",
      "label": "Planned",
      "column": 3,
      "elements": [],
      "helpText": "Planned hours",
      "isHidden": false,
      "attributes": [
        {
          "key": "formattingType",
          "value": "Decimal"
        }
      ],
      "behaviours": [],
      "description": null,
      "visibleFrom": "Mobile"
    },
    {
      "row": 0,
      "name": "consumed",
      "size": 1,
      "type": "ListColumn",
      "label": "Consumed",
      "column": 5,
      "elements": [],
      "helpText": "",
      "isHidden": false,
      "attributes": [
        {
          "key": "formattingType",
          "value": "Decimal"
        }
      ],
      "behaviours": [],
      "description": null,
      "visibleFrom": "Mobile"
    },
    {
      "row": 0,
      "name": "consumedPercentage",
      "size": 1,
      "type": "ListColumn",
      "label": "%",
      "column": 6,
      "elements": [],
      "helpText": "Percentage of consumed hours",
      "isHidden": false,
      "attributes": [
        {
          "key": "formattingType",
          "value": "Integer"
        }
      ],
      "behaviours": [],
      "description": null,
      "visibleFrom": "Mobile"
    }
  ],
  "helpText": "",
  "attributes": [
    {
      "key": "queryTableDefinition",
      "value": "Project"
    }
  ],
  "behaviours": [],
  "dataSource": "System",
  "description": ""
}