{
  "name": "TimesheetList",
  "type": "List",
  "label": "Timesheet",
  "query": "TimesheetQuery",
  "elements": [
    {
      "row": 0,
      "name": "_code",
      "size": 1,
      "type": "ListColumn",
      "label": "Code",
      "column": 1,
      "elements": [],
      "helpText": null,
      "isHidden": false,
      "attributes": [
        {
          "key": "formattingType",
          "value": "Text"
        }
      ],
      "behaviours": [],
      "description": null,
      "visibleFrom": null
    },
    {
      "row": 0,
      "name": "_serie",
      "size": 3,
      "type": "ListColumn",
      "label": "Serie",
      "column": 4,
      "elements": [],
      "helpText": null,
      "isHidden": true,
      "attributes": [
        {
          "key": "formattingType",
          "value": "Text"
        }
      ],
      "behaviours": [],
      "description": null,
      "visibleFrom": null
    },
    {
      "row": 0,
      "name": "_number",
      "size": 3,
      "type": "ListColumn",
      "label": "Number",
      "column": 7,
      "elements": [],
      "helpText": null,
      "isHidden": true,
      "attributes": [
        {
          "key": "formattingType",
          "value": "Integer"
        }
      ],
      "behaviours": [],
      "description": null,
      "visibleFrom": null
    },
    {
      "row": 0,
      "name": "Project",
      "size": 2,
      "type": "ListColumn",
      "label": "Project",
      "column": 2,
      "elements": [],
      "helpText": "",
      "isHidden": false,
      "attributes": [
        {
          "key": "formattingType",
          "value": "Text"
        }
      ],
      "behaviours": [],
      "description": null,
      "visibleFrom": "Mobile"
    },
    {
      "row": 0,
      "name": "WorkDate",
      "size": 2,
      "type": "ListColumn",
      "label": "Work Date",
      "column": 8,
      "elements": [],
      "helpText": "",
      "isHidden": false,
      "attributes": [
        {
          "key": "formattingType",
          "value": "Date"
        }
      ],
      "behaviours": [],
      "description": null,
      "visibleFrom": "Mobile"
    },
    {
      "row": 0,
      "name": "Author",
      "size": 2,
      "type": "ListColumn",
      "label": "Team Player",
      "column": 5,
      "elements": [],
      "helpText": "",
      "isHidden": false,
      "attributes": [
        {
          "key": "formattingType",
          "value": "Text"
        }
      ],
      "behaviours": [],
      "description": null,
      "visibleFrom": "Mobile"
    }
  ],
  "helpText": null,
  "attributes": [
    {
      "key": "queryTableDefinition",
      "value": "Timesheet"
    }
  ],
  "behaviours": [],
  "dataSource": "System",
  "description": null
}