{
  "name": "TimesheetForm",
  "type": "Form",
  "label": "Timesheet",
  "entity": "Timesheet",
  "elements": [
    {
      "row": 1,
      "name": "_serie",
      "size": 4,
      "type": "ReferenceSelector",
      "label": "Serie",
      "column": 1,
      "elements": [],
      "helpText": null,
      "isHidden": false,
      "attributes": [
        {
          "key": "aggregationKind",
          "value": "Shared"
        },
        {
          "key": "isReadOnly",
          "value": "true"
        },
        {
          "key": "max",
          "value": "1"
        },
        {
          "key": "min",
          "value": "1"
        },
        {
          "key": "definition",
          "value": "TimesheetSerie"
        }
      ],
      "behaviours": [],
      "description": null,
      "visibleFrom": null
    },
    {
      "row": 1,
      "name": "_number",
      "size": 4,
      "type": "Input",
      "label": "Number",
      "column": 5,
      "elements": [],
      "helpText": null,
      "isHidden": false,
      "attributes": [
        {
          "key": "aggregationKind",
          "value": "None"
        },
        {
          "key": "isReadOnly",
          "value": "true"
        },
        {
          "key": "max",
          "value": "1"
        },
        {
          "key": "min",
          "value": "0"
        },
        {
          "key": "formattingType",
          "value": "Integer"
        },
        {
          "key": "isSensitiveData",
          "value": "false"
        }
      ],
      "behaviours": [],
      "description": null,
      "visibleFrom": null
    },
    {
      "row": 1,
      "name": "_date",
      "size": 4,
      "type": "Input",
      "label": "Date",
      "column": 9,
      "elements": [],
      "helpText": null,
      "isHidden": false,
      "attributes": [
        {
          "key": "aggregationKind",
          "value": "None"
        },
        {
          "key": "isReadOnly",
          "value": "true"
        },
        {
          "key": "max",
          "value": "1"
        },
        {
          "key": "min",
          "value": "1"
        },
        {
          "key": "formattingType",
          "value": "Date"
        },
        {
          "key": "isSensitiveData",
          "value": "false"
        }
      ],
      "behaviours": [],
      "description": null,
      "visibleFrom": null
    },
    {
      "row": 3,
      "name": "WorkDate",
      "size": 4,
      "type": "Input",
      "label": "Work Date",
      "column": 1,
      "elements": [],
      "helpText": null,
      "isHidden": false,
      "attributes": [
        {
          "key": "aggregationKind",
          "value": "None"
        },
        {
          "key": "isReadOnly",
          "value": "false"
        },
        {
          "key": "max",
          "value": "1"
        },
        {
          "key": "min",
          "value": "1"
        },
        {
          "key": "formattingType",
          "value": "Date"
        },
        {
          "key": "isSensitiveData",
          "value": "false"
        }
      ],
      "behaviours": [],
      "description": null,
      "visibleFrom": null
    },
    {
      "row": 3,
      "name": "Project",
      "size": 4,
      "type": "ReferenceSelector",
      "label": "Project",
      "column": 5,
      "elements": [],
      "helpText": null,
      "isHidden": false,
      "attributes": [
        {
          "key": "aggregationKind",
          "value": "Shared"
        },
        {
          "key": "isReadOnly",
          "value": "false"
        },
        {
          "key": "max",
          "value": "1"
        },
        {
          "key": "min",
          "value": "1"
        },
        {
          "key": "definition",
          "value": "Project"
        }
      ],
      "behaviours": [],
      "description": null,
      "visibleFrom": null
    },
    {
      "row": 3,
      "name": "Customer",
      "size": 4,
      "type": "ReferenceSelector",
      "label": "Customer",
      "column": 9,
      "elements": [],
      "helpText": null,
      "isHidden": false,
      "attributes": [
        {
          "key": "aggregationKind",
          "value": "Shared"
        },
        {
          "key": "isReadOnly",
          "value": "true"
        },
        {
          "key": "max",
          "value": "1"
        },
        {
          "key": "min",
          "value": "1"
        },
        {
          "key": "definition",
          "value": "Customer"
        }
      ],
      "behaviours": [],
      "description": null,
      "visibleFrom": null
    },
    {
      "row": 6,
      "name": "LaborRecords",
      "size": 12,
      "type": "List",
      "label": "Labor Records",
      "column": 1,
      "elements": [
        {
          "row": 1,
          "name": "_quantity",
          "size": 2,
          "type": "Input",
          "label": "Quantity",
          "column": 7,
          "elements": [],
          "helpText": null,
          "isHidden": false,
          "attributes": [
            {
              "key": "aggregationKind",
              "value": "None"
            },
            {
              "key": "isReadOnly",
              "value": "true"
            },
            {
              "key": "max",
              "value": "1"
            },
            {
              "key": "min",
              "value": "1"
            },
            {
              "key": "formattingType",
              "value": "Decimal"
            },
            {
              "key": "isSensitiveData",
              "value": "false"
            }
          ],
          "behaviours": [],
          "description": null,
          "visibleFrom": null
        },
        {
          "row": 1,
          "name": "Category",
          "size": 2,
          "type": "ReferenceSelector",
          "label": "Category",
          "column": 1,
          "elements": [],
          "helpText": null,
          "isHidden": false,
          "attributes": [
            {
              "key": "aggregationKind",
              "value": "Shared"
            },
            {
              "key": "isReadOnly",
              "value": "false"
            },
            {
              "key": "max",
              "value": "1"
            },
            {
              "key": "min",
              "value": "1"
            },
            {
              "key": "definition",
              "value": "Category"
            }
          ],
          "behaviours": [],
          "description": null,
          "visibleFrom": null
        },
        {
          "row": 1,
          "name": "BeginTimePicker",
          "size": 2,
          "type": "WebComponent",
          "label": "Begin Time",
          "column": 3,
          "elements": [],
          "helpText": "",
          "isHidden": false,
          "attributes": [
            {
              "key": "webComponentName",
              "value": "TimePicker"
            },
            {
              "key": "customElementName",
              "value": "omnia-time-picker"
            },
            {
              "key": "mapping",
              "value": "BeginTime"
            }
          ],
          "behaviours": [],
          "description": null,
          "visibleFrom": "Mobile"
        },
        {
          "row": 1,
          "name": "EndTimePicker",
          "size": 2,
          "type": "WebComponent",
          "label": "End Time",
          "column": 5,
          "elements": [],
          "helpText": "",
          "isHidden": false,
          "attributes": [
            {
              "key": "webComponentName",
              "value": "TimePicker"
            },
            {
              "key": "customElementName",
              "value": "omnia-time-picker"
            },
            {
              "key": "mapping",
              "value": "EndTime"
            }
          ],
          "behaviours": [],
          "description": null,
          "visibleFrom": "Mobile"
        },
        {
          "row": 1,
          "name": "Notes",
          "size": 4,
          "type": "Input",
          "label": "Notes",
          "column": 7,
          "elements": [],
          "helpText": "",
          "isHidden": false,
          "attributes": [
            {
              "key": "aggregationKind",
              "value": "None"
            },
            {
              "key": "isReadOnly",
              "value": "false"
            },
            {
              "key": "max",
              "value": "1"
            },
            {
              "key": "min",
              "value": "0"
            },
            {
              "key": "formattingType",
              "value": "Text"
            },
            {
              "key": "isSensitiveData",
              "value": "false"
            }
          ],
          "behaviours": [],
          "description": null,
          "visibleFrom": "Mobile"
        }
      ],
      "helpText": null,
      "isHidden": false,
      "attributes": [
        {
          "key": "aggregationKind",
          "value": "Composite"
        },
        {
          "key": "isReadOnly",
          "value": "false"
        },
        {
          "key": "max",
          "value": "100"
        },
        {
          "key": "min",
          "value": "0"
        },
        {
          "key": "definition",
          "value": "ExecutedLabor"
        },
        {
          "key": "isEditable",
          "value": "true"
        }
      ],
      "behaviours": [],
      "description": null,
      "visibleFrom": null
    },
    {
      "row": 10,
      "name": "TotalLabor",
      "size": 3,
      "type": "Input",
      "label": "Total Labor",
      "column": 10,
      "elements": [],
      "helpText": null,
      "isHidden": false,
      "attributes": [
        {
          "key": "aggregationKind",
          "value": "None"
        },
        {
          "key": "isReadOnly",
          "value": "true"
        },
        {
          "key": "max",
          "value": "1"
        },
        {
          "key": "min",
          "value": "1"
        },
        {
          "key": "formattingType",
          "value": "Decimal"
        },
        {
          "key": "isSensitiveData",
          "value": "false"
        }
      ],
      "behaviours": [],
      "description": null,
      "visibleFrom": null
    }
  ],
  "helpText": null,
  "attributes": [],
  "behaviours": [],
  "dataSource": "System",
  "description": null
}